seed,elapsed_C0,physical_forward_C0,corrector_forward_C0,corrector_skip_rate_C0,energy_above_hull_C0,stable_C0,NUS_C0,composition_valid_C0,basic_structure_valid_C0,novel_C0,unique_C0,relax_converged_C0,elapsed_A0,physical_forward_A0,corrector_forward_A0,corrector_skip_rate_A0,energy_above_hull_A0,stable_A0,NUS_A0,composition_valid_A0,basic_structure_valid_A0,novel_A0,unique_A0,relax_converged_A0,elapsed_G3,physical_forward_G3,corrector_forward_G3,corrector_skip_rate_G3,energy_above_hull_G3,stable_G3,NUS_G3,composition_valid_G3,basic_structure_valid_G3,novel_G3,unique_G3,relax_converged_G3,A0_minus_C0_ehull,G3_minus_A0_ehull,A0_over_G3_speed_ratio,G3_minus_A0_elapsed
20000,190.20634076400893,2000,1000,0.0,0.0902261836684381,True,True,True,True,True,True,True,192.64122914499603,2000,1000,0.0,0.0641999533062112,True,True,True,True,True,True,True,104.74871615599841,1314,314,0.686,0.358818151482744,False,False,False,True,True,True,True,-0.0260262303622269,0.2946181981765328,1.8390796203946074,-87.89251298899762
20001,232.1235256640066,2000,1000,0.0,0.0897128441543548,True,True,True,True,True,True,True,229.25800372299273,2000,1000,0.0,0.1584389557747414,False,False,False,True,True,True,True,156.89474855101435,1280,280,0.72,0.172914716698294,False,False,False,True,True,True,True,0.0687261116203866,0.0144757609235526,1.4612216523515411,-72.36325517197838
20002,206.7631555100088,2000,1000,0.0,0.1431204313383203,False,False,True,True,True,True,True,212.35075284499908,2000,1000,0.0,0.0111244541042472,True,False,True,True,False,True,True,142.58853979798732,1304,304,0.696,0.0736636923191689,True,False,True,True,False,True,True,-0.1319959772340731,0.0625392382149217,1.4892553998087612,-69.76221304701176
20003,192.61827927199192,2000,1000,0.0,0.0752710532851193,True,True,True,True,True,True,True,203.38631592300953,2000,1000,0.0,0.1496501024843315,False,False,True,True,True,True,True,130.6631139079982,1287,287,0.713,0.0130063847419279,True,False,True,True,False,True,True,0.0743790491992122,-0.1366437177424036,1.5565702503172916,-72.72320201501134
20004,217.88497692899546,2000,1000,0.0,0.0780081954853182,True,False,True,True,False,True,True,216.0428033740027,2000,1000,0.0,0.0781356248516917,True,False,True,True,False,True,True,145.6293982329953,1309,309,0.691,0.061444140399451,True,False,True,True,False,True,True,0.00012742936637349933,-0.016691484452240703,1.4835109256466996,-70.41340514100739
20005,194.22116835601628,2000,1000,0.0,0.0189429135529426,True,True,True,True,True,True,True,196.46205211200868,2000,1000,0.0,0.0359248765666961,True,False,True,True,False,True,True,133.55678789701778,1298,298,0.702,0.2227903465191225,False,False,True,True,True,True,True,0.0169819630137535,0.1868654699524264,1.4710001281514462,-62.90526421499089
20006,221.7580832420208,2000,1000,0.0,0.2069945128914438,False,False,True,True,True,True,True,228.3167214699788,2000,1000,0.0,0.1771744495867864,False,False,True,True,True,True,True,147.83288019301835,1272,272,0.728,0.2165108939495983,False,False,True,True,False,True,True,-0.02982006330465739,0.03933644436281189,1.5444244959029176,-80.48384127696045
20007,218.83414414298022,2000,1000,0.0,0.1425497917491966,False,False,True,True,True,True,True,196.79512406198774,2000,1000,0.0,0.0857616923582789,True,True,True,True,True,True,True,149.93066377399373,1266,266,0.734,0.0959487066201614,True,True,True,True,True,True,True,-0.05678809939091771,0.01018701426188251,1.312574220031719,-46.86446028799401
20008,190.15985228400677,2000,1000,0.0,0.0960832968929175,True,True,True,True,True,True,True,193.19087026300258,2000,1000,0.0,0.1560061582065914,False,False,True,True,True,True,True,122.43030622700462,1307,307,0.693,0.0817324735522353,True,False,True,True,False,True,True,0.059922861313673886,-0.07427368465435609,1.5779660789608496,-70.76056403599796
20009,231.0591548079974,2000,1000,0.0,0.0609867317881445,True,False,True,True,False,True,True,230.85995803499827,2000,1000,0.0,0.0460779337887125,True,True,True,True,True,True,True,154.77245219098404,1279,279,0.721,0.0933842385106462,True,False,True,True,False,True,True,-0.014908797999432004,0.0473063047219337,1.4916088410237551,-76.08750584401423
20010,209.21645012698718,2000,1000,0.0,0.0691661553741376,True,False,True,True,False,True,True,208.9092129720084,2000,1000,0.0,0.1919879846777519,False,False,True,True,True,True,True,143.23794279899448,1309,309,0.691,0.1448066263003582,False,False,False,True,True,True,True,0.12282182930361431,-0.047181358377393706,1.4584767757043975,-65.67127017301391
20011,178.66376485000364,2000,1000,0.0,0.5283094275102513,False,False,True,True,True,True,True,204.17215828498593,2000,1000,0.0,0.0988846467171047,True,False,False,True,False,True,True,136.50877179499366,1306,306,0.694,0.0914867804369361,True,False,True,True,False,True,True,-0.4294247807931466,-0.0073978662801686,1.4956706122270873,-67.66338648999226
20012,216.3401194740145,2000,1000,0.0,0.0450518153146726,True,True,True,True,True,True,True,217.1177980079956,2000,1000,0.0,0.0325475734433222,True,True,True,True,True,True,True,143.34761940702447,1283,283,0.717,0.1008008050110369,False,False,True,True,False,True,True,-0.0125042418713504,0.0682532315677147,1.51462437190189,-73.77017860097112
20013,193.41256360101397,2000,1000,0.0,0.2419778693952903,False,False,True,True,True,True,True,196.54256413297844,2000,1000,0.0,0.0126198015257426,True,False,True,True,False,True,True,133.16938152498915,1290,290,0.71,0.0614670580577705,True,False,True,True,False,True,True,-0.2293580678695477,0.0488472565320279,1.4758840349205748,-63.37318260798929
20014,220.2664427740092,2000,1000,0.0,0.1723977509514984,False,False,True,True,False,True,True,226.26159965898842,2000,1000,0.0,0.1648722837318441,False,False,True,True,True,True,True,145.4329200789798,1272,272,0.728,0.2639303623745679,False,False,True,True,True,True,True,-0.007525467219654303,0.09905807864272381,1.5557798023728961,-80.82867958000861
20015,219.05412889600848,2000,1000,0.0,0.1572957255224878,False,False,True,True,True,True,True,215.82999657900655,2000,1000,0.0,0.2237940682278534,False,False,True,True,True,True,True,147.46898326501832,1271,271,0.729,0.1698385558034605,False,False,True,True,True,True,True,0.06649834270536559,-0.05395551242439289,1.4635619762234056,-68.36101331398822
20016,191.93936372100143,2000,1000,0.0,0.0743101275304258,True,False,True,True,False,True,True,190.42488918299205,2000,1000,0.0,0.0080971137355749,True,True,False,True,True,True,True,121.44806844499544,1281,281,0.719,0.0328394945212604,True,False,True,True,False,True,True,-0.06621301379485091,0.0247423807856855,1.567953213428311,-68.9768207379966
20017,227.97667136101518,2000,1000,0.0,0.2402373117335274,False,False,False,True,True,True,True,228.92581354698632,2000,1000,0.0,0.2735483266186547,False,False,True,True,True,True,True,152.95915640401654,1279,279,0.721,0.2906474158595529,False,False,True,True,True,True,True,0.033311014885127305,0.017099089240898202,1.4966466796032551,-75.96665714296978
20018,207.8666634859983,2000,1000,0.0,0.1833910857452103,False,False,True,True,True,True,True,205.74186401200132,2000,1000,0.0,0.2147599047053869,False,False,True,True,True,True,True,140.13121359300567,1274,274,0.726,0.1743068144718762,False,False,True,True,True,True,True,0.0313688189601766,-0.04045309023351068,1.468208679113805,-65.61065041899565
20019,198.34785571097746,2000,1000,0.0,0.0814157817596701,True,False,True,True,False,True,True,205.0373559529835,2000,1000,0.0,0.0986712215179697,True,False,True,True,False,True,True,134.13363705700613,1304,304,0.696,0.2212718962537696,False,False,True,True,True,True,False,0.0172554397582996,0.12260067473579991,1.5286050572522956,-70.90371889597736
20020,209.3843307249772,2000,1000,0.0,0.2463700198596399,False,False,True,True,True,True,True,214.61858212098014,2000,1000,0.0,0.2643647606838675,False,False,True,True,True,True,True,142.31732733300305,1284,284,0.716,0.164147512484444,False,False,True,True,True,True,True,0.017994740824227584,-0.10021724819942349,1.5080284751188593,-72.30125478797709
20021,193.29963731599855,2000,1000,0.0,0.3415829041522125,False,False,True,True,True,True,True,196.19661453200388,2000,1000,0.0,0.2841967059591219,False,False,True,True,True,True,True,128.59785356500652,1291,291,0.709,0.2827114687753003,False,False,True,True,True,True,True,-0.0573861981930906,-0.0014852371838215972,1.525660103127818,-67.59876096699736
20022,224.19343823299278,2000,1000,0.0,0.0465386254768738,True,True,True,True,True,True,True,226.99619332698057,2000,1000,0.0,0.0943341089662297,True,False,True,True,False,True,True,149.93159585198737,1304,304,0.696,0.3749450027570109,False,False,True,True,True,True,True,0.047795483489355896,0.28061089379078125,1.5139983806420059,-77.0645974749932
20023,220.1123430939915,2000,1000,0.0,0.2834108117933258,False,False,True,True,True,True,True,216.71776453001075,2000,1000,0.0,0.2833642607797006,False,False,True,True,True,True,True,149.92121441601194,1287,287,0.713,0.3045628726107345,False,False,True,True,True,True,True,-4.655101362516234e-05,0.021198611831033887,1.4455443505723415,-66.79655011399882
20024,193.0693412819819,2000,1000,0.0,0.1140524158530063,False,False,True,True,True,True,True,193.08370996100712,2000,1000,0.0,0.0860560080941699,True,False,True,True,False,True,True,122.7569167620095,1293,293,0.707,0.074383486375801,True,True,True,True,True,True,True,-0.027996407758836397,-0.011672521718368897,1.5728947504875928,-70.32679319899762
20025,227.7374420420092,2000,1000,0.0,0.2356333728898345,False,False,True,True,True,True,True,223.7507333009853,2000,1000,0.0,0.2185452559434448,False,False,True,True,True,True,False,153.70848503199522,1282,282,0.718,0.2339798524311334,False,False,True,True,True,True,True,-0.017088116946389703,0.015434596487688607,1.4556823798921081,-70.04224826899008
20026,205.8571412129968,2000,1000,0.0,0.1799265420256981,False,False,True,True,True,True,True,212.77751173099387,2000,1000,0.0,0.3653252699582285,False,False,True,True,True,True,True,141.0995144250046,1298,298,0.702,0.3154880409749703,False,False,True,True,True,True,False,0.1853987279325304,-0.04983722898325821,1.5079960593633839,-71.67799730598927
20027,197.1377005809918,2000,1000,0.0,0.3493699732406785,False,False,True,True,True,True,True,203.2289374730026,2000,1000,0.0,0.0026293965215833,True,True,True,True,True,True,True,133.79565899801673,1291,291,0.709,0.0237072393745254,True,True,True,True,True,True,True,-0.3467405767190952,0.0210778428529421,1.518950158734336,-69.43327847498585
20028,207.49104717498994,2000,1000,0.0,0.1760947998455613,False,False,True,True,True,True,True,211.8358654009935,2000,1000,0.0,0.2191532244699843,False,False,True,True,True,True,True,141.09007378999377,1273,273,0.727,0.2959886999254131,False,False,True,True,True,True,False,0.043058424624423,0.07683547545542879,1.5014228833440237,-70.74579161099973
20029,192.94374229299137,2000,1000,0.0,0.1149553870731008,False,False,True,True,False,True,True,191.13180606698734,2000,1000,0.0,0.4983076298651152,False,False,True,True,True,True,True,130.69416868197732,1280,280,0.72,0.0351684992636975,True,False,True,True,False,True,True,0.3833522427920144,-0.46313913060141765,1.4624356082181067,-60.43763738501002
20030,223.69445718399948,2000,1000,0.0,0.2199011484826565,False,False,True,True,True,True,True,228.60996590100694,2000,1000,0.0,0.0514883956999154,True,True,True,True,True,True,True,150.19399727799464,1278,278,0.722,0.1295344958006801,False,False,True,True,True,True,True,-0.1684127527827411,0.07804610010076471,1.522097887027215,-78.4159686230123
20031,209.97597890999168,2000,1000,0.0,0.0512308426533518,True,False,True,True,False,True,True,217.65641515600146,2000,1000,0.0,0.0834091571104451,True,True,False,True,True,True,True,152.05189732802683,1325,325,0.675,0.0284506468921401,True,False,True,True,False,True,True,0.03217831445709329,-0.054958510218304994,1.4314613561608096,-65.60451782797463
20032,194.16646359598963,2000,1000,0.0,0.2287500897880274,False,False,True,True,True,True,True,248.55710261399508,2000,1000,0.0,0.3099034136475449,False,False,True,True,True,True,True,197.94902413600357,1304,304,0.696,0.3116946162050613,False,False,True,True,True,True,True,0.08115332385951751,0.0017912025575163582,1.2556621771634526,-50.60807847799151
20033,195.17513749399222,2000,1000,0.0,0.078663251060167,True,True,False,True,True,True,True,175.45316750000347,2000,1000,0.0,0.078663251060167,True,True,False,True,True,True,True,129.4647973520041,1302,302,0.698,0.0790189176833768,True,False,False,True,False,True,True,0.0,0.0003556666232097938,1.355219110434791,-45.988370147999376
20034,198.45592101098737,2000,1000,0.0,0.0714851885005352,True,True,True,True,True,True,True,201.10708032298135,2000,1000,0.0,0.0828972368403775,True,True,True,True,True,True,True,120.32267191700521,1280,280,0.72,0.0053925218745582,True,False,True,True,False,True,True,0.011412048339842301,-0.0775047149658193,1.6713980592261006,-80.78440840597614
20035,192.70494289099588,2000,1000,0.0,0.0479301771735043,True,True,True,True,True,True,True,200.2720601640176,2000,1000,0.0,0.0734707089649688,True,True,True,True,True,True,True,113.6029154380085,1283,283,0.717,0.0136093864699322,True,True,True,True,True,True,True,0.025540531791464496,-0.0598613224950366,1.7629130325735631,-86.66914472600911
20036,190.96059067599708,2000,1000,0.0,0.0961724169687521,True,True,True,True,True,True,True,195.8784462340118,2000,1000,0.0,0.0306759164252721,True,False,True,True,False,True,True,130.23381051397882,1284,284,0.716,0.0610557633657808,True,False,True,True,False,True,True,-0.06549650054348,0.0303798469405087,1.5040521770879682,-65.64463572003297
20037,202.8123351649847,2000,1000,0.0,0.1026759446905991,False,False,True,True,True,True,True,207.00122269499116,2000,1000,0.0,0.1066791168111489,False,False,True,True,True,True,True,139.43555589197786,1303,303,0.697,0.2291052863766669,False,False,True,True,True,True,True,0.0040031721205498055,0.12242616956551801,1.4845655498039332,-67.5656668030133
20038,210.1142196749861,2000,1000,0.0,0.2634726083547978,False,False,True,True,True,True,True,215.82047715599765,2000,1000,0.0,0.1495058470026418,False,False,True,True,False,True,True,146.6375731920125,1293,293,0.707,0.2767740811170567,False,False,False,True,True,True,True,-0.113966761352156,0.1272682341144149,1.471795205403424,-69.18290396398515
20039,196.9234306620201,2000,1000,0.0,0.1039570493890771,False,False,True,True,True,True,True,201.14582502498524,2000,1000,0.0,0.1733902559748692,False,False,True,True,True,True,True,134.81181517301593,1277,277,0.723,0.1552901073495078,False,False,True,True,True,True,True,0.0694332065857921,-0.018100148625361412,1.4920489332988878,-66.33400985196931
20040,223.70289688801859,2000,1000,0.0,0.1121775193653968,False,False,True,True,False,True,True,284.89424678700743,2000,1000,0.0,0.0244505836674608,True,False,True,True,False,True,True,198.26819368597353,1302,302,0.698,0.1272020887515061,False,False,True,True,True,True,True,-0.08772693569793599,0.10275150508404529,1.4369135134112148,-86.6260531010339
20041,193.74439549900126,2000,1000,0.0,0.0712265791725386,True,True,True,True,True,True,True,194.96583002098487,2000,1000,0.0,0.0949399070266681,True,False,True,True,False,True,True,125.22593633300858,1277,277,0.723,0.0732204629642812,True,False,True,True,False,True,True,0.023713327854129496,-0.021719444062386906,1.5569125352955608,-69.73989368797629
20042,196.44465881597716,2000,1000,0.0,0.0520995129189749,True,True,True,True,True,True,True,203.0046240950178,2000,1000,0.0,0.0869123132050511,True,True,False,True,True,True,True,131.62486625497695,1297,297,0.703,0.0761148899840957,True,False,True,True,False,True,True,0.03481280028607621,-0.010797423220955407,1.542296906891192,-71.37975784004084
20043,197.62651195999933,2000,1000,0.0,0.2789237232923724,False,False,True,True,True,True,True,200.7627445529797,2000,1000,0.0,0.1211742408215226,False,False,True,True,True,True,True,129.78454982599942,1296,296,0.704,0.2225068929464155,False,False,True,True,True,True,True,-0.1577494824708498,0.10133265212489291,1.5468924831356268,-70.97819472698029
20044,191.39749355198,2000,1000,0.0,0.0267232423862981,True,True,True,True,True,True,True,196.65694344599615,2000,1000,0.0,0.047495387598329,True,False,True,True,False,True,True,129.64279998501297,1287,287,0.713,0.1257878166334656,False,False,True,True,True,True,True,0.0207721452120309,0.07829242903513661,1.5169137311808305,-67.01414346098318
20045,200.8368735559925,2000,1000,0.0,0.0744431265480205,True,True,True,True,True,True,True,208.09096882300219,2000,1000,0.0,0.1556974600906073,False,False,True,True,True,True,True,136.76299458899302,1276,276,0.724,0.0823639316847533,True,True,True,True,True,True,True,0.0812543335425868,-0.07333352840585401,1.521544402039218,-71.32797423400916
20046,211.53510262799682,2000,1000,0.0,0.0486813616364898,True,True,True,True,True,True,True,223.03657089700573,2000,1000,0.0,0.2125601811014839,False,False,True,True,True,True,True,145.65768988098716,1280,280,0.72,0.0820816608055317,True,False,True,True,False,True,True,0.1638788194649941,-0.1304785202959522,1.5312378706489351,-77.37888101601857
20047,198.12638424601755,2000,1000,0.0,0.0517357776098599,True,False,True,True,False,True,True,204.25011148600606,2000,1000,0.0,0.1046360129906442,False,False,True,True,True,True,True,135.4830687159847,1272,272,0.728,0.0685139190363575,True,False,True,True,False,True,True,0.052900235380784304,-0.0361220939542867,1.5075692735760127,-68.76704277002136
20048,224.03426975698676,2000,1000,0.0,0.0771980840407629,True,True,True,True,True,True,True,282.863191173994,2000,1000,0.0,0.1006830725813596,False,False,True,True,False,True,True,193.69799050298752,1279,279,0.721,0.356252485635439,False,False,False,True,True,True,True,0.023484988540596705,0.2555694130540794,1.4603310568140933,-89.16520067100646
20049,195.2181205159868,2000,1000,0.0,0.0685864423540163,True,True,True,True,True,True,True,193.35594525001943,2000,1000,0.0,0.0903542305357021,True,True,False,True,True,True,True,115.09051072699367,1294,294,0.706,0.188551464297161,False,False,True,True,True,True,True,0.0217677881816858,0.09819723376145889,1.6800337754055092,-78.26543452302576
20050,197.04005619700183,2000,1000,0.0,0.2344146517429362,False,False,True,True,True,True,True,203.27955014200415,2000,1000,0.0,0.187848395960799,False,False,True,True,True,True,True,133.28118665798684,1313,313,0.687,0.1220600872508015,False,False,True,True,True,True,True,-0.04656625578213719,-0.0657883087099975,1.5251931291971483,-69.99836348401732
20051,197.5544794940215,2000,1000,0.0,0.1414479856019763,False,False,True,True,True,True,True,199.55761423398508,2000,1000,0.0,0.0996569762814125,True,True,False,True,True,True,True,129.00087367399829,1293,293,0.707,0.0904183377401004,True,True,True,True,True,True,True,-0.0417910093205638,-0.0092386385413121,1.5469477729142571,-70.55674055998679
20052,191.39538811298553,2000,1000,0.0,0.1138258993472378,False,False,False,True,True,True,True,192.44127380399732,2000,1000,0.0,0.3167685357757994,False,False,True,True,True,True,True,128.7430714390066,1277,277,0.723,0.1947956013105631,False,False,True,True,True,True,True,0.20294263642856158,-0.1219729344652363,1.494769944922189,-63.69820236499072
20053,200.68700161000015,2000,1000,0.0,0.1288584642515058,False,False,True,True,False,True,True,207.46077410300495,2000,1000,0.0,0.0454866456203619,True,False,True,True,False,True,True,139.48436710899114,1279,279,0.721,0.0671198503932757,True,True,True,True,True,True,True,-0.0833718186311439,0.0216332047729138,1.4873406848589563,-67.97640699401381
20054,215.03022891300498,2000,1000,0.0,0.02120356159595,True,False,True,True,False,True,True,223.1651612019923,2000,1000,0.0,0.0211922904370958,True,False,True,True,False,True,True,148.49082466799882,1293,293,0.707,0.2154242967779094,False,False,True,True,True,True,True,-1.1271158854200825e-05,0.19423200634081358,1.5028885569256758,-74.67433653399348
20055,196.8251675190113,2000,1000,0.0,0.1931972005406752,False,False,True,True,True,True,True,203.69638056200347,2000,1000,0.0,0.0384950061749425,True,False,True,True,False,True,True,135.3636036120006,1273,273,0.727,0.0457865244182293,True,True,True,True,True,True,True,-0.1547021943657327,0.007291518243286797,1.5048090855047602,-68.33277695000288
20056,224.81677727602073,2000,1000,0.0,0.07324393976746,True,False,True,True,False,True,True,285.9231640979997,2000,1000,0.0,0.228655367519476,False,False,True,True,False,True,True,198.09124431197415,1288,288,0.712,0.0602179251996197,True,False,False,True,False,True,True,0.155411427752016,-0.1684374423198563,1.443391226558701,-87.83191978602554
20057,193.8749801569793,2000,1000,0.0,0.0760409548619698,True,False,True,True,False,False,True,193.89879128299071,2000,1000,0.0,0.0327813666203908,True,False,True,True,False,True,True,127.60283004899975,1281,281,0.719,0.0695017454961242,True,False,True,True,False,True,True,-0.043259588241578995,0.0367203788757334,1.5195493015988217,-66.29596123399097
20058,179.69712427500053,2000,1000,0.0,0.3334686232246504,False,False,True,True,True,True,True,204.35245240700897,2000,1000,0.0,0.0412095380938861,True,False,True,True,False,True,True,132.0025097390171,1284,284,0.716,0.0478383131689206,True,False,True,True,False,True,True,-0.29225908513076426,0.006628775075034503,1.5480952052429557,-72.34994266799185
20059,194.71490335199633,2000,1000,0.0,0.0646492996283516,True,True,True,True,True,True,True,202.50158217397984,2000,1000,0.0,-0.0070623790250916,True,True,True,True,True,True,True,127.65167114898213,1278,278,0.722,0.0882297600127284,True,False,True,True,False,True,True,-0.0717116786534432,0.09529213903782001,1.586360604223038,-74.84991102499771
20060,192.25842139299493,2000,1000,0.0,0.129981261413496,False,False,True,True,True,True,True,196.20163743800367,2000,1000,0.0,0.2850344195090191,False,False,False,True,True,True,True,130.94764769100584,1306,306,0.694,0.4224688246412107,False,False,True,True,True,True,False,0.15505315809552309,0.13743440513219163,1.4983212062043005,-65.25398974699783
20061,201.66229951000423,2000,1000,0.0,0.1217971707335099,False,False,True,True,True,True,True,206.8932628929906,2000,1000,0.0,0.4369683120550149,False,False,True,True,True,True,True,138.6044394809869,1275,275,0.725,0.1586675379725477,False,False,True,True,True,True,True,0.31517114132150503,-0.27830077408246723,1.4926885723697993,-68.2888234120037
20062,213.3362357869919,2000,1000,0.0,0.1629384026470841,False,False,True,True,True,True,True,223.07759652999812,2000,1000,0.0,0.0911343098029711,True,False,True,True,False,True,True,146.87918659701245,1296,296,0.704,0.4625735121271521,False,False,False,True,True,True,True,-0.07180409284411299,0.371439202324181,1.5187828970080608,-76.19840993298567
20063,200.53022086599958,2000,1000,0.0,0.0845616657174019,True,True,True,True,True,True,True,205.2567084679904,2000,1000,0.0,-0.013632877902471,True,False,True,True,False,True,True,133.7987093849806,1276,276,0.724,0.0670198680794627,True,False,True,True,False,True,True,-0.0981945436198729,0.0806527459819337,1.5340709145213265,-71.45799908300978
20064,194.561156131007,2000,1000,0.0,0.0896276192800833,True,True,True,True,True,True,True,208.3926961130055,2000,1000,0.0,0.0830213929562306,True,True,True,True,True,True,True,136.9467031940003,1279,279,0.721,0.0179393232404887,True,True,True,True,True,True,True,-0.006606226323852701,-0.0650820697157419,1.5217065562928813,-71.44599291900522
20065,188.71321294500376,2000,1000,0.0,0.1625249141895439,False,False,True,True,True,True,True,209.1041735690087,2000,1000,0.0,0.0588239057045143,True,False,True,True,False,True,True,140.7440067930147,1288,288,0.712,0.0778182729402585,True,True,True,True,True,True,True,-0.10370100848502961,0.018994367235744207,1.4857057030963168,-68.360166775994
20066,235.61194772899034,2000,1000,0.0,0.2263318702347092,False,False,True,True,True,True,True,238.0721454639861,2000,1000,0.0,0.316072137656036,False,False,True,True,True,True,False,161.52842655099812,1272,272,0.728,0.1404883511604922,False,False,True,True,False,True,True,0.08974026742132679,-0.1755837864955438,1.4738715069995523,-76.54371891298797
20067,193.58441809998476,2000,1000,0.0,0.21121264399377,False,False,True,True,True,True,True,205.25184095400618,2000,1000,0.0,0.1747326884539459,False,False,True,True,True,True,True,137.40156774999923,1304,304,0.696,0.1814857660757871,False,False,True,True,True,True,True,-0.03647995553982408,0.006753077621841186,1.493810036632623,-67.85027320400695
20068,201.75783484001295,2000,1000,0.0,0.4833256469264171,False,False,False,True,True,True,True,208.6262233350135,2000,1000,0.0,0.2523989094623768,False,False,True,True,True,True,True,140.70088109798962,1314,314,0.686,0.3448098499896286,False,False,True,True,True,True,True,-0.2309267374640403,0.0924109405272518,1.4827641568905172,-67.92534223702387
20069,190.36208967902348,2000,1000,0.0,0.079721217457525,True,True,True,True,True,True,True,192.62182875699364,2000,1000,0.0,0.0475912274898728,True,False,False,True,False,True,True,129.40602109400788,1302,302,0.698,0.0731137654062319,True,False,False,True,False,True,True,-0.0321299899676522,0.025522537916359105,1.4885074676476004,-63.21580766298575
20070,190.77357234497322,2000,1000,0.0,0.1099724679042957,False,False,True,True,True,True,True,195.20423011499224,2000,1000,0.0,0.3057127663662093,False,False,True,True,True,True,True,134.79295298201032,1287,287,0.713,0.1104407845546848,False,False,True,True,True,True,True,0.1957402984619136,-0.1952719818115245,1.4481783045516075,-60.41127713298192
20071,210.36972325199167,2000,1000,0.0,0.0616385016341931,True,False,False,True,False,True,True,213.46952843898907,2000,1000,0.0,0.115828798947386,False,False,False,True,True,True,True,136.7395964919997,1283,283,0.717,0.0473189874991089,True,True,True,True,True,True,True,0.0541902973131929,-0.0685098114482771,1.5611390841823836,-76.72993194698938
20072,193.85611943801632,2000,1000,0.0,0.298077187832833,False,False,False,True,True,True,True,204.2629303589929,2000,1000,0.0,0.1987088624016948,False,False,True,True,True,True,True,132.30607726000017,1269,269,0.731,0.3008786429277421,False,False,False,True,True,True,True,-0.09936832543113819,0.10216978052604728,1.5438665750597935,-71.95685309899272
20073,196.92585757299094,2000,1000,0.0,0.2938394036374241,False,False,True,True,True,True,True,205.97249212500174,2000,1000,0.0,0.066465672379353,True,True,True,True,True,True,True,136.12997801500023,1289,289,0.711,0.2994224286540294,False,False,True,True,True,True,True,-0.22737373125807112,0.2329567562746764,1.513057558139806,-69.8425141100015
20074,232.8997619629954,2000,1000,0.0,0.0391891184898689,True,True,True,True,True,True,True,244.52156683299108,2000,1000,0.0,0.1277213746618919,False,False,False,True,True,True,True,162.25178669500747,1286,286,0.714,0.0669575532694928,True,True,True,True,True,True,True,0.08853225617202301,-0.060763821392399095,1.5070500720748925,-82.26978013798362
20075,192.48211025400087,2000,1000,0.0,0.2749922406880962,False,False,False,True,True,True,True,206.36966527998447,2000,1000,0.0,0.0399918686617848,True,True,True,True,True,True,True,136.24619419500232,1287,287,0.713,0.1032422521433886,False,False,True,True,True,True,True,-0.23500037202631138,0.0632503834816038,1.5146820540514911,-70.12347108498216
20076,197.49340620997828,2000,1000,0.0,0.0609501292542411,True,True,True,True,True,True,True,209.96110640498227,2000,1000,0.0,0.2337723427631282,False,False,True,True,True,True,True,138.53536794599495,1293,293,0.707,0.464633456700593,False,False,True,True,True,True,True,0.1728222135088871,0.23086111393746478,1.5155776428646808,-71.42573845898733
20077,189.1993608889752,2000,1000,0.0,0.0627991976593023,True,False,True,True,False,True,True,191.79367342797923,2000,1000,0.0,0.0519725520547407,True,False,True,True,False,False,True,128.4883554750122,1306,306,0.694,0.0707966626516345,True,False,True,True,False,True,True,-0.010826645604561591,0.018824110596893803,1.4926930360259636,-63.305317952967016
20078,192.9745395820064,2000,1000,0.0,0.0961424950886034,True,False,True,True,False,True,True,198.2503139390028,2000,1000,0.0,0.2874759574009946,False,False,True,True,True,True,True,136.48385656200117,1335,335,0.665,0.1113442514193074,False,False,False,True,True,True,True,0.19133346231239118,-0.17613170598168718,1.4525550415476625,-61.76645737700164
20079,210.76069238898344,2000,1000,0.0,0.0857678579722343,True,False,True,True,False,False,True,212.79400714099756,2000,1000,0.0,0.0964629635507527,True,True,True,True,True,True,True,114.63338903398835,1291,291,0.709,0.0884302738656739,True,False,True,True,False,True,True,0.01069510557851841,-0.008032689685078809,1.8563004106762033,-98.16061810700921
20080,196.24920697099878,2000,1000,0.0,0.0120646341330452,True,False,True,True,False,True,True,207.66036348498892,2000,1000,0.0,0.0301917632220511,True,False,True,True,False,True,True,136.74877486401238,1291,291,0.709,0.0264874532290129,True,True,True,True,True,True,True,0.0181271290890059,-0.0037043099930381997,1.5185537398159028,-70.91158862097654
20081,198.34156600301503,2000,1000,0.0,0.1212312076929436,False,False,True,True,True,True,True,207.45338838198222,2000,1000,0.0,0.0722690163743617,True,False,True,True,False,True,True,142.33778935400187,1316,316,0.684,0.1320190669084091,False,False,True,True,False,True,True,-0.0489621913185819,0.05975005053404739,1.4574723221676171,-65.11559902798035
20082,237.1510759269877,2000,1000,0.0,-0.0675274986943268,True,True,False,True,True,True,True,244.18173132601078,2000,1000,0.0,-0.0818401980444001,True,True,True,True,True,True,True,163.03132188500604,1287,287,0.713,0.1217969602737509,False,False,False,True,True,True,True,-0.014312699350073302,0.203637158318151,1.4977596237503619,-81.15040944100474
20083,184.9126469710027,2000,1000,0.0,0.2296582934260804,False,False,True,True,True,True,True,205.20402038400061,2000,1000,0.0,0.1607970934709897,False,False,True,True,True,True,True,135.70344201297848,1288,288,0.712,0.1398228935111731,False,False,False,True,True,True,True,-0.06886119995509071,-0.020974199959816586,1.512150446149886,-69.50057837102213
20084,200.05622451601084,2000,1000,0.0,0.1276683144897923,False,False,True,True,True,True,True,210.1338096880063,2000,1000,0.0,0.0401716144671482,True,False,True,True,False,True,True,136.02393553001457,1278,278,0.722,0.0197027193150081,True,False,True,True,False,True,True,-0.08749670002264409,-0.020468895152140103,1.5448296571425026,-74.10987415799173
20085,188.45511085999897,2000,1000,0.0,0.1527962502453128,False,False,False,True,True,True,True,187.64301561799948,2000,1000,0.0,0.069992325212274,True,False,True,True,False,True,True,124.51465605199337,1274,274,0.726,-0.0033559549911625,True,True,True,True,True,True,True,-0.0828039250330388,-0.07334828020343649,1.5069954137739874,-63.12835956600611
20086,193.9027297119901,2000,1000,0.0,0.0197186960988275,True,True,True,True,True,True,True,197.29402783399564,2000,1000,0.0,0.0824733810736111,True,True,True,True,True,True,True,136.3697701380006,1305,305,0.695,0.2324843747200233,False,False,True,True,True,True,True,0.0627546849747836,0.1500109936464122,1.4467577941529284,-60.92425769599504
20087,201.33945095998934,2000,1000,0.0,0.2618500454545529,False,False,False,True,True,True,True,208.46659855599864,2000,1000,0.0,0.3326122020672351,False,False,False,True,True,True,True,135.36968578700908,1282,282,0.718,0.3345858386538056,False,False,False,True,True,True,True,0.07076215661268215,0.001973636586570515,1.539979924929429,-73.09691276898957
20088,181.39529759300058,2000,1000,0.0,0.0444843187574726,True,False,True,True,False,True,True,207.34220152700436,2000,1000,0.0,0.1020324788376072,False,False,False,True,True,True,True,139.58283001100062,1306,306,0.694,0.1595396906676729,False,False,False,True,True,True,True,0.0575481600801346,0.0575072118300657,1.4854420239986794,-67.75937151600374
20089,194.81376385199837,2000,1000,0.0,0.1242062619419286,False,False,True,True,True,True,True,208.83192862401484,2000,1000,0.0,0.0520911367782144,True,True,True,True,True,True,True,141.9871603139909,1296,296,0.704,0.2197730539660174,False,False,True,True,True,True,True,-0.07211512516371421,0.167681917187803,1.470780373114042,-66.84476831002394
20090,235.48240104797878,2000,1000,0.0,0.2758250468840622,False,False,True,True,True,True,True,244.63598345199716,2000,1000,0.0,0.1523978818209297,False,False,True,True,True,True,True,160.59879464600817,1273,273,0.727,0.1240978064335234,False,False,True,True,True,True,True,-0.12342716506313248,-0.028300075387406295,1.5232740942497343,-84.03718880598899
20091,189.38650028200937,2000,1000,0.0,0.0670103974238411,True,True,True,True,True,True,True,206.4990199530148,2000,1000,0.0,0.1640262929318066,False,False,True,True,True,True,True,133.8776766170049,1268,268,0.732,0.1634538247241135,False,False,True,True,True,True,True,0.0970158955079655,-0.0005724682076931054,1.542445500781761,-72.62134333600989
20092,201.48008903197479,2000,1000,0.0,0.4033308674960718,False,False,False,True,True,True,True,208.5203295329993,2000,1000,0.0,0.0848737059960651,True,True,True,True,True,True,True,136.84907057698,1273,273,0.727,0.0462246374615613,True,True,True,True,True,True,True,-0.3184571615000067,-0.0386490685345038,1.5237248499667593,-71.6712589560193
20093,189.63009212401812,2000,1000,0.0,0.0903169115646296,True,False,True,True,False,True,True,196.06897616398055,2000,1000,0.0,0.0445489582603926,True,False,True,True,False,True,True,130.29138659097953,1287,287,0.713,0.1642281688130467,False,False,True,True,False,True,True,-0.045767953304237004,0.1196792105526541,1.504849869926513,-65.77758957300102
20094,192.37818976302515,2000,1000,0.0,0.0451219962094224,True,False,True,True,False,True,True,199.58764972901554,2000,1000,0.0,0.0975496184726649,True,False,True,True,False,True,True,134.47230944997864,1302,302,0.698,0.1506357520064369,False,False,False,True,False,True,True,0.0524276222632425,0.05308613353377199,1.4842286158791576,-65.1153402790369
20095,210.12238627800252,2000,1000,0.0,0.0671046511157715,True,True,True,True,True,True,True,212.51926914599608,2000,1000,0.0,0.200905938465338,False,False,False,True,True,True,True,135.56827399801114,1283,283,0.717,0.1537195388338279,False,False,True,True,True,True,True,0.13380128734956648,-0.047186399631510084,1.5676180191621667,-76.95099514798494
20096,234.73953350400552,2000,1000,0.0,0.1045702867346953,False,False,False,True,True,True,True,237.9276910260087,2000,1000,0.0,0.006199896134829,True,False,True,True,False,True,True,158.79611894401023,1287,287,0.713,0.0601778174052594,True,False,True,True,False,True,True,-0.0983703905998663,0.0539779212704304,1.498321826806733,-79.13157208199846
20097,195.4913850200246,2000,1000,0.0,0.0741621050171765,True,True,True,True,True,True,True,198.62399991496932,2000,1000,0.0,0.1339445013173179,False,False,True,True,True,True,True,128.24383469700115,1309,309,0.691,0.183059613150502,False,False,True,True,True,True,True,0.059782396300141386,0.04911511183318412,1.5487996002634654,-70.38016521796817
20098,190.02161027598777,2000,1000,0.0,0.053602419175009,True,True,True,True,True,True,True,196.7213474670425,2000,1000,0.0,0.2595761312542688,False,False,False,True,True,True,True,136.30764161999105,1271,271,0.729,0.0153039931366034,True,False,True,True,False,True,True,0.20597371207925982,-0.2442721381176654,1.4432158397654435,-60.41370584705146
20099,162.79582857197965,2000,1000,0.0,0.1006852783991725,False,False,True,True,True,True,True,200.97341232805047,2000,1000,0.0,0.0296764889834317,True,True,True,True,True,True,True,131.42464793799445,1285,285,0.715,0.1588473344290655,False,False,True,True,True,True,True,-0.0710087894157408,0.12917084544563381,1.529191178985458,-69.54876439005602
20100,220.25302383999224,2000,1000,0.0,0.1409324451936573,False,False,True,True,True,True,True,228.23128263803665,2000,1000,0.0,0.3229465487935581,False,False,True,True,True,True,True,151.80483689001994,1283,283,0.717,0.2365578408813267,False,False,True,True,False,True,True,0.1820141035999008,-0.08638870791223141,1.5034519802777193,-76.4264457480167
20101,191.28751516199554,2000,1000,0.0,0.1519373677588174,False,False,True,True,True,True,True,195.04322581499582,2000,1000,0.0,0.0318361256933883,True,True,True,True,True,True,True,130.7756475629867,1295,295,0.705,0.1412542834778349,False,False,True,True,True,True,True,-0.12010124206542909,0.10941815778444659,1.4914338368774303,-64.26757825200912
20102,204.14306341198971,2000,1000,0.0,0.20254233364804,False,False,True,True,True,True,True,205.3694192779949,2000,1000,0.0,0.0825188593925538,True,True,True,True,True,True,True,141.7905948170228,1279,279,0.721,0.0489596682200783,True,False,True,True,False,False,True,-0.1200234742554862,-0.033559191172475494,1.448399448094699,-63.5788244609721
20103,171.16448333699373,2000,1000,0.0,0.1281263628098976,False,False,True,True,False,True,True,192.61922141496325,2000,1000,0.0,0.1064685365287356,False,False,True,True,False,True,True,135.64508895098697,1293,293,0.707,0.080838432867818,True,False,True,True,False,True,True,-0.021657826281161988,-0.0256301036609176,1.4200235548856686,-56.974132463976275
20104,232.598056206014,2000,1000,0.0,0.1679495293950843,False,False,True,True,True,True,True,238.45855130400741,2000,1000,0.0,0.2494014741826546,False,False,False,True,True,True,True,158.65019917697646,1289,289,0.711,0.2325768515609532,False,False,True,True,True,True,True,0.08145194478757029,-0.016824622621701396,1.5030460254134548,-79.80835212703096
20105,193.4941272890137,2000,1000,0.0,0.00288667986361,True,True,True,True,True,True,True,201.45124871999724,2000,1000,0.0,0.0371485022427258,True,True,True,True,True,True,True,125.9799407949904,1278,278,0.722,0.1986106883077347,False,False,True,True,True,True,True,0.0342618223791158,0.1614621860650089,1.599074006931173,-75.47130792500684
20106,193.70727262002765,2000,1000,0.0,0.1089691753226276,False,False,True,True,True,True,True,197.826467552979,2000,1000,0.0,0.0345626786875605,True,True,True,True,True,True,True,136.5439075930044,1298,298,0.702,0.0896759455943208,True,True,True,True,True,True,True,-0.0744064966350671,0.05511326690676029,1.4488121150204605,-61.282559959974606
20107,185.76596947098733,2000,1000,0.0,0.0415671342303927,True,False,True,True,False,True,True,201.9800256039598,2000,1000,0.0,0.1392497882392085,False,False,True,True,True,True,True,131.8333337979857,1314,314,0.686,0.0862774371413497,True,False,True,True,False,True,True,0.0976826540088158,-0.052972351097858805,1.532086155944923,-70.14669180597411
20108,217.00522261101287,2000,1000,0.0,0.1914697614700458,False,False,True,True,False,True,True,226.93563537701266,2000,1000,0.0,0.2729827584691815,False,False,True,True,True,True,True,150.30924338201294,1302,302,0.698,0.3122066634960925,False,False,False,True,True,True,True,0.08151299699913572,0.03922390502691098,1.50979161541152,-76.62639199499972
20109,191.70114996598568,2000,1000,0.0,0.1403792484886983,False,False,True,True,True,True,True,194.32782927900553,2000,1000,0.0,0.2241997081632458,False,False,True,True,True,True,True,131.11149910197128,1304,304,0.696,0.0491779617975112,True,False,True,True,False,True,True,0.08382045967454752,-0.1750217463657346,1.482157023678511,-63.21633017703425
20110,204.18213486502646,2000,1000,0.0,0.1292714724868222,False,False,True,True,True,True,True,212.31505894003203,2000,1000,0.0,0.0603792450002593,True,True,False,True,True,True,True,143.28008306602715,1282,282,0.718,0.2414000961907767,False,False,True,True,True,True,True,-0.0688922274865629,0.18102085119051742,1.4818183685878503,-69.03497587400489
20111,187.42747306003002,2000,1000,0.0,0.3033149847529781,False,False,True,True,True,True,True,189.7945412340341,2000,1000,0.0,0.1935855569914757,False,False,True,True,True,True,True,134.4860956449993,1303,303,0.697,0.2709917560765387,False,False,False,True,True,True,True,-0.10972942776150238,0.077406199085063,1.411257723884197,-55.30844558903482
20112,230.04499508999288,2000,1000,0.0,0.1952829694893552,False,False,True,True,True,True,True,235.37903225398622,2000,1000,0.0,0.2532656844460437,False,False,False,True,True,True,True,155.19925415102625,1282,282,0.718,0.2502509489569622,False,False,True,True,True,True,True,0.0579827149566885,-0.003014735489081488,1.516624764349293,-80.17977810295997
20113,196.83194462698884,2000,1000,0.0,0.0514497863921477,True,True,True,True,True,True,True,200.3304160910193,2000,1000,0.0,0.0762085480524934,True,False,True,True,False,True,True,128.51320916495752,1317,317,0.683,0.0438109151207939,True,False,True,True,False,True,True,0.0247587616603457,-0.0323976329316995,1.5588313247541608,-71.81720692606177
20114,194.83959997599595,2000,1000,0.0,0.0733610607325339,True,False,True,True,False,False,True,196.9698279669974,2000,1000,0.0,0.0112256508064447,True,False,False,True,False,True,True,136.0509734870284,1293,293,0.707,0.1722655509843047,False,False,True,True,True,True,True,-0.0621354099260892,0.16103990017786002,1.4477649289718404,-60.91885447996901
20115,184.16046290897066,2000,1000,0.0,-0.0786532797055343,True,True,True,True,True,True,True,201.86783869896317,2000,1000,0.0,0.0681029001344217,True,True,True,True,True,True,True,132.44132072699722,1277,277,0.723,0.148296284965772,False,False,True,True,True,True,True,0.146756179839956,0.08019338483135029,1.5242058716333373,-69.42651797196595
20116,221.26019440297387,2000,1000,0.0,0.1159336221023243,False,False,True,True,True,True,True,226.4907662590267,2000,1000,0.0,0.088240203788688,True,False,True,True,False,True,True,150.76450098701753,1298,298,0.702,0.1029831149153395,False,False,True,True,True,True,True,-0.02769341831363631,0.014742911126651506,1.5022818022561562,-75.72626527200919
20117,191.5938772460213,2000,1000,0.0,0.2712018211443041,False,False,True,True,True,True,True,195.7107541700243,2000,1000,0.0,0.0960812895574338,True,True,False,True,True,True,True,132.66325296397554,1303,303,0.697,0.1259925471250262,False,False,True,True,False,True,True,-0.1751205315868703,0.0299112575675924,1.4752446498742888,-63.047501206048764
20118,203.89171996799996,2000,1000,0.0,0.2374549691521252,False,False,False,True,True,True,True,210.2187725660042,2000,1000,0.0,0.1513646986114629,False,False,True,True,True,True,True,141.12594589195214,1279,279,0.721,0.0866290574323205,True,True,True,True,True,True,True,-0.08609027054066229,-0.0647356411791424,1.4895827357426565,-69.09282667405205
20119,187.4244236049999,2000,1000,0.0,0.0541632024579925,True,False,True,True,False,True,True,170.7146304710186,2000,1000,0.0,0.1645542392661489,False,False,True,True,True,True,True,134.55815495195566,1305,305,0.695,0.3782391786686343,False,False,True,True,True,True,True,0.1103910368081564,0.21368493940248542,1.2687051968866006,-36.15647551906295
20120,230.00111610395834,2000,1000,0.0,0.3307607145695481,False,False,False,True,True,True,True,235.52645590802422,2000,1000,0.0,0.3157283417767109,False,False,False,True,True,True,True,155.7125780399656,1285,285,0.715,0.279200691066868,False,False,False,True,True,True,True,-0.0150323727928372,-0.036527650709842874,1.512571809372865,-79.81387786805863
20121,194.95555006703944,2000,1000,0.0,0.1276770351672906,False,False,True,True,True,True,True,200.7686127880006,2000,1000,0.0,0.069947240576857,True,False,True,True,False,False,True,103.87695438100491,1283,283,0.717,0.1262670199814568,False,False,False,True,True,True,True,-0.05772979459043359,0.05631977940459981,1.9327541318896566,-96.8916584069957
20122,195.51429190998897,2000,1000,0.0,0.0987340757867407,True,True,True,True,True,True,True,199.25400579202687,2000,1000,0.0,0.0135314276211904,True,True,True,True,True,True,True,136.74007409904152,1298,298,0.702,0.175312492859522,False,False,True,True,True,True,True,-0.0852026481655503,0.1617810652383316,1.4571734519297261,-62.51393169298535
20123,186.2079465900024,2000,1000,0.0,-0.028294421103272,True,True,True,True,True,True,True,199.40324995602714,2000,1000,0.0,0.3118584519068665,False,False,True,True,True,True,True,132.68610864598304,1296,296,0.704,0.1967066574732729,False,False,True,True,True,True,True,0.3401528730101385,-0.11515179443359361,1.50281933799152,-66.7171413100441
20124,219.7537422509631,2000,1000,0.0,0.076756916415869,True,True,True,True,True,True,True,225.48637071001576,2000,1000,0.0,0.0874737245211871,True,True,True,True,True,True,True,151.77054421801586,1266,266,0.734,0.0494390127357977,True,False,True,True,False,True,True,0.010716808105318096,-0.0380347117853894,1.4857057531935074,-73.7158264919999
20125,187.01061966599082,2000,1000,0.0,0.1216787980581823,False,False,True,True,True,True,True,192.39654910902027,2000,1000,0.0,0.1206502980503909,False,False,False,True,True,True,True,126.5319779990241,1272,272,0.728,0.0961527344632937,True,True,True,True,True,True,True,-0.0010285000077913942,-0.024497563587097204,1.520536959522629,-65.86457110999618
20126,198.29458590503782,2000,1000,0.0,0.1017597017671985,False,False,True,True,True,True,True,211.99866882996866,2000,1000,0.0,0.2652992256363475,False,False,True,True,True,True,True,144.78432429902023,1310,310,0.69,0.1868588645870836,False,False,True,True,True,True,True,0.163539523869149,-0.07844036104926391,1.464237719493251,-67.21434453094844
20127,188.1272427699878,2000,1000,0.0,0.0238257507395998,True,True,True,True,True,True,True,189.97549023799365,2000,1000,0.0,0.1283959167853812,False,False,True,True,True,True,True,136.81541295797797,1332,332,0.668,0.6005914496901212,False,False,True,True,True,True,True,0.1045701660457814,0.47219553290474003,1.3885532786890282,-53.160077280015685
20128,190.51015023799846,2000,1000,0.0,0.0883093718586316,True,True,True,True,True,True,True,166.754116030992,2000,1000,0.0,0.1077445529142622,False,False,True,True,False,True,True,133.63451764296042,1307,307,0.693,0.3042837416904422,False,False,True,True,True,True,True,0.019435181055630607,0.19653918877617998,1.2478371529466605,-33.11959838803159
20129,229.64725017599994,2000,1000,0.0,0.2802706850271086,False,False,True,True,True,True,True,231.8287843959988,2000,1000,0.0,0.2777565706267744,False,False,True,True,True,True,True,157.14118713495554,1267,267,0.733,0.2060278449904977,False,False,True,True,True,True,False,-0.002514114400334222,-0.07172872563627669,1.475289760900815,-74.68759726104327
20130,217.38453484798083,2000,1000,0.0,0.1164520344948645,False,False,True,True,False,True,True,224.5586039450136,2000,1000,0.0,0.0299242094306055,True,True,True,True,True,True,True,148.33624932402745,1277,277,0.723,0.1663376874346038,False,False,True,True,True,True,True,-0.086527825064259,0.1364134780039983,1.5138484690581946,-76.22235462098615
20131,210.87265196198132,2000,1000,0.0,0.2057785779312269,False,False,True,True,True,True,True,214.0655007219757,2000,1000,0.0,0.0255199353778481,True,False,False,True,False,True,True,143.29207286500605,1278,278,0.722,0.0799566390153891,True,True,True,True,True,True,True,-0.18025864255337878,0.054436703637541,1.493910280184477,-70.77342785696965
20132,183.12161297595594,2000,1000,0.0,0.075311995885464,True,False,True,True,False,True,True,188.51607962703565,2000,1000,0.0,0.2135799231920696,False,False,True,True,True,True,True,129.46436918899417,1294,294,0.706,0.4017064538576314,False,False,True,True,True,True,True,0.1382679273066056,0.1881265306655618,1.4561232623922713,-59.05171043804148
20133,202.3475188779994,2000,1000,0.0,0.1513578111137121,False,False,True,True,True,True,True,204.24286451295484,2000,1000,0.0,0.1378310745690267,False,False,True,True,True,True,True,136.48054361098912,1308,308,0.692,0.1286033499631322,False,False,False,True,True,True,True,-0.013526736544685392,-0.009227724605894522,1.496498029016567,-67.76232090196572
20134,196.73080509796273,2000,1000,0.0,0.150583375892058,False,False,True,True,True,True,True,210.06508696702076,2000,1000,0.0,0.152452343692528,False,False,False,True,True,True,True,134.7668814539793,1301,301,0.699,-0.0570918235645283,True,True,True,True,True,True,True,0.001868967800469995,-0.2095441672570563,1.5587293012991073,-75.29820551304147
20135,214.9337057209923,2000,1000,0.0,0.26328735636055,False,False,True,True,True,True,True,214.44374868198065,2000,1000,0.0,0.2450740929251571,False,False,True,True,True,True,True,147.3747701869579,1305,305,0.695,0.1982001891721108,False,False,True,True,True,True,True,-0.018213263435392896,-0.046873903753046314,1.45509131861539,-67.06897849502275
20136,189.23775778902927,2000,1000,0.0,0.0824825308446985,True,True,True,True,True,True,True,186.48410547699314,2000,1000,0.0,-0.0055402101544252,True,True,True,True,True,True,True,133.0688316510059,1294,294,0.706,-0.062626554621719,True,True,True,True,True,True,True,-0.0880227409991237,-0.0570863444672938,1.4014108575483497,-53.41527382598724
20137,230.99710599001264,2000,1000,0.0,0.0120637740155862,True,False,True,True,False,True,True,231.84090975899016,2000,1000,0.0,0.0131583686175371,True,True,True,True,True,True,True,158.1474174169707,1314,314,0.686,0.0367612340477414,True,False,True,True,False,True,True,0.0010945946019508997,0.023602865430204296,1.4659797393195462,-73.69349234201945
20138,214.3740134619875,2000,1000,0.0,0.2509845782658999,False,False,True,True,True,True,True,219.4406378309941,2000,1000,0.0,0.2257056301602862,False,False,True,True,True,True,True,147.72018637799192,1299,299,0.701,0.2613402852208448,False,False,True,True,True,True,False,-0.025278948105613736,0.0356346550605586,1.4855155765203356,-71.72045145300217
20139,205.59927214804338,2000,1000,0.0,0.3230832030777328,False,False,False,True,True,True,True,211.2492445189855,2000,1000,0.0,0.1771634863458135,False,False,True,True,True,True,True,137.25757174898172,1283,283,0.717,0.2399725129569798,False,False,True,True,True,True,True,-0.1459197167319193,0.0628090266111663,1.5390717016713704,-73.99167277000379
20140,183.04554429196287,2000,1000,0.0,0.0083207839129695,True,False,True,True,False,True,True,190.14387944800546,2000,1000,0.0,0.1398607442069099,False,False,True,True,False,True,True,127.7748638659832,1288,288,0.712,0.0539863146465826,True,False,True,True,False,True,True,0.13153996029394038,-0.08587442956032729,1.4881164706028414,-62.36901558202226
20141,202.72467967798002,2000,1000,0.0,0.1728259401950858,False,False,True,True,False,True,True,205.4733148419764,2000,1000,0.0,0.197472345386549,False,False,True,True,True,True,True,137.12105985695962,1287,287,0.713,0.2410963818355362,False,False,True,True,True,True,True,0.024646405191463217,0.043624036448987186,1.498481087123449,-68.35225498501677
20142,197.7431388469995,2000,1000,0.0,0.1989277325971006,False,False,True,True,True,True,True,210.51112671202281,2000,1000,0.0,0.1286355088396469,False,False,False,True,True,True,True,132.3040306190378,1293,293,0.707,0.1076036363824837,False,False,True,True,True,True,True,-0.0702922237574537,-0.02103187245716319,1.5911165043654494,-78.20709609298501
20143,213.5320877719787,2000,1000,0.0,0.0235416549400664,True,True,True,True,True,True,True,214.928650034999,2000,1000,0.0,0.0613881292835287,True,True,True,True,True,True,True,144.74586770898895,1298,298,0.702,0.134584838314792,False,False,True,True,True,True,True,0.037846474343462305,0.07319670903126331,1.4848689875355356,-70.18278232601006
20144,192.65980149101233,2000,1000,0.0,0.0959970385759456,True,False,True,True,False,True,True,186.99834694201127,2000,1000,0.0,0.1556801649019004,False,False,True,True,True,True,True,132.6987312650308,1284,284,0.716,0.0764022713591945,True,False,True,True,False,True,True,0.059683126325954794,-0.0792778935427059,1.409194686033066,-54.299615676980466
20145,228.1834997049882,2000,1000,0.0,0.2567010492568737,False,False,False,True,True,True,True,231.0318297710037,2000,1000,0.0,0.1590430231881097,False,False,True,True,True,True,True,153.96810785797425,1284,284,0.716,0.2775191970352395,False,False,True,True,True,True,True,-0.097658026068764,0.11847617384712977,1.5005174317275873,-77.06372191302944
20146,218.85789446800482,2000,1000,0.0,0.0454561718459469,True,False,True,True,False,True,True,223.469925849,2000,1000,0.0,0.1436479089421336,False,False,True,True,True,True,True,148.4024298620061,1305,305,0.695,0.7676517520020312,False,False,True,True,True,True,True,0.09819173709618671,0.6240038430598975,1.5058373778434515,-75.06749598699389
20147,210.79038889496587,2000,1000,0.0,0.063709950252532,True,True,True,True,True,True,True,212.71124032797525,2000,1000,0.0,0.0990468110831317,True,True,True,True,True,True,True,144.63308628299274,1301,301,0.699,0.1484756806630613,False,False,False,True,True,True,True,0.0353368608305997,0.049428869579929605,1.4706955773022714,-68.07815404498251
20148,183.50937584304484,2000,1000,0.0,0.0737146933415839,True,False,True,True,False,False,True,189.14398454199545,2000,1000,0.0,0.0888394228200493,True,False,True,True,False,True,True,132.10642761702184,1329,329,0.671,0.2091344057754902,False,False,True,True,True,True,True,0.015124729478465396,0.1202949829554409,1.4317545932763105,-57.037556924973615
20149,202.60777030797908,2000,1000,0.0,0.1794414453085107,False,False,False,True,True,True,True,206.2150767869898,2000,1000,0.0,0.0683514897791104,True,False,True,True,False,True,True,137.34848900098586,1292,292,0.708,0.0282260105187308,True,False,True,True,False,True,True,-0.11108995552940029,-0.0401254792603796,1.5014004033601682,-68.86658778600395
20150,179.44913837802596,2000,1000,0.0,0.2077227862735018,False,False,True,True,True,True,True,209.02533886599122,2000,1000,0.0,0.2158880885148466,False,False,True,True,True,True,True,110.90677203197265,1308,308,0.692,0.0798817620868526,True,True,True,True,True,True,True,0.00816530224134479,-0.13600632642799398,1.8846940997050436,-98.11856683401857
20151,214.17678097600583,2000,1000,0.0,0.2098050754331417,False,False,False,True,True,True,True,214.90890016197227,2000,1000,0.0,0.2399110732004548,False,False,False,True,True,True,True,145.6019434100017,1275,275,0.725,0.2037709680356592,False,False,True,True,True,True,True,0.030105997767313097,-0.0361401051647956,1.4760029648560977,-69.30695675197057
20152,187.5985631819931,2000,1000,0.0,0.2531857286354286,False,False,True,True,True,True,True,184.91250493802363,2000,1000,0.0,0.1756718561334667,False,False,True,True,True,True,True,128.9449123700033,1292,292,0.708,0.0660206091072321,True,True,True,True,True,True,True,-0.0775138725019619,-0.10965124702623459,1.4340426585224482,-55.967592568020336
20153,231.4928355999873,2000,1000,0.0,0.2155089406170471,False,False,True,True,True,True,True,233.18584544101031,2000,1000,0.0,-0.0497150363618956,True,True,False,True,True,True,True,155.74213353404775,1278,278,0.722,0.1363200389504353,False,False,True,True,True,True,True,-0.2652239769789427,0.18603507531233088,1.4972560099803187,-77.44371190696256
20154,216.79304891603533,2000,1000,0.0,0.3431370200859867,False,False,True,True,True,True,True,222.02599403297063,2000,1000,0.0,0.2110188157115864,False,False,True,True,True,True,True,147.1120618910063,1283,283,0.717,0.1156930947518368,False,False,True,True,True,True,True,-0.13211820437440028,-0.0953257209597496,1.509230386543472,-74.91393214196432
20155,209.60612775798654,2000,1000,0.0,0.0935372614864658,True,True,True,True,True,True,True,212.86425670201425,2000,1000,0.0,0.0234294041034228,True,False,True,True,False,True,True,145.52330912696198,1327,327,0.673,0.3788218791635902,False,False,True,True,False,True,True,-0.070107857383043,0.3553924750601674,1.4627502492834368,-67.34094757505227
20156,184.75264552701265,2000,1000,0.0,0.4141048684030961,False,False,True,True,True,True,True,186.84715167898685,2000,1000,0.0,0.2071312521688959,False,False,True,True,True,True,True,128.6842055270099,1307,307,0.693,0.163844218386675,False,False,False,True,True,True,True,-0.20697361623420021,-0.0432870337822209,1.451982012196275,-58.16294615197694
20157,201.31591204198776,2000,1000,0.0,0.073806252809935,True,True,True,True,True,True,True,204.30958313698648,2000,1000,0.0,-0.0303003319574592,True,True,True,True,True,True,True,135.7953018489643,1298,298,0.702,0.1310767703970032,False,False,True,True,True,True,True,-0.10410658476739419,0.1613771023544624,1.5045408814233194,-68.51428128802218
20158,198.74734761496074,2000,1000,0.0,0.1008965926741325,False,False,True,True,True,True,True,209.51299016497796,2000,1000,0.0,0.1171558594694435,False,False,True,True,False,True,True,134.5056828930392,1296,296,0.704,0.4149955870067385,False,False,True,True,True,True,True,0.016259266795311006,0.297839727537295,1.5576515851124717,-75.00730727193877
20159,212.57254289800767,2000,1000,0.0,0.1174620455531556,False,False,True,True,False,True,True,216.63060153200058,2000,1000,0.0,0.0288209374556345,True,True,True,True,True,True,True,145.28424211300444,1287,287,0.713,0.1813041701834414,False,False,True,True,True,True,True,-0.0886411080975211,0.1524832327278069,1.491081196290385,-71.34635941899614
20160,203.93403847300215,2000,1000,0.0,0.1267324905361153,False,False,True,True,True,True,True,198.71215129696066,2000,1000,0.0,0.0756555336537196,True,True,False,True,True,True,True,136.02510567498393,1277,277,0.723,0.17150806862211,False,False,True,True,True,True,True,-0.05107695688239569,0.09585253496839038,1.460849085989759,-62.68704562197672
20161,210.02968629199313,2000,1000,0.0,0.1027702977661517,False,False,True,True,True,True,True,209.49387100804597,2000,1000,0.0,0.0949955851014845,True,False,True,True,False,False,True,146.76219669595594,1321,321,0.679,0.1283182567036718,False,False,True,True,False,False,True,-0.007774712664667199,0.03332267160218731,1.4274375535687156,-62.731674312090036
20162,204.61094953498105,2000,1000,0.0,0.0783685532265519,True,False,True,True,False,True,True,200.17555358598474,2000,1000,0.0,0.0820189458485645,True,False,True,True,False,True,True,133.0171889869962,1315,315,0.685,0.0495927377840548,True,False,True,True,False,True,True,0.0036503926220126104,-0.03242620806450971,1.5048848581934322,-67.15836459898856
20163,186.42758243100252,2000,1000,0.0,0.2346996106466221,False,False,True,True,False,True,True,217.76426887803245,2000,1000,0.0,0.3629848539498486,False,False,False,True,True,True,True,144.02020490902942,1290,290,0.71,0.1332086676633084,False,False,True,True,True,True,True,0.1282852433032265,-0.22977618628654017,1.5120397100919527,-73.74406396900304
20164,200.07466457301052,2000,1000,0.0,0.0612930227211085,True,True,True,True,True,True,True,205.4289537530276,2000,1000,0.0,0.0960015909262725,True,False,True,True,False,True,True,136.9676454559667,1284,284,0.716,0.1467236998325738,False,False,True,True,True,True,True,0.034708568205164,0.0507221089063013,1.4998356222679634,-68.4613082970609
20165,223.73264533199836,2000,1000,0.0,0.1926757168836221,False,False,True,True,True,True,True,223.79880223301006,2000,1000,0.0,0.2881505725610331,False,False,True,True,True,True,True,147.79823431000113,1280,280,0.72,0.0292797905688093,True,True,False,True,True,True,True,0.09547485567741101,-0.2588707819922238,1.5142183753264646,-76.00056792300893
20166,197.65724213799695,2000,1000,0.0,0.1205348750211996,False,False,True,True,False,True,True,200.46710595901823,2000,1000,0.0,0.091727898799645,True,True,True,True,True,True,True,136.1938107300084,1304,304,0.696,0.1668780681061292,False,False,True,True,True,True,True,-0.028806976221554592,0.0751501693064842,1.4719252283528923,-64.27329522900982
20167,199.29818292398704,2000,1000,0.0,0.0721937518423434,True,False,True,True,False,True,True,202.71416453103302,2000,1000,0.0,0.0593649204738078,True,True,True,True,True,True,True,131.97926058602752,1299,299,0.701,0.1043061968560223,False,False,True,True,True,True,True,-0.012828831368535604,0.0449412763822145,1.535954691903268,-70.7349039450055
20168,204.7052474290249,2000,1000,0.0,0.1411425067221383,False,False,True,True,True,True,True,208.272354642977,2000,1000,0.0,0.0835056543197563,True,True,True,True,True,True,True,138.24333961796947,1301,301,0.699,0.0619051587562733,True,False,True,True,False,True,True,-0.05763685240238199,-0.021600495563483,1.5065633919039443,-70.02901502500754
20169,212.59858790499857,2000,1000,0.0,0.1486765603371296,False,False,True,True,True,True,True,217.8825643180171,2000,1000,0.0,0.1710298418648026,False,False,True,True,True,True,True,146.91754831501748,1301,301,0.699,0.2187223154065893,False,False,True,True,True,True,True,0.02235328152767302,0.047692473541786684,1.4830261382448198,-70.96501600299962
20170,199.8421463840059,2000,1000,0.0,0.069389443474372,True,False,True,True,False,True,True,196.78140742203686,2000,1000,0.0,0.0919789437082725,True,True,True,True,True,True,True,131.60913097602315,1295,295,0.705,0.1551792172109074,False,False,False,True,True,True,True,0.02258950023390051,0.06320027350263491,1.4951957053639913,-65.17227644601371
20171,205.30454720498528,2000,1000,0.0,0.4201768696596879,False,False,True,True,True,True,True,217.80397932004416,2000,1000,0.0,0.1973285208130679,False,False,True,True,True,True,False,143.04628965398297,1300,300,0.7,0.2090630858384159,False,False,False,True,True,True,False,-0.22284834884662003,0.011734565025348004,1.522611875127232,-74.7576896660612
20172,198.15341287001502,2000,1000,0.0,0.2038051997588219,False,False,False,True,True,True,True,204.02569495298667,2000,1000,0.0,0.1926868590794725,False,False,True,True,True,True,True,134.4305968239787,1288,288,0.712,0.2451808359425893,False,False,True,True,True,True,True,-0.011118340679349387,0.0524939768631168,1.517702812999742,-69.59509812900797
20173,214.35177415399812,2000,1000,0.0,0.1610033594918203,False,False,True,True,True,True,True,223.67500426701736,2000,1000,0.0,0.1984227586518141,False,False,True,True,True,True,True,138.21103315602522,1281,281,0.719,0.5259838853765917,False,False,False,True,True,True,False,0.037419399159993816,0.32756112672477755,1.6183585286893312,-85.46397111099213
20174,199.00734519399703,2000,1000,0.0,0.0680710722384114,True,True,True,True,True,True,True,200.79302303300938,2000,1000,0.0,0.0369220337266753,True,False,True,True,False,True,True,135.79016651504207,1305,305,0.695,0.273423864254827,False,False,True,True,True,True,True,-0.031149038511736095,0.2365018305281517,1.47870076446785,-65.0028565179673
20175,198.0285734810168,2000,1000,0.0,0.0400822655928703,True,True,True,True,True,True,True,201.5829327389947,2000,1000,0.0,0.1921737345760448,False,False,True,True,True,True,True,124.61174204898998,1284,284,0.716,0.0914328883657304,True,True,True,True,True,True,True,0.1520914689831745,-0.10074084621031441,1.6176881040612063,-76.97119069000473
20176,201.56087786704302,2000,1000,0.0,0.1249992132524475,False,False,False,True,True,True,True,207.4085181489936,2000,1000,0.0,0.0441504868082915,True,True,True,True,True,True,True,137.70992988400394,1278,278,0.722,0.0408445088298448,True,False,True,True,False,True,True,-0.080848726444156,-0.0033059779784467003,1.5061260892638484,-69.69858826498967
20177,200.31557313998928,2000,1000,0.0,0.3520713937435733,False,False,True,True,True,True,True,210.876715669001,2000,1000,0.0,0.5242648671429482,False,False,True,True,True,True,False,139.2867469000048,1261,261,0.739,0.1350617150062234,False,False,True,True,False,True,True,0.17219347339937485,-0.38920315213672474,1.513975452527377,-71.58996876899619
20178,203.36881921102758,2000,1000,0.0,0.1517650393322487,False,False,True,True,True,True,True,199.23476329998812,2000,1000,0.0,0.1440758551418479,False,False,True,True,True,True,True,130.00787935900735,1268,268,0.732,0.2297742007571948,False,False,False,True,True,True,True,-0.007689184190400794,0.0856983456153469,1.5324822178647783,-69.22688394098077
20179,205.87740728998324,2000,1000,0.0,0.104642725510117,False,False,True,True,True,True,True,216.45866907498566,2000,1000,0.0,0.2499237840076835,False,False,False,True,True,True,True,145.04684942099266,1287,287,0.713,-0.0864228786177996,True,True,True,True,True,True,True,0.1452810584975665,-0.3363466626254831,1.4923362343895046,-71.411819653993
20180,198.9941720989882,2000,1000,0.0,0.1659250992402583,False,False,False,True,True,True,True,204.30015063501196,2000,1000,0.0,0.0477983760920324,True,False,True,True,False,True,True,137.25150045903865,1311,311,0.689,0.2699748229213199,False,False,True,True,True,True,True,-0.1181267231482259,0.2221764468292875,1.488509414845948,-67.04865017597331
20181,219.4976421209867,2000,1000,0.0,0.1676636220515437,False,False,True,True,True,True,True,224.15124440501677,2000,1000,0.0,0.4375042916028331,False,False,True,True,True,True,True,147.5654418199556,1292,292,0.708,0.2732232083810153,False,False,True,True,True,True,True,0.2698406695512894,-0.16428108322181778,1.51899551575567,-76.58580258506117
20182,198.532242152025,2000,1000,0.0,0.3090574193053186,False,False,False,True,True,True,True,200.88380744500319,2000,1000,0.0,0.1147987098156644,False,False,True,True,True,True,True,137.6104129299638,1342,342,0.658,0.290715295404949,False,False,True,True,True,True,True,-0.1942587094896542,0.1759165855892846,1.4598009203507158,-63.2733945150394
20183,200.12071871198714,2000,1000,0.0,0.1913946736496807,False,False,False,True,False,True,True,203.19927275495138,2000,1000,0.0,0.0192010449801944,True,False,True,True,False,True,True,132.8646430579829,1288,288,0.712,-0.0117355587654905,True,False,True,True,False,True,True,-0.17219362866948631,-0.030936603745684896,1.529370553957489,-70.33462969696848
20184,192.07285859499825,2000,1000,0.0,0.0683671042862457,True,True,False,True,True,True,True,207.38885249302257,2000,1000,0.0,0.0690751935739495,True,True,True,True,True,True,True,136.5663469400024,1273,273,0.727,0.3950756331935201,False,False,False,True,True,True,True,0.0007080892877038003,0.3260004396195706,1.5185941276157484,-70.82250555302016
20185,211.36618381401058,2000,1000,0.0,0.1964020409942541,False,False,True,True,True,True,True,218.0611223660526,2000,1000,0.0,0.0544042473136219,True,False,True,True,False,True,True,141.15583949402208,1293,293,0.707,0.0258680001248201,True,True,True,True,True,True,True,-0.1419977936806322,-0.0285362471888018,1.544825372777351,-76.90528287203051
20186,204.27514615800465,2000,1000,0.0,0.0794070326348848,True,False,True,True,False,True,True,176.22016216395423,2000,1000,0.0,0.0647529393788381,True,False,True,True,False,False,True,115.39621416199952,1306,306,0.694,0.0971385545911474,True,False,True,True,False,True,True,-0.014654093256046705,0.0323856152123093,1.5270878983652507,-60.823948001954705
20187,205.22271389199886,2000,1000,0.0,0.0180814000805344,True,False,True,True,False,True,True,216.0586942859809,2000,1000,0.0,0.060737328461534,True,True,False,True,True,True,True,146.00085897999816,1283,283,0.717,0.0562015411226557,True,True,False,True,True,True,True,0.0426559283809996,-0.0045357873388783,1.4798453638932394,-70.05783530598274
20188,201.75418918998912,2000,1000,0.0,0.0716747244421789,True,True,True,True,True,True,True,204.51442538999254,2000,1000,0.0,0.0383367609981846,True,True,True,True,True,True,True,138.33963373798179,1321,321,0.679,0.1596840807732977,False,False,True,True,True,True,True,-0.0333379634439943,0.12134731977511311,1.4783502013410503,-66.17479165201075
20189,224.29764068702934,2000,1000,0.0,0.1905819604124206,False,False,False,True,True,True,True,218.56780573003925,2000,1000,0.0,0.0851042548328475,True,True,True,True,True,True,True,148.13892195600783,1284,284,0.716,0.3093675804328573,False,False,False,True,True,True,True,-0.10547770557957309,0.22426332560000978,1.475424573394333,-70.42888377403142
20190,199.3697631729883,2000,1000,0.0,0.044869975490263,True,False,True,True,False,True,True,200.73505899502197,2000,1000,0.0,0.1262019735054593,False,False,True,True,True,True,True,134.44144843600225,1299,299,0.701,0.5362440299184268,False,False,True,True,True,True,True,0.0813319980151963,0.4100420564129675,1.4931039596064548,-66.29361055901973
20191,200.303679345001,2000,1000,0.0,0.0329340226098073,True,False,True,True,False,False,True,201.9857241740101,2000,1000,0.0,0.1792094543834315,False,False,True,True,True,True,True,133.05842104100157,1327,327,0.673,0.0727743629582287,True,False,True,True,False,True,True,0.1462754317736242,-0.1064350914252028,1.5180228548764214,-68.92730313300854
20192,209.43247183598578,2000,1000,0.0,0.0520092645987988,True,False,True,True,False,True,True,206.612153708993,2000,1000,0.0,0.0519923578605174,True,False,True,True,False,True,True,142.69638952601235,1288,288,0.712,0.0170173573548044,True,True,True,True,True,True,True,-1.690673828139838e-05,-0.034975000505713005,1.4479143753761852,-63.91576418298064
20193,227.3626811139984,2000,1000,0.0,0.4426744286804549,False,False,True,True,True,True,True,228.35143635602435,2000,1000,0.0,0.4400084346649944,False,False,True,True,True,True,True,155.71951999497833,1320,320,0.68,0.1248097156261334,False,False,True,True,True,True,True,-0.0026659940154605266,-0.315198719038861,1.4664278207599681,-72.63191636104602
20194,201.10408883396303,2000,1000,0.0,0.0513001114038615,True,False,False,True,False,True,True,183.0273918469902,2000,1000,0.0,0.2052207547272004,False,False,True,True,True,True,True,138.07286164403195,1297,297,0.703,0.1293833762962375,False,False,True,True,False,True,True,0.15392064332333888,-0.07583737843096289,1.3255855616207646,-44.95453020295827
20195,198.56277424201835,2000,1000,0.0,0.0713299298820251,True,True,True,True,True,True,True,203.33188650698867,2000,1000,0.0,0.0659813997356764,True,False,True,True,False,True,True,136.88434741599485,1284,284,0.716,0.0842400732673454,True,False,True,True,False,True,True,-0.005348530146348701,0.01825867353166899,1.4854283221226028,-66.44753909099381
20196,225.7347692149924,2000,1000,0.0,0.3238283179421604,False,False,True,True,True,True,True,229.85398216499016,2000,1000,0.0,0.116893388131011,False,False,True,True,True,True,True,149.52145403798204,1301,301,0.699,0.4328753261097429,False,False,True,True,True,True,True,-0.2069349298111494,0.31598193797873186,1.5372642250161754,-80.33252812700812
20197,194.33701047400245,2000,1000,0.0,0.0209599311259243,True,True,True,True,True,True,True,197.8346484269714,2000,1000,0.0,0.0209423199402163,True,True,True,True,True,True,True,134.83621538203442,1312,312,0.688,0.0856118946521053,True,False,True,True,False,True,True,-1.76111857079983e-05,0.064669574711889,1.467221902264478,-62.998433044936974
20198,188.87038603698602,2000,1000,0.0,0.2063319612889973,False,False,True,True,True,True,True,194.28924165200442,2000,1000,0.0,0.2111907099560834,False,False,True,True,True,True,True,130.23616511799628,1286,286,0.714,0.1139997575232882,False,False,True,True,True,True,True,0.004858748667086105,-0.09719095243279521,1.4918225016528621,-64.05307653400814
20199,218.54038715100614,2000,1000,0.0,0.1203707957083199,False,False,False,True,True,True,True,218.76913787802914,2000,1000,0.0,0.0672995834661893,True,False,True,True,False,True,True,150.1220185009879,1337,337,0.663,0.0458259971030763,True,False,True,True,False,True,True,-0.0530712122421306,-0.021473586363113008,1.4572754887157975,-68.64711937704124
20200,207.80892568797572,2000,1000,0.0,0.1642158752703224,False,False,False,True,True,True,True,208.9605070820544,2000,1000,0.0,0.1534224668885446,False,False,True,True,True,True,True,143.43495208997047,1294,294,0.706,0.1480836330479373,False,False,True,True,True,True,True,-0.01079340838177778,-0.005338833840607293,1.4568311561256186,-65.52555499208393
20201,227.53474001999712,2000,1000,0.0,0.0034701700614743,True,False,True,True,False,True,True,229.07523607002804,2000,1000,0.0,0.1724721206877841,False,False,True,True,True,True,True,153.0084200890269,1293,293,0.707,0.026030292635502,True,True,True,True,True,True,True,0.1690019506263098,-0.1464418280522821,1.4971413725907514,-76.06681598100113
20202,199.18232897901908,2000,1000,0.0,0.1183133999994456,False,False,False,True,True,True,True,199.53837588900933,2000,1000,0.0,0.1199876676749465,False,False,True,True,True,True,True,138.90386438602582,1301,301,0.699,0.1612611435967483,False,False,False,True,True,True,True,0.0016742676755008984,0.04127347592180182,1.4365214155199812,-60.634511502983514
20203,199.2291358669754,2000,1000,0.0,0.1754851026937025,False,False,True,True,True,True,True,202.80656480800826,2000,1000,0.0,0.0666443194588994,True,True,True,True,True,True,True,138.19636820297455,1294,294,0.706,0.1655828503943084,False,False,True,True,True,True,True,-0.10884078323480309,0.098938530935409,1.467524562658102,-64.6101966050337
20204,222.51192183600506,2000,1000,0.0,0.219046660528221,False,False,True,True,True,True,True,228.46724958095,2000,1000,0.0,0.2428167518447015,False,False,True,True,True,True,True,140.5142667319742,1285,285,0.715,0.1541504562048548,False,False,True,True,True,True,True,0.0237700913164805,-0.08866629563984671,1.6259363187422307,-87.95298284897581
20205,194.7351885579992,2000,1000,0.0,0.0424271063659666,True,False,True,True,False,True,True,198.99390274501638,2000,1000,0.0,0.0088593996115911,True,False,True,True,False,True,True,130.74820471799467,1271,271,0.729,0.1289180492061854,False,False,True,True,True,True,True,-0.0335677067543755,0.12005864959459431,1.5219627923321626,-68.24569802702172
20206,191.6141658659908,2000,1000,0.0,0.177536893185108,False,False,True,True,True,True,True,193.7434470159933,2000,1000,0.0,0.0465182457657036,True,False,True,True,False,True,True,132.32579474296654,1300,300,0.7,0.1472539607974781,False,False,True,True,True,True,True,-0.13101864741940442,0.1007357150317745,1.4641396818536112,-61.41765227302676
20207,216.38351037801476,2000,1000,0.0,0.1947122607835396,False,False,True,True,True,True,True,217.65648091497133,2000,1000,0.0,0.1474917074713886,False,False,True,True,True,True,True,149.43251811899245,1292,292,0.708,0.1331794988583521,False,False,True,True,False,True,True,-0.047220553312151,-0.014312208613036503,1.4565536581646334,-68.22396279597888
20208,209.70192799600773,2000,1000,0.0,0.1640166866425669,False,False,False,True,True,True,True,212.4682845880161,2000,1000,0.0,0.5539969012392323,False,False,True,True,True,True,True,144.4943437949987,1301,301,0.699,0.0757643856506167,True,True,True,True,True,True,True,0.3899802145966654,-0.47823251558861557,1.4704263087934804,-67.97394079301739
20209,226.88571981398854,2000,1000,0.0,0.2156334175867762,False,False,False,True,False,True,True,228.74323783098953,2000,1000,0.0,0.2029475536223177,False,False,True,True,True,True,True,153.08495088503696,1285,285,0.715,0.3590420677844097,False,False,True,True,True,True,True,-0.012685863964458505,0.15609451416209202,1.4942241971437813,-75.65828694595257
20210,196.92025785101578,2000,1000,0.0,0.1048850398985816,False,False,True,True,False,True,True,196.62340790999588,2000,1000,0.0,0.0262374037826109,True,True,True,True,True,True,True,138.3753002010053,1307,307,0.693,0.156577930527221,False,False,False,True,True,True,True,-0.0786476361159707,0.1303405267446101,1.4209429545907313,-58.248107708990574
20211,192.70369265502086,2000,1000,0.0,0.2012932095119186,False,False,False,True,True,True,True,201.24656097899424,2000,1000,0.0,0.2631365447032951,False,False,True,True,True,True,True,136.88468246802222,1288,288,0.712,0.2566010827744573,False,False,True,True,True,True,True,0.061843335191376525,-0.006535461928837805,1.4701905089052434,-64.36187851097202
20212,225.53611540596467,2000,1000,0.0,0.181671582285773,False,False,True,True,True,True,True,230.22036595502868,2000,1000,0.0,0.1345360230536822,False,False,True,True,True,True,True,148.58218364202185,1279,279,0.721,0.0442327930172545,True,True,False,True,True,True,True,-0.047135559232090785,-0.0903032300364277,1.5494479910841612,-81.63818231300684
20213,192.52213022997603,2000,1000,0.0,0.2210842512690352,False,False,True,True,True,True,True,195.49944048700854,2000,1000,0.0,0.1865070158493491,False,False,True,True,True,True,True,131.85898310196353,1311,311,0.689,0.0517834000853625,True,True,True,True,True,True,True,-0.0345772354196861,-0.1347236157639866,1.4826402865236212,-63.64045738504501
20214,191.34356499800924,2000,1000,0.0,0.0206880144185674,True,False,True,True,True,False,True,195.27372681698762,2000,1000,0.0,0.0207366212911264,True,False,True,True,True,False,True,133.13959574501496,1316,316,0.684,0.0931074425131708,True,True,False,True,True,True,True,4.86068725590004e-05,0.0723708212220444,1.4666840899154459,-62.13413107197266
20215,208.07792778598377,2000,1000,0.0,0.1406583797144129,False,False,True,True,True,True,True,216.25645412300946,2000,1000,0.0,0.23151570212028,False,False,True,True,True,True,True,142.8572503500036,1277,277,0.723,0.2744953861388612,False,False,True,True,True,True,True,0.09085732240586711,0.04297968401858121,1.513794039806703,-73.39920377300587
20216,207.38130440702662,2000,1000,0.0,0.0816096661706478,True,True,True,True,True,True,True,213.6547945010243,2000,1000,0.0,0.1720388862671811,False,False,True,True,True,True,True,143.94834239798365,1297,297,0.703,0.2216469990084544,False,False,False,True,True,True,False,0.09042922009653331,0.049608112741273275,1.4842462993447922,-69.70645210304065
20217,222.70536708994769,2000,1000,0.0,0.1924105135908398,False,False,False,True,True,True,True,224.33102395496098,2000,1000,0.0,0.229499888467787,False,False,False,True,True,True,True,149.97161982301623,1271,271,0.729,0.0288646064807913,True,False,True,True,False,True,True,0.03708937487694719,-0.20063528198699568,1.495823171208642,-74.35940413194476
20218,201.70426017796854,2000,1000,0.0,0.2018139895228845,False,False,True,True,True,True,True,198.3064741420094,2000,1000,0.0,0.1142494820077981,False,False,True,True,True,True,True,135.50657323299674,1275,275,0.725,-0.0246583298708191,True,True,False,True,True,True,True,-0.08756450751508642,-0.1389078118786172,1.463445421212382,-62.79990090901265
20219,198.26700961898314,2000,1000,0.0,0.3399716768207437,False,False,True,True,True,True,True,200.0661738840281,2000,1000,0.0,0.2482956679227452,False,False,True,True,True,True,True,132.682668894995,1287,287,0.713,0.3429643831551558,False,False,False,True,True,True,True,-0.09167600889799848,0.0946687152324106,1.5078546094242373,-67.3835049890331
20220,225.72354116803035,2000,1000,0.0,0.0280470477834438,True,True,True,True,True,True,True,228.80816364602651,2000,1000,0.0,0.0230269859211977,True,True,True,True,True,True,True,149.90777000400703,1309,309,0.691,0.0150831958018109,True,True,True,True,True,True,True,-0.0050200618622461,-0.007943790119386802,1.526326244729746,-78.90039364201948
20221,193.3625153080211,2000,1000,0.0,0.3965781900585217,False,False,False,True,True,True,True,193.68019382102648,2000,1000,0.0,0.2728934344743923,False,False,False,True,True,True,True,135.72965630498948,1340,340,0.66,0.3221136475679929,False,False,True,True,True,True,False,-0.12368475558412939,0.049220213093600584,1.426955604940309,-57.950537516037
20222,191.76203556900145,2000,1000,0.0,0.1240079815664376,False,False,False,True,True,True,True,195.71848123305244,2000,1000,0.0,0.0390553047780333,True,False,True,True,False,True,True,136.06464393797796,1332,332,0.668,0.8513769988712259,False,False,True,True,True,True,True,-0.08495267678840429,0.8123216940931925,1.4384227641257517,-59.65383729507448
20223,216.53956820699386,2000,1000,0.0,0.0581762511189278,True,False,True,True,False,True,True,217.4543843899737,2000,1000,0.0,0.0490969125744165,True,True,True,True,True,True,True,148.23527531296713,1284,284,0.716,0.1804425283450514,False,False,False,True,True,True,True,-0.009079338544511303,0.1313456157706349,1.4669543665019356,-69.21910907700658
20224,213.0716747319675,2000,1000,0.0,0.2285558538811454,False,False,True,True,False,True,True,224.11207664804533,2000,1000,0.0,0.2063805341277067,False,False,False,True,True,True,True,152.17331600398757,1303,303,0.697,0.1891361238169526,False,False,True,True,True,True,False,-0.0221753197534387,-0.017244410310754105,1.4727422818477103,-71.93876064405777
20225,217.19006195198745,2000,1000,0.0,0.1012839876918292,False,False,True,True,False,True,True,199.55154580902308,2000,1000,0.0,0.3502694237177781,False,False,True,True,True,True,True,146.7022086599609,1282,282,0.718,0.221060829243294,False,False,True,True,True,True,False,0.2489854360259489,-0.12920859447448407,1.3602490898522255,-52.849337149062194
20226,237.4783164060209,2000,1000,0.0,0.2032150729308419,False,False,True,True,True,True,True,240.22786113602342,2000,1000,0.0,0.2900127796343987,False,False,True,True,True,True,True,160.15783402201487,1289,289,0.711,0.1057240303212356,False,False,True,True,True,True,True,0.0867977067035568,-0.18428874931316308,1.4999444928994379,-80.07002711400855
20227,201.00317542400444,2000,1000,0.0,0.0934791656975786,True,True,True,True,True,True,True,206.95065635599894,2000,1000,0.0,0.1225953781856183,False,False,True,True,True,True,True,133.40848730900325,1271,271,0.729,-0.0038180396494542,True,False,True,True,False,True,True,0.02911621248803971,-0.1264134178350725,1.55125555000602,-73.5421690469957
20228,190.6604047990404,2000,1000,0.0,0.2964056164144448,False,False,True,True,True,True,True,197.7595609659911,2000,1000,0.0,0.2907457293051081,False,False,True,True,True,True,True,132.61752402200364,1283,283,0.717,0.1956489493455642,False,False,True,True,True,True,True,-0.005659887109336681,-0.09509677995954391,1.4912023310975044,-65.14203694398748
20229,208.889268325991,2000,1000,0.0,0.1133322190095089,False,False,False,True,True,True,True,206.9859966300428,2000,1000,0.0,0.0840553683210343,True,True,True,True,True,True,True,143.39481056202203,1314,314,0.686,0.2336123581888687,False,False,True,True,True,True,True,-0.029276850688474604,0.1495569898678344,1.4434692288987396,-63.59118606802076
20230,194.8565319509944,2000,1000,0.0,0.0074984071799519,True,False,True,True,False,True,True,200.18477045500185,2000,1000,0.0,0.3633612974312052,False,False,False,True,True,True,True,137.34378643595846,1315,315,0.685,0.1283480082862009,False,False,True,True,True,True,True,0.3558628902512533,-0.2350132891450043,1.4575451547518334,-62.84098401904339
20231,217.17395288299304,2000,1000,0.0,0.0968153863514773,True,True,True,True,True,True,True,223.80690741399303,2000,1000,0.0,0.0168793429064084,True,True,True,True,True,True,True,138.52999966201605,1282,282,0.718,0.0565268142024812,True,True,True,True,True,True,True,-0.0799360434450689,0.0396474712960728,1.6155844074210253,-85.27690775197698
20232,224.47593195497757,2000,1000,0.0,0.0131525523255469,True,False,True,True,False,True,True,226.05415174399968,2000,1000,0.0,0.2751617240564705,False,False,True,True,True,True,True,154.11685241298983,1290,290,0.71,0.0468668275164461,True,True,True,True,True,True,True,0.2620091717309236,-0.22829489654002438,1.4667711428354253,-71.93729933100985
20233,222.9817623720155,2000,1000,0.0,0.0742046091075501,True,True,True,True,True,True,True,219.15546334796818,2000,1000,0.0,0.0463479101185448,True,True,True,True,True,True,True,151.72397342295153,1299,299,0.701,0.2493183024371177,False,False,True,True,True,True,True,-0.0278566989890053,0.2029703923185729,1.4444353018427882,-67.43148992501665
20234,236.73394751996966,2000,1000,0.0,0.0775739466915936,True,False,True,True,False,True,True,239.0967584970058,2000,1000,0.0,0.0842066497374665,True,True,True,True,True,True,True,159.27602867700625,1298,298,0.702,0.0776149843009053,True,True,True,True,True,True,True,0.0066327030458728925,-0.0065916654365612,1.5011471624638943,-79.82072981999954
20235,201.94735140999546,2000,1000,0.0,0.3751379841035778,False,False,True,True,True,True,True,206.54445946100168,2000,1000,0.0,0.2067443351597884,False,False,True,True,True,True,True,133.25740166002652,1282,282,0.718,0.2456207524171132,False,False,True,True,False,True,True,-0.1683936489437894,0.0388764172573248,1.5499661323725122,-73.28705780097516
20236,195.8764854420442,2000,1000,0.0,0.1726932222995767,False,False,True,True,False,False,True,199.33845465804916,2000,1000,0.0,0.1043943720789926,False,False,True,True,True,True,True,133.44588476902572,1287,287,0.713,0.2514694684254213,False,False,True,True,True,True,True,-0.0682988502205841,0.14707509634642868,1.4937774589532928,-65.89256988902343
20237,207.40681561396923,2000,1000,0.0,0.0180017183371781,True,False,True,True,False,False,True,207.38460112403845,2000,1000,0.0,0.1900754281982237,False,False,True,True,True,True,True,143.24062774702907,1296,296,0.704,0.0210229327669146,True,False,True,True,False,True,True,0.17207370986104562,-0.1690524954313091,1.4478057265309618,-64.14397337700939
20238,194.16191839700332,2000,1000,0.0,0.030575518926442,True,False,False,True,False,True,True,194.0596561540151,2000,1000,0.0,0.0323156322001345,True,True,False,True,True,True,True,132.7805060489918,1275,275,0.725,0.2716154941670137,False,False,True,True,True,True,True,0.0017401132736925042,0.2392998619668792,1.4615071287829948,-61.27915010502329
20239,221.285200282,2000,1000,0.0,0.0413074649935474,True,True,True,True,True,True,True,222.51145197096048,2000,1000,0.0,0.1159829179236791,False,False,True,True,True,True,True,150.15944224101258,1309,309,0.691,0.2197851383333908,False,False,True,True,True,True,True,0.0746754529301317,0.10380222040971171,1.481834566312651,-72.3520097299479
20240,223.5141636529588,2000,1000,0.0,0.2019314913539371,False,False,True,True,True,False,True,225.49193765199743,2000,1000,0.0,0.0129525660187859,True,True,False,True,True,True,True,156.4342949189595,1298,298,0.702,-0.0065501814093913,True,True,True,True,True,True,True,-0.1889789253351512,-0.0195027474281772,1.4414482308295193,-69.05764273303794
20241,220.6175049059675,2000,1000,0.0,0.239473571264531,False,False,False,True,True,True,True,218.91500571701908,2000,1000,0.0,0.1784672430956053,False,False,False,True,True,True,True,151.36377324099885,1283,283,0.717,0.2464086286351516,False,False,True,True,True,True,True,-0.061006328168925705,0.06794138553954629,1.4462840151881409,-67.55123247602023
20242,234.2190722869709,2000,1000,0.0,0.1712847240146491,False,False,True,True,False,False,True,235.85266805399442,2000,1000,0.0,0.3280190907951716,False,False,True,True,True,True,True,158.55426604900276,1288,288,0.712,0.2355139089113622,False,False,True,True,True,True,False,0.15673436678052252,-0.0925051818838094,1.4875201653741805,-77.29840200499166
20243,202.3929074490443,2000,1000,0.0,0.2591928764527189,False,False,True,True,True,True,True,204.35537833801936,2000,1000,0.0,0.0979017704250626,True,True,True,True,True,True,True,132.66837362595834,1298,298,0.702,0.1315188431069405,False,False,True,True,True,True,True,-0.16129110602765628,0.03361707268187791,1.5403473544808308,-71.68700471206103
20244,194.57034625997767,2000,1000,0.0,0.085170525470021,True,False,True,True,False,True,True,199.06860529800178,2000,1000,0.0,0.0888733257860057,True,True,True,True,True,True,True,133.36283743503736,1287,287,0.713,0.0199728031038084,True,False,True,True,False,True,True,0.003702800315984689,-0.06890052268219729,1.4926842374283653,-65.70576786296442
20245,201.43068804196082,2000,1000,0.0,0.224451250484476,False,False,True,True,True,True,True,202.72612377494806,2000,1000,0.0,0.326835327181131,False,False,True,True,True,True,True,139.25942643801682,1310,310,0.69,0.2443911043200408,False,False,False,True,True,True,True,0.102384076696655,-0.08244422286109021,1.4557443539750592,-63.46669733693125
20246,195.19690192997223,2000,1000,0.0,0.0821280159123301,True,False,True,True,False,True,True,199.50348618999124,2000,1000,0.0,0.1009892697751029,False,False,True,True,True,True,True,137.301236223022,1322,322,0.678,0.0469352312850519,True,False,True,True,False,False,True,0.018861253862772806,-0.054054038490051005,1.4530348864880758,-62.20224996696925
20247,213.77246341004502,2000,1000,0.0,0.2464927714857516,False,False,True,True,True,True,True,218.54800957802217,2000,1000,0.0,0.2185573621350709,False,False,True,True,True,True,False,143.5973365100217,1281,281,0.719,0.3405913457496758,False,False,True,True,True,True,True,-0.0279354093506807,0.12203398361460491,1.5219503013746334,-74.95067306800047
20248,221.89075120602502,2000,1000,0.0,0.1951606400138601,False,False,True,True,True,True,True,227.50726350396872,2000,1000,0.0,0.1437848650769488,False,False,True,True,True,True,True,154.63687887700507,1305,305,0.695,0.2548161490161007,False,False,True,True,True,True,True,-0.05137577493691131,0.11103128393915193,1.4712354850677194,-72.87038462696364
20249,224.773393312993,2000,1000,0.0,0.3043029365098846,False,False,True,True,True,True,True,216.9584416510188,2000,1000,0.0,0.426855947234781,False,False,True,True,True,True,True,151.0981012090342,1279,279,0.721,0.4671691461437159,False,False,True,True,True,True,True,0.12255301072489638,0.04031319890893492,1.4358780151106676,-65.86034044198459
20250,236.53972174500814,2000,1000,0.0,0.2919913980677382,False,False,True,True,True,True,True,235.30373664101353,2000,1000,0.0,0.2031794629689205,False,False,False,True,True,True,True,157.52702763699926,1280,280,0.72,0.2294264619832056,False,False,False,True,True,True,False,-0.08881193509881771,0.026246999014285094,1.4937356475946506,-77.77670900401426
20251,203.7022408140474,2000,1000,0.0,0.122727109553562,False,False,True,True,False,True,True,207.47067120304564,2000,1000,0.0,0.3269027184404622,False,False,True,True,True,True,True,113.06168091401923,1289,289,0.711,0.0568419496003969,True,True,True,True,True,True,True,0.2041756088869002,-0.2700607688400653,1.8350219944175625,-94.4089902890264
20252,194.33442193001974,2000,1000,0.0,0.078737383187744,True,False,False,True,False,True,True,198.71586240502074,2000,1000,0.0,0.0697486662879391,True,False,True,True,False,True,True,136.17304264899576,1302,302,0.698,0.1014069648359967,False,False,True,True,True,True,True,-0.008988716899804891,0.0316582985480576,1.4592892876546606,-62.54281975602498
20253,207.03057536599226,2000,1000,0.0,0.0888175824003223,True,True,True,True,True,True,True,192.61031743499916,2000,1000,0.0,0.0354620437656176,True,True,True,True,True,True,True,142.5556610780186,1284,284,0.716,0.1115607110465788,False,False,True,True,True,True,True,-0.05335553863470469,0.07609866728096121,1.351123596063901,-50.05465635698056
20254,193.3429280089913,2000,1000,0.0,0.1016757287170904,False,False,True,True,False,False,True,199.90464512701146,2000,1000,0.0,0.0597320072091012,True,False,True,True,False,True,True,136.2339056779747,1313,313,0.687,0.0110531288021231,True,False,True,True,False,True,True,-0.041943721507989196,-0.0486788784069781,1.4673633860247655,-63.67073944903677
20255,219.10279093903955,2000,1000,0.0,0.1106084124891406,False,False,False,True,True,True,True,222.09752339601982,2000,1000,0.0,-0.0103733645832413,True,True,False,True,True,True,True,148.96979282901157,1299,299,0.701,0.0063230170119918,True,True,False,True,True,True,True,-0.1209817770723819,0.016696381595233102,1.4908896574149413,-73.12773056700826
