config,seed,task_id,energy_ev,energy_per_atom_ev,maximum_force_ev_ang,converged,relax_elapsed_seconds,steps,formula,chemical_system,input_hash,output_hash,energy_above_hull_per_atom,rmsd_from_relaxation,novel_unique_stable,stable,comp_validity,structure_comp_validity,structure_validity,novel,novel_unique,unique,is_unique,is_novel,is_explored,energy_above_hull,self_consistent_energy_above_hull
G1,14000,G1_seed_14000,-185.96046447753906,-9.298023223876953,0.049118898808956146,True,2.582016210013535,82,SrEu7O12,Eu-O-Sr,fd2da93dbde0ca0f42b7af1d4dd816a9d4b5d393b23c4b84856d13e737bfa2c8,6b2e2af04db121dec55eef15d385e08984aadf85ae13051ca13555f6a37e7188,0.14863472329700045,0.03887595192549598,False,False,False,False,True,True,True,True,True,True,True,0.14863472329700045,0.14863472329700045
G1,14001,G1_seed_14001,-59.239009857177734,-7.404876232147217,0.039592184126377106,True,0.8419019849970937,21,FeCo3,Co-Fe,3d0a4a2b81135376faeea22e0031bf9571dd73bc51ea857a9d0e697aff62e831,c45779717519318c968f0b3a0fe2acd7475151db4abba0c8646286ece6330b2a,0.08623476507088412,0.01694215955190031,False,True,True,True,True,False,False,True,True,False,True,0.08623476507088412,0.048605097595883606
G1,14002,G1_seed_14002,-64.12274932861328,-8.01534366607666,0.04492330551147461,True,0.7230317019857466,25,Eu2SiSn,Eu-Si-Sn,7ee1c40e2cbc2a8f5da8fe129a0d509fdefc47d4944e19ab4afc559c9f397e1d,0928c90d3492fa07f7893ba0f5ab655b6050ec049091fcb6a2ff0884bbc1cc2a,0.1733654867120613,0.03962519889451931,False,False,True,True,True,True,True,True,True,True,False,0.1733654867120613,0.1733654867120613
G1,14003,G1_seed_14003,-75.74993896484375,-7.574993896484375,0.048520538955926895,True,0.5492543680011295,19,Eu2ZnPtO6,Eu-O-Pt-Zn,5dc1b4808e8d8b9b782122d07df2b7a9822b4b3f225b24f3e7f234a9d00ac327,162e2ece352cdf5ce703be83b318052557c623042a5143f9ac2a9b6dc1327944,0.13513977831564716,0.003528789572442988,False,False,True,True,True,False,False,True,True,False,True,0.13513977831564716,0.13513977831564716
G1,14004,G1_seed_14004,-43.25144958496094,-8.650289916992188,0.04493052139878273,True,0.8146383480052464,29,Mn2Fe3,Fe-Mn,afcf0a919f331d252fc04fb301611ddeb2b90be2a312f12ae32df190e222be73,c7d0c9b8a55e3a93820cb05f6c34f04b9e745886757c7e316adc63b0296e8acc,0.10695404982562096,0.03198986430247622,False,False,True,True,True,False,False,True,True,False,True,0.10695404982562096,0.10695404982562096
G1,14005,G1_seed_14005,-29.099376678466797,-7.274844169616699,0.037815291434526443,True,0.40175176598131657,12,Fe2SiNi,Fe-Ni-Si,55bb5a2d681d50d2db1c9fde3ec8e80fceb3b0b7f7349b73c00b5e6f18887586,b60051d8afbb6874747d0332b670893d2a5760d0e6746a6a55dbc2a73726f637,0.14178057214372686,0.0037805566268117397,False,False,False,False,True,False,False,True,True,False,True,0.14178057214372686,0.14178057214372686
G1,14006,G1_seed_14006,-38.06022262573242,-6.34337043762207,0.04734287038445473,True,0.7244525740388781,25,FeHRh,Fe-H-Rh,821c309f3b70f1c7ec2c139f7419f1cae4f9f28ff69b0607b478b4dbeda2977e,6b47f5483c2254fadfac15e9963a2dec79e5c2b4f20ccb4594196e0d501d5299,0.10618473943474793,0.04584418217870308,False,False,True,True,True,True,True,True,True,True,True,0.10618473943474793,0.10618473943474793
G1,14007,G1_seed_14007,-86.57188415527344,-9.619098239474827,0.04228759557008743,True,0.08284366899169981,3,Eu2Pt,Eu-Pt,a877c3b869de4f3afdbb90343adeee6e5832ebaf9166f86345bebc8dc2de9909,2b5b2bd7df5036ff4fc5dcb5c0ffb1db34f9cd446afaf0f421fd7db256b45401,0.02430366849522514,0.0031665746613240824,True,True,True,True,True,True,True,True,True,True,True,0.02430366849522514,0.0
G1,14008,G1_seed_14008,-172.87908935546875,-9.604393853081596,0.04523148015141487,False,15.382202195003629,500,Eu2GdPdO5,Eu-Gd-O-Pd,d5e633a1b8b25dd37c957a1b8a1709cf6b212a82b0cd3c6fbe1928ab12e32ccd,315b380012d110f5394b2d5fed5e1522ed02646a5a16db41252d91408556aa53,0.20592250401299772,0.8202554201982862,False,False,True,True,True,True,True,True,True,True,False,0.20592250401299772,0.20592250401299772
G1,14009,G1_seed_14009,-55.977806091308594,-6.997225761413574,0.029521385207772255,True,1.4245066599687561,50,MnFeCO,C-Fe-Mn-O,14cbba181fb02af967c28e27374fbff08948c5e5b48c86f7e019cf680e9a4025,d077201a2437f0e1a29bf526624420ea3dcaab9f6f5f8f90b5d18faab5904b16,0.7685509742312604,0.06544251976695842,False,False,True,True,True,True,True,True,True,True,True,0.7685509742312604,0.7685509742312604
G1,14010,G1_seed_14010,-78.00679016113281,-7.800679016113281,0.027800260111689568,True,0.973856808966957,33,Eu3AlH,Al-Eu-H,623c879ecbc2ecb1b9f01bb3f00ab5d1f80d8e4b4967b2ea4a72ff882273051f,e83af80dce0fa05d5715fcfd9915f7005dcda4957ac71127c1ab88fea0520a99,0.11296593205348238,0.04841482280123563,False,False,False,False,True,True,True,True,True,True,True,0.11296593205348238,0.11296593205348238
G1,14011,G1_seed_14011,-40.80864334106445,-8.161728668212891,0.03270765766501427,True,0.4824048970476724,16,Eu2FeNi2,Eu-Fe-Ni,c3b8de7fc7d6c67b86e7093751c68de2e39e9a3e3ebe2684180549cc5a8f694f,0a41bd416ff56070f37e445f452903751ac25396ddebaef16054d5943f29a934,0.13275386744411755,0.01666120460491906,False,False,True,True,True,True,True,True,True,True,False,0.13275386744411755,0.13275386744411755
G1,14012,G1_seed_14012,-36.490482330322266,-6.081747055053711,0.048716530203819275,True,0.7051148299942724,25,Eu2InCu3,Cu-Eu-In,44ebf564bdf00552a8713fc4d225b83094d2edd434ee4684a965b96d64ec30cd,975608111933bbc8b793087e132e03463709747911c7686cdc49bacc68f7f39f,0.11939835201604776,0.010183513173958537,False,False,True,True,True,True,True,True,True,True,True,0.11939835201604776,0.11915964203382412
G1,14013,G1_seed_14013,-89.27020263671875,-7.4391835530598955,0.048675764352083206,True,0.9733466129982844,34,Pr3Fe7BC,B-C-Fe-Pr,04e9cca05e72ea0b753e55084c8299cd5c316dc5b16e774620cddb8ebb525ced,43a81fd0c73d22860df60a5f8e72732e4b1d8ac92386e43c624e5e93d5ad4afd,0.1494571191788019,0.019514507272868076,False,False,False,False,True,True,True,True,True,True,True,0.1494571191788019,0.1494571191788019
G1,14014,G1_seed_14014,-40.18901824951172,-10.04725456237793,0.016651755198836327,True,0.9620084509951994,31,EuGd2Zn,Eu-Gd-Zn,089451b75d7bb8cd003d38fc61e1845739adf84ac05a8d789c554f73875af5b9,e3293103add18e5ba6c9e999de61e2ddf8df78870f55d5325724e795af9ae2fa,0.06994830882525349,0.028988822076176285,True,True,True,True,True,True,True,True,True,True,False,0.06994830882525349,0.06994830882525349
G1,14015,G1_seed_14015,-83.39454650878906,-6.949545542399089,0.01735265739262104,True,0.7428600830025971,18,Fe5Ni7,Fe-Ni,aa563a01d9833eafdd73dd4dbc372a2de70d31fed1996f716c0fdb699005c153,9d37256810ae43e84733cdc98f45ebf3def49e4d720fda49c2af50b75fcaa5b8,0.029175536638476274,0.010819885673277376,False,True,True,True,True,False,False,True,True,False,True,0.029175536638476274,0.0
G1,14016,G1_seed_14016,-161.8008270263672,-8.988934834798178,0.02655877359211445,True,1.6424835310317576,60,Eu5As4,As-Eu,1768b6b1ec02f0546d888a19615b8b19dcd4f343650fe68c01a9fe54dd2b7212,4dc311ee881ca131b12ad24e7c95dfede905ef44ce363e4a89f3cb3ac442808a,0.05056197362361914,0.04573605005936805,False,True,False,False,True,False,False,True,True,False,True,0.05056197362361914,0.0
G1,14017,G1_seed_14017,-27.30988121032715,-6.827470302581787,0.0053843348287045956,True,0.14238071703584865,5,Eu2ZnPb,Eu-Pb-Zn,d24529ed2b0db2612af201d84bd33f92c958e4bd80910378f48a1ed934769310,53c1556f6a74056225d2b7a5587a70d0f6a303cd039e7bdee81857f58f43584c,0.019973331439380182,0.00039121419386598715,False,True,True,True,True,False,False,True,True,False,True,0.019973331439380182,0.0
G1,14018,G1_seed_14018,-97.81057739257812,-9.781057739257813,0.04446490854024887,True,1.1638088710024022,40,Eu2O3,Eu-O,f343db3bfd4621f9b9dc4641ba38d7fb075ce922e27a07c233a1bd7b60b5b53f,72e1f7736f83953d286faee0961e75f5364f59864b0800773901ee9741f37f11,0.16764536985167666,0.019668199804327328,False,False,True,True,True,True,True,True,True,True,True,0.16764536985167666,0.0
G1,14019,G1_seed_14019,-59.99461364746094,-6.666068183051215,0.04748765751719475,True,0.5974247120320797,20,Fe2H,Fe-H,e956966b836c7ffe897dc7e79a7e87291f3db3ea96fd735184c6840c42425108,745f8c5ee6e36d0581060944c5e468c844707c3e4ff8b8f6d9bff2afa1786239,0.12462203439258701,0.006759934432376662,False,False,False,False,True,True,True,True,True,True,True,0.12462203439258701,0.12462203439258701
G1,14020,G1_seed_14020,-34.19550704956055,-8.548876762390137,0.0016274251975119114,True,0.06170765502611175,2,Fe3Ir,Fe-Ir,cd0a235ac64bf28319c10c2e62e481832c59454b36dbeaee91e19c4188060ee9,8179468dd116a6d11e16bece576ac9d249d87b289d4fcee39c7b9cd7d9e11a3f,0.07079983266506318,0.0005057347348933428,False,True,True,True,True,False,False,True,True,False,True,0.07079983266506318,0.014678440641729296
G1,14021,G1_seed_14021,-75.75279998779297,-8.41697777642144,0.03139737248420715,True,0.6737466149497777,21,Eu3Fe3Ge2Ir,Eu-Fe-Ge-Ir,2d596df7b9ba90132f8514ca34ffebc720179b7334440cf3feeb1515f9d2f7e0,f56786f5f8138d84db564fed2c5c5dd7fb87d5993c452a6de273fd1a482c4444,0.2850914608406949,0.008549835159682044,False,False,True,True,True,True,True,True,True,True,False,0.2850914608406949,0.2850914608406949
G1,14022,G1_seed_14022,-44.29450988769531,-7.382418314615886,0.03298677131533623,True,0.2871565179666504,10,BaEu3Sn2,Ba-Eu-Sn,ff01297659afbd7b3874f5d44680dc2d6957d1fa7579aaf6df3d1113f2b4a247,6f7fb8b4facb287466351c0cf9452390b6421712d72f1c1c1aaf6cb85ee6164d,0.06995332189226566,0.0019305629584103513,True,True,True,True,True,True,True,True,True,True,True,0.06995332189226566,0.062364806941433315
G1,14023,G1_seed_14023,-70.76080322265625,-6.43280029296875,0.04636365547776222,True,2.395095034968108,84,Eu3(AlAs)4,Al-As-Eu,d7a75d46daf094bd08bf813d8e92b41fd1f22bbc848343f91ad3d93b95951fb0,90b58c7e3402e901d07f20ea11e03dbbbec7fcefcc6ebb819f264e61da38270a,0.2492266989851677,0.12268580039247419,False,False,False,False,True,True,True,True,True,True,True,0.2492266989851677,0.20942799887471697
G1,14024,G1_seed_14024,-87.69926452636719,-7.308272043863933,0.04863036796450615,True,2.1406677839695476,77,EuSnPd,Eu-Pd-Sn,fa2ab3c994d454dfa516a47f16bc8ccc0d9413d7afa644a82b9381406fc55fde,ad101747a49610a34910d1b97915dacde6495129d439abd1796642f2ea6f9a27,-0.007052547392348174,0.056854255720975286,False,True,True,True,True,False,False,True,True,False,True,-0.007052547392348174,0.0
G1,14025,G1_seed_14025,-32.39111328125,-8.0977783203125,0.0013568593421950936,True,0.028878237993922085,1,Eu3Mg,Eu-Mg,228af5e5485236cc546fe92cfc351e37496c7633c2bca5f4a2049222dc63f86b,228af5e5485236cc546fe92cfc351e37496c7633c2bca5f4a2049222dc63f86b,0.07161321753624961,0.0006239839292081442,False,True,True,True,True,False,False,True,True,False,True,0.07161321753624961,0.02979529136375092
G1,14026,G1_seed_14026,-68.24317932128906,-6.824317932128906,0.025745786726474762,True,0.5929279249976389,20,Mg2Mn2FeO5,Fe-Mg-Mn-O,a3f35b39a4223167047a3942304d9de44bf20d2729f7c07116f7e329afefddac,f87af5971e565698ac011a1382c451ec126faa5095e9225b49519fe62f9b9c5c,0.15928451609717342,0.017834429425885798,False,False,True,True,True,True,True,True,True,True,True,0.15928451609717342,0.15928451609717342
G1,14027,G1_seed_14027,-97.20932006835938,-8.100776672363281,0.04338403791189194,True,6.5007630420150235,252,Fe5Si,Fe-Si,4fdadeabdc518eb8c9f3dcf6d61d6c7ce1907e1d4c08bc08aedc020556df4a1c,1fd06c441caed2d673e5d30723a75d2ef5ab106d8a52edd414c602f493ad0a6d,0.08330648470148638,0.36684188264697254,False,True,False,False,True,False,False,True,True,False,True,0.08330648470148638,0.0
G1,14028,G1_seed_14028,-36.358089447021484,-9.089522361755371,0.002336538629606366,True,0.16906536498572677,6,Gd2CdPd,Cd-Gd-Pd,8e1b2979ecd4bd6338d3f30d941c95c0ce73e8d1a7cca9836e72847f04eaf42d,4b77a595203e572a741d7cbf665cc88e4b3ae5bb606a0377764a06a01968855a,0.10818152675004811,0.0005313119265660659,False,False,True,True,True,True,True,True,True,True,True,0.10818152675004811,0.10818152675004811
G1,14029,G1_seed_14029,-56.01327896118164,-7.001659870147705,0.044864263385534286,True,1.2666618909570388,43,EuNi2Ge,Eu-Ge-Ni,8d47c02cbf72db8cfc1f9abfa01452676e5cb8dbb2090f0ba56d9b3c178b737c,b8d3cb8603da0f91984e5702e3bcf89856b1b815e18b7907b7abed2494cc88ce,0.06965123987634314,0.03538092597252302,True,True,True,True,True,True,True,True,True,True,True,0.06965123987634314,0.004611123271343054
G1,14030,G1_seed_14030,-33.801048278808594,-8.450262069702148,0.0065794438123703,True,0.2863372979918495,9,Mn2SiIr,Ir-Mn-Si,98ed8ada3c439dd99de3947cc551a07a0388b9d55130929c16a104a88c72566e,5e930a310369413b23c40c7b17eff9551b989e94332e4677a0d37be14f9869b5,0.12741820467102016,0.00047971885839376993,False,False,False,False,True,False,False,True,True,False,True,0.12741820467102016,0.1019147761872432
G1,14031,G1_seed_14031,-54.503787994384766,-6.812973499298096,0.030026033520698547,True,1.8187371109961532,62,AlFeCo2,Al-Co-Fe,f610a225103b7c069fc9e8eb54f89c86ee8948bc357a569722ab10052b479fea,08b2cf8609040c861e2a076579290ab5422d258645407b7d4289107861f70a8e,0.18440526623770914,1.1425095784299018,False,False,True,True,True,False,False,True,True,False,True,0.18440526623770914,0.14934146499771028
