atomic_numbers_unchanged,batch_size,config,converged,elapsed_seconds,family,finished_at,generation_summary,initial_energy_ev,initial_energy_per_atom_ev,initial_max_force_ev_ang,initial_stress_frobenius_ev_ang3,input_hash,input_path,method,output_dir,output_hash,output_path,pid,precision,rank,relax_steps,relaxed_energy_ev,relaxed_energy_per_atom_ev,relaxed_max_force_ev_ang,seed,started_at,status,task_id,generation_success,generation_elapsed_seconds,generation_composition_valid,generation_structure_valid,initial_state_hash,minimum_distance_angstrom,energy_above_hull_per_atom,rmsd_from_relaxation,stable,comp_validity,structure_validity,novel,unique,chgnet_mag_density,target_error,hit_0.01,hit_0.02,hit_0.05,metastable_le_0_2,nus,msun_le_0_2
True,4,A0_B4,True,4.512192694994155,quality,2026-07-27T14:29:53+08:00,/data/dxl/results/spg_fastgate/quality_generation/A0/B4/seed_24064/summary.json,-53.51430130004883,-3.822450092860631,0.7022054508426143,0.0056986990588085,c404900e2c45b2ae8377a4f84c2e5651f88fdf888f98998454f110bb206f1b18,/data/dxl/results/spg_fastgate/quality_generation/A0/B4/seed_24064/generated_crystals.extxyz,A0,/data/dxl/results/spg_fastgate/relaxed/quality/A0_B4/seed_24064,fc910e5da681ad4659e13557902dac12ac4c959380cbc15450413aaae9e8840c,/data/dxl/results/spg_fastgate/relaxed/quality/A0_B4/seed_24064/relaxed_structure.extxyz,1455378,FP32,0,142,-53.70785903930664,-3.83627564566476,0.045981328934431,24064,2026-07-27T14:29:48+08:00,success,quality_A0_B4_24064,True,21.5118448479916,True,True,058ca6e033e19070f7f3d4fdb56791bb3e269af0618db2abf778a5c0b3fa61d9,2.3732990587500487,0.0871322934259897,0.1578877461917528,True,True,True,True,True,0.0002300293904489,0.099769970609551,False,False,False,True,True,True
True,4,A0_B4,True,1.4914163909852505,quality,2026-07-27T14:29:46+08:00,/data/dxl/results/spg_fastgate/quality_generation/A0/B4/seed_24065/summary.json,-85.12407684326172,-4.729115380181207,0.4756623972811177,0.0031877158547908,48c14cb8efa23f6ed2fc0d467ffdc8b5d62285c412219d69f13055245a95b1e6,/data/dxl/results/spg_fastgate/quality_generation/A0/B4/seed_24065/generated_crystals.extxyz,A0,/data/dxl/results/spg_fastgate/relaxed/quality/A0_B4/seed_24065,6a19c19812b5d264d2272a945c205905ec07c0d152bd0536a88f088037d80412,/data/dxl/results/spg_fastgate/relaxed/quality/A0_B4/seed_24065/relaxed_structure.extxyz,1455379,FP32,1,45,-85.18376922607422,-4.73243162367079,0.0391542501747608,24065,2026-07-27T14:29:45+08:00,success,quality_A0_B4_24065,True,23.105525653998484,True,True,fc44869ed0a5739076a4e79700302449cbe1a6d4aca40b638434e2b977f80a02,2.8147786668048864,0.1185037010822087,0.027345248976257,False,True,True,True,True,0.0004098218520861,0.0995901781479138,False,False,False,True,False,True
True,4,A0_B4,True,0.2321011730236932,quality,2026-07-27T14:29:40+08:00,/data/dxl/results/spg_fastgate/quality_generation/A0/B4/seed_24066/summary.json,-8.241283416748047,-0.9156981574164496,0.1308684892836594,0.0018005430198115,8180dfdc796c8355ac4f9d7c53eb9d77958cedb419805b5c5b4cffa1ea214aab,/data/dxl/results/spg_fastgate/quality_generation/A0/B4/seed_24066/generated_crystals.extxyz,A0,/data/dxl/results/spg_fastgate/relaxed/quality/A0_B4/seed_24066,50baaf1a889062d44c08cc5623506c5f19dc8d5e2ba8a26e69b491506425bb0b,/data/dxl/results/spg_fastgate/relaxed/quality/A0_B4/seed_24066/relaxed_structure.extxyz,1455380,FP32,2,7,-8.322735786437988,-0.924748420715332,0.0237778015434741,24066,2026-07-27T14:29:40+08:00,success,quality_A0_B4_24066,True,21.592111948004455,True,True,d5c6b2d2be7ac577012fbf766d6fa45d14fd8ba9ce1f5c62df398386371fa4da,3.5815892067697046,0.0346791232055558,0.0051989709268704,True,True,True,True,True,0.0001417139469268,0.0998582860530731,False,False,False,True,True,True
True,4,A0_B4,True,1.6489431940135546,quality,2026-07-27T14:29:42+08:00,/data/dxl/results/spg_fastgate/quality_generation/A0/B4/seed_24067/summary.json,-45.59099960327149,-3.7992499669392905,0.4345317017858124,0.007418721094955,095d15ad66fa0683780b50d8752e38b003dd16b3f1d1070a33b8ea9d2c50c78a,/data/dxl/results/spg_fastgate/quality_generation/A0/B4/seed_24067/generated_crystals.extxyz,A0,/data/dxl/results/spg_fastgate/relaxed/quality/A0_B4/seed_24067,e5904fdd0088738494cb27f320b7cd7155d649cb22324d1aa148e4fb97e86009,/data/dxl/results/spg_fastgate/relaxed/quality/A0_B4/seed_24067/relaxed_structure.extxyz,1455381,FP32,3,51,-45.654178619384766,-3.8045148849487305,0.048443604260683,24067,2026-07-27T14:29:40+08:00,success,quality_A0_B4_24067,True,22.21701444775681,False,True,106a5c4cfbef61f46605be75011c0ad359082ed3cc207b50a9c829bb56e621af,2.368631622340569,0.0771664356913923,0.0418073227909806,True,False,True,True,True,0.0003782438828953,0.0996217561171046,False,False,False,True,True,True
True,4,A0_B4,True,0.6789471179945394,quality,2026-07-27T14:29:48+08:00,/data/dxl/results/spg_fastgate/quality_generation/A0/B4/seed_24068/summary.json,-36.17120361328125,-7.23424072265625,0.308073605936735,0.0102821114132729,ec2f00327567a4c536ea553d1ccc7984e9a584e37bdcf2a0384c94e9bb6ebb69,/data/dxl/results/spg_fastgate/quality_generation/A0/B4/seed_24068/generated_crystals.extxyz,A0,/data/dxl/results/spg_fastgate/relaxed/quality/A0_B4/seed_24068,33085a4a40f2e218b72024c620784e75838d350683f59d7410c9db4026d67c89,/data/dxl/results/spg_fastgate/relaxed/quality/A0_B4/seed_24068/relaxed_structure.extxyz,1455382,FP32,4,27,-36.1767807006836,-7.235356140136719,0.0206431206315755,24068,2026-07-27T14:29:47+08:00,success,quality_A0_B4_24068,True,21.556225378997624,False,True,f7201367bee1e78aac01a465f14a41a72fa70e9c1ea9d0647c32f34270989562,2.437352508219779,0.0097115162505172,0.0085943970564359,True,False,True,False,True,0.0005045692585002,0.0994954307414997,False,False,False,True,False,False
True,4,A0_B4,True,0.905611944035627,quality,2026-07-27T14:29:46+08:00,/data/dxl/results/spg_fastgate/quality_generation/A0/B4/seed_24069/summary.json,-94.27528381347656,-5.892205238342285,0.0658050561928769,0.0028941556281858,8eebb52297c062ffd790ab303ec9b99f841cb3a2ff08ca9f5da7e6b12f56145a,/data/dxl/results/spg_fastgate/quality_generation/A0/B4/seed_24069/generated_crystals.extxyz,A0,/data/dxl/results/spg_fastgate/relaxed/quality/A0_B4/seed_24069,8c85d0519003f546295dbd1eba915cd9a7fa9fd34e3cb93fbbdc15787963e533,/data/dxl/results/spg_fastgate/relaxed/quality/A0_B4/seed_24069/relaxed_structure.extxyz,1455383,FP32,5,32,-94.27722930908205,-5.892326831817627,0.0486192181706428,24069,2026-07-27T14:29:45+08:00,success,quality_A0_B4_24069,True,21.997375885752263,True,True,fc700f0a30bc7ce6253285c8e96b6bf1bb37151aea2c9b5fc15f841d7626038b,2.841932534755525,0.0001155489873188,0.0023011666990183,True,True,True,True,True,0.0007733598274009,0.099226640172599,False,False,False,True,True,True
True,4,A0_B4,True,1.396589033014607,quality,2026-07-27T14:29:50+08:00,/data/dxl/results/spg_fastgate/quality_generation/A0/B4/seed_24070/summary.json,-35.87405776977539,-3.986006418863932,0.1234054739772627,0.0029517562140734,6c622a450e9aced0115992f00d9b1602971638ce7522f0b287f64d6ed5e96ee0,/data/dxl/results/spg_fastgate/quality_generation/A0/B4/seed_24070/generated_crystals.extxyz,A0,/data/dxl/results/spg_fastgate/relaxed/quality/A0_B4/seed_24070,25d2dee859cd4d8266753e2bb90316e6ffa8e8a1649fdbe9cdf656a48e5bd1c5,/data/dxl/results/spg_fastgate/relaxed/quality/A0_B4/seed_24070/relaxed_structure.extxyz,1455384,FP32,6,50,-35.89447021484375,-3.988274468315972,0.0487214848399162,24070,2026-07-27T14:29:49+08:00,success,quality_A0_B4_24070,True,22.090960817498853,True,True,20809b65de265d21292aae325b3488b8294733aeaa01af85ccb1fd0515d95656,2.856823545638847,0.0660450536959036,0.024610951800452,True,True,True,False,True,0.0003617381732113,0.0996382618267886,False,False,False,True,False,False
True,4,A0_B4,True,0.1497007299913093,quality,2026-07-27T14:30:03+08:00,/data/dxl/results/spg_fastgate/quality_generation/A0/B4/seed_24071/summary.json,-9.08328342437744,-2.2708208560943604,0.0089693579641958,0.0056239518805434,37187b3ad3a3e804683a210152d0ca941caf95c0f5fb01e8f7d82fb8cb45a0f9,/data/dxl/results/spg_fastgate/quality_generation/A0/B4/seed_24071/generated_crystals.extxyz,A0,/data/dxl/results/spg_fastgate/relaxed/quality/A0_B4/seed_24071,4bde412ae368e45c61e72b94c9a5ca1e7d99f29472722cca46018e40c6795068,/data/dxl/results/spg_fastgate/relaxed/quality/A0_B4/seed_24071/relaxed_structure.extxyz,1455385,FP32,7,6,-9.084489822387695,-2.271122455596924,0.0064377458766102,24071,2026-07-27T14:30:03+08:00,success,quality_A0_B4_24071,True,20.958855839751777,True,True,67078552246419914801440b7f0dfcecfd5206a0114b2f72f3748c8af8eb8744,2.8482709780167474,0.0282691650886088,0.0006442664891918,True,True,True,False,True,0.000254722924173,0.0997452770758269,False,False,False,True,False,False
True,4,A0_B4,True,0.3282650870387442,quality,2026-07-27T14:29:53+08:00,/data/dxl/results/spg_fastgate/quality_generation/A0/B4/seed_24072/summary.json,-6.385955810546875,-1.5964889526367188,0.036625410528709,0.002999678042907,4ad2d3f29f6cbe489241b8635f708c3ba868b1ae6ce60dbe44658b23842d6b71,/data/dxl/results/spg_fastgate/quality_generation/A0/B4/seed_24072/generated_crystals.extxyz,A0,/data/dxl/results/spg_fastgate/relaxed/quality/A0_B4/seed_24072,aeabe862aee491a7eed4bd28487f5e4d0bbd10ebe5a217486dd70ceba1a4a4f9,/data/dxl/results/spg_fastgate/relaxed/quality/A0_B4/seed_24072/relaxed_structure.extxyz,1455386,FP32,8,10,-6.39765739440918,-1.599414348602295,0.0129938488826155,24072,2026-07-27T14:29:52+08:00,success,quality_A0_B4_24072,True,21.5118448479916,True,True,10dfa665a663d6a663d113e09b5d25d492fb5e5a50debb46c5fa2d4d9b4fe9f3,3.179593303882471,0.0480341320419905,0.0130497567643009,True,True,True,False,True,9.352366373691324e-05,0.0999064763362631,False,False,False,True,False,False
True,4,A0_B4,True,1.5841194820241071,quality,2026-07-27T14:30:37+08:00,/data/dxl/results/spg_fastgate/quality_generation/A0/B4/seed_24073/summary.json,-51.43241500854492,-5.143241500854492,0.5289117997133297,0.0101689387144277,f8e51d1c4e0da7d0c9c048a0231de6be2133baa51068b01652d5ec76d6e3c23f,/data/dxl/results/spg_fastgate/quality_generation/A0/B4/seed_24073/generated_crystals.extxyz,A0,/data/dxl/results/spg_fastgate/relaxed/quality/A0_B4/seed_24073,4cea8a6c81cee28fbbfdaea4b7d6675ac1fc7af268a3bdb669df7b72d6bb28b5,/data/dxl/results/spg_fastgate/relaxed/quality/A0_B4/seed_24073/relaxed_structure.extxyz,1455387,FP32,9,57,-51.68557357788086,-5.168557357788086,0.0462532751262187,24073,2026-07-27T14:30:36+08:00,success,quality_A0_B4_24073,True,23.105525653998484,False,True,b0bd38c7a878f657a11baa5862db194ddb2c8d4f42849d543de17bab2c300c7e,0.9205101710507768,0.3020286295731083,0.106456989537502,False,False,True,True,True,0.0017792558086141,0.0982207441913858,False,False,False,False,False,False
True,4,A0_B4,True,0.6560577049967833,quality,2026-07-27T14:29:47+08:00,/data/dxl/results/spg_fastgate/quality_generation/A0/B4/seed_24074/summary.json,-76.28361511230469,-6.356967926025391,0.2520078580502244,0.0174050408071646,6baf3bf3660bf557bd43a6c532f975db3bb2a4b6a3a98e68cd1fcad94c3d69c9,/data/dxl/results/spg_fastgate/quality_generation/A0/B4/seed_24074/generated_crystals.extxyz,A0,/data/dxl/results/spg_fastgate/relaxed/quality/A0_B4/seed_24074,c4a24e9b17fe61bf8499111e0ebb873695e4ce43a2fd1e4e663b9aebec22ab9d,/data/dxl/results/spg_fastgate/relaxed/quality/A0_B4/seed_24074/relaxed_structure.extxyz,1455388,FP32,10,25,-76.30937957763672,-6.35911496480306,0.0457313321530818,24074,2026-07-27T14:29:46+08:00,success,quality_A0_B4_24074,True,21.592111948004455,True,True,70d587b88223f34c47dc0b74b8275fe1da6ae5e3a5456f98ebcc151fc1b9a795,1.7922833834386172,0.1094385284697221,0.005119713982654,False,True,True,True,True,0.0080367404794663,0.0919632595205336,False,False,False,True,False,True
True,4,A0_B4,True,3.6189010549569502,quality,2026-07-27T14:30:18+08:00,/data/dxl/results/spg_fastgate/quality_generation/A0/B4/seed_24075/summary.json,-85.2882080078125,-5.330513000488281,0.9108999739224486,0.0175201948715861,d00aee06bee2f1b169a09a7dd99115a2fc9ffd761177c7cbd0f9b6f415029e97,/data/dxl/results/spg_fastgate/quality_generation/A0/B4/seed_24075/generated_crystals.extxyz,A0,/data/dxl/results/spg_fastgate/relaxed/quality/A0_B4/seed_24075,61a20936a969b8d9dfc007965d1d85f21ead6b471c6ab986e65d65e82532bc81,/data/dxl/results/spg_fastgate/relaxed/quality/A0_B4/seed_24075/relaxed_structure.extxyz,1455389,FP32,11,128,-85.45645141601562,-5.341028213500977,0.0454990975558757,24075,2026-07-27T14:30:14+08:00,success,quality_A0_B4_24075,True,22.21701444775681,True,True,10e4fc8a5b8cbadbc102c2229beba68b9d871888c4994a6cae1a873281b393a5,1.532211504129957,0.4279213576709324,0.0986297413941648,False,True,True,True,True,0.0210492805406432,0.0789507194593567,False,False,False,False,False,False
True,4,A0_B4,True,0.0841874949983321,quality,2026-07-27T14:29:41+08:00,/data/dxl/results/spg_fastgate/quality_generation/A0/B4/seed_24076/summary.json,-13.594320297241213,-3.3985800743103027,0.011305077773073,0.0025535706319038,d787cafd3b2c413ee08c248fa19c3f1b5dfba5c29735f0bb1c9922e8db1d05ed,/data/dxl/results/spg_fastgate/quality_generation/A0/B4/seed_24076/generated_crystals.extxyz,A0,/data/dxl/results/spg_fastgate/relaxed/quality/A0_B4/seed_24076,20d07389ab6db7c0bed944b63a26c13041530448b0535e45d048754867497f31,/data/dxl/results/spg_fastgate/relaxed/quality/A0_B4/seed_24076/relaxed_structure.extxyz,1455390,FP32,12,2,-13.594459533691406,-3.398614883422852,0.0103623941540718,24076,2026-07-27T14:29:40+08:00,success,quality_A0_B4_24076,True,21.556225378997624,True,True,7f93e6366157825302c05dbb052a0ca2b2810c5c131400c625b1c30114b41ff0,2.830532064453036,0.0512572442661176,0.0011181623154991,True,True,True,False,True,0.0007828276602756,0.0992171723397243,False,False,False,True,False,False
True,4,A0_B4,True,0.1860400130390189,quality,2026-07-27T14:30:02+08:00,/data/dxl/results/spg_fastgate/quality_generation/A0/B4/seed_24077/summary.json,-48.833038330078125,-6.104129791259766,0.0557461188616333,0.0020922899914563,9c00d2877590222688ff8b40e8384e3e3796b8976abdc1aa4a63b018bc8049bb,/data/dxl/results/spg_fastgate/quality_generation/A0/B4/seed_24077/generated_crystals.extxyz,A0,/data/dxl/results/spg_fastgate/relaxed/quality/A0_B4/seed_24077,5c5579d2c26851270ef832d3b59885f578d1d5b9869993739f3436b3d1267c72,/data/dxl/results/spg_fastgate/relaxed/quality/A0_B4/seed_24077/relaxed_structure.extxyz,1455391,FP32,13,7,-48.83356857299805,-6.104196071624756,0.0464877635240554,24077,2026-07-27T14:30:02+08:00,success,quality_A0_B4_24077,True,21.997375885752263,True,True,58e400bbc2a8b2c953c77c28bccf659947a29608d9a15e54b992fef7893d0696,2.8924532399777387,0.0943236813497714,0.0014823255037717,True,True,True,False,True,0.0004491479067194,0.0995508520932806,False,False,False,True,False,False
True,4,A0_B4,True,0.4910424069967121,quality,2026-07-27T14:29:48+08:00,/data/dxl/results/spg_fastgate/quality_generation/A0/B4/seed_24078/summary.json,-78.927490234375,-6.577290852864583,0.0856382343728348,0.0007679960205619,199a40b6bdf6ebc4b3bfc1069a176b464546d66dc8a952c41dc3a0d739095a68,/data/dxl/results/spg_fastgate/quality_generation/A0/B4/seed_24078/generated_crystals.extxyz,A0,/data/dxl/results/spg_fastgate/relaxed/quality/A0_B4/seed_24078,f5a1908b940ea9752c177ac7481734ed01071d40926d5a9849ddbc3f79a411e5,/data/dxl/results/spg_fastgate/relaxed/quality/A0_B4/seed_24078/relaxed_structure.extxyz,1455392,FP32,14,16,-78.92927551269531,-6.577439626057942,0.0465656481683254,24078,2026-07-27T14:29:47+08:00,success,quality_A0_B4_24078,True,22.090960817498853,True,True,25b6162a5bb020b4dd077080d98fd70312c7ef42ba4b8fa467ecc90705776da1,2.7586532796683816,0.0374065492844541,0.0035479061286844,True,True,True,False,True,0.0006674917387169,0.099332508261283,False,False,False,True,False,False
True,4,A0_B4,True,1.9826743020094,quality,2026-07-27T14:29:51+08:00,/data/dxl/results/spg_fastgate/quality_generation/A0/B4/seed_24079/summary.json,-37.46802520751953,-1.8734012603759769,0.1163100389592897,0.0015953722731498,f70a956aa34ed1314979a46de32081306e363612ce540e2d10e6d497e1deb392,/data/dxl/results/spg_fastgate/quality_generation/A0/B4/seed_24079/generated_crystals.extxyz,A0,/data/dxl/results/spg_fastgate/relaxed/quality/A0_B4/seed_24079,0b598af9829d9a601ba35a4614bf9b157a86b8d4a72b6649df02404f2198389d,/data/dxl/results/spg_fastgate/relaxed/quality/A0_B4/seed_24079/relaxed_structure.extxyz,1455393,FP32,15,66,-37.59103393554688,-1.879551696777344,0.0436124689877033,24079,2026-07-27T14:29:49+08:00,success,quality_A0_B4_24079,True,20.958855839751777,True,True,2f949c50d25d6e962ec3efbcdd58310e726ecd3a5139a894ae78d500976fb85e,3.0245936357685816,0.0784460434707035,0.0906215538110895,True,True,True,True,True,0.000413817600565,0.0995861823994349,False,False,False,True,True,True
True,4,A0_B4,True,0.8973692069994286,quality,2026-07-27T14:29:53+08:00,/data/dxl/results/spg_fastgate/quality_generation/A0/B4/seed_24080/summary.json,-40.840850830078125,-4.084085083007812,0.1242957459775574,0.0055316457491212,445c182a2e0dfb49e80c745ceed4da872ed370140f56fef811b90c5c03cd7f5f,/data/dxl/results/spg_fastgate/quality_generation/A0/B4/seed_24080/generated_crystals.extxyz,A0,/data/dxl/results/spg_fastgate/relaxed/quality/A0_B4/seed_24080,d59c2998ca0d43219afe8aad442ccdd45392b4cc358ee6fdbba21f68718dde70,/data/dxl/results/spg_fastgate/relaxed/quality/A0_B4/seed_24080/relaxed_structure.extxyz,1455378,FP32,0,29,-40.894996643066406,-4.089499664306641,0.0417125150561332,24080,2026-07-27T14:29:53+08:00,success,quality_A0_B4_24080,True,21.5118448479916,True,True,c17bc427cd912a5a22836cb147baf6d8b092613f39e7720a3666602d48b97054,3.171127920528717,0.0562969127705095,0.039978040140062,True,True,True,True,True,0.0002962890215711,0.0997037109784289,False,False,False,True,True,True
True,4,A0_B4,True,0.2263686319929547,quality,2026-07-27T14:29:47+08:00,/data/dxl/results/spg_fastgate/quality_generation/A0/B4/seed_24081/summary.json,-15.1710205078125,-3.792755126953125,0.0067889275268028,0.0094872559372108,62c2cd1fbaeb29b78c702793a88adff8e12d657b58f4e62d37d95acb5a246b5b,/data/dxl/results/spg_fastgate/quality_generation/A0/B4/seed_24081/generated_crystals.extxyz,A0,/data/dxl/results/spg_fastgate/relaxed/quality/A0_B4/seed_24081,55de9c045a06cfeb16d8238ed149ccfcfc1a2bb2458878bfe3e1e844f3aca3f3,/data/dxl/results/spg_fastgate/relaxed/quality/A0_B4/seed_24081/relaxed_structure.extxyz,1455379,FP32,1,6,-15.17690086364746,-3.794225215911865,0.0051056402735412,24081,2026-07-27T14:29:46+08:00,success,quality_A0_B4_24081,True,23.105525653998484,True,True,e5de79a284e6fdf718bd7b5d65b9b223789d1f3e5d4def0f2c98168d368e9ff1,3.045182582345048,0.1024599223296522,0.0008547292628179,False,True,True,False,True,0.0004425799084382,0.0995574200915617,False,False,False,True,False,False
True,4,A0_B4,True,0.4330480819917284,quality,2026-07-27T14:29:40+08:00,/data/dxl/results/spg_fastgate/quality_generation/A0/B4/seed_24082/summary.json,-7.864892959594727,-1.9662232398986816,0.0645470370528673,0.0029329441750534,7fec0b911cd2c1102d4d498d0f86a2ccdb971c1dac863056712154ffd27b5bae,/data/dxl/results/spg_fastgate/quality_generation/A0/B4/seed_24082/generated_crystals.extxyz,A0,/data/dxl/results/spg_fastgate/relaxed/quality/A0_B4/seed_24082,8f4ec8f52fdad145d0f202fc5aa00fc0634188e0911f61a8dadfb6def1ecce7c,/data/dxl/results/spg_fastgate/relaxed/quality/A0_B4/seed_24082/relaxed_structure.extxyz,1455380,FP32,2,14,-7.877450466156006,-1.9693626165390012,0.027856808155775,24082,2026-07-27T14:29:40+08:00,success,quality_A0_B4_24082,True,21.592111948004455,True,True,702e9baba3a98ecfc47030cf44bb8458f008885a10c86c015d7f0c8ae624d47a,2.968926781019976,0.063896194792882,0.0425706361881156,True,True,True,True,True,0.0001185923440558,0.0998814076559441,False,False,False,True,True,True
True,4,A0_B4,True,0.3125790210324339,quality,2026-07-27T14:29:42+08:00,/data/dxl/results/spg_fastgate/quality_generation/A0/B4/seed_24083/summary.json,-23.987653732299805,-5.996913433074951,0.0956948240443335,0.0105723838743283,84b3617a0418258d2e93ab4e6831ca3e81bc907ff35edd79205762970d6fb7b3,/data/dxl/results/spg_fastgate/quality_generation/A0/B4/seed_24083/generated_crystals.extxyz,A0,/data/dxl/results/spg_fastgate/relaxed/quality/A0_B4/seed_24083,212f627deec87b0df63b64e184ec4fc0392df2ab25f07c6cf7e217118b728654,/data/dxl/results/spg_fastgate/relaxed/quality/A0_B4/seed_24083/relaxed_structure.extxyz,1455381,FP32,3,9,-23.99103546142578,-5.997758865356445,0.0431457869708538,24083,2026-07-27T14:29:42+08:00,success,quality_A0_B4_24083,True,22.21701444775681,True,True,fd4bdafa0053e8cf169cd549294c995abf39f5edc799d31a3405dd4957f9037f,1.698111047757385,0.0765027109183922,0.0074459477440124,True,True,True,False,True,0.0004164381884088,0.0995835618115911,False,False,False,True,False,False
True,4,A0_B4,True,0.9760535139939748,quality,2026-07-27T14:29:49+08:00,/data/dxl/results/spg_fastgate/quality_generation/A0/B4/seed_24084/summary.json,-44.94506072998047,-5.618132591247559,0.1716156122294136,0.0114845177018001,57dc0b9481092ecb75dd24eb55f5dcd4538bb98fd5990a9e5d5863a40720f118,/data/dxl/results/spg_fastgate/quality_generation/A0/B4/seed_24084/generated_crystals.extxyz,A0,/data/dxl/results/spg_fastgate/relaxed/quality/A0_B4/seed_24084,7558d876b5d5155f1cd74cd2b9d3e29d752f719c3a695e8edd555e9a9d9e8cf0,/data/dxl/results/spg_fastgate/relaxed/quality/A0_B4/seed_24084/relaxed_structure.extxyz,1455382,FP32,4,39,-45.21210479736328,-5.65151309967041,0.0345080085098743,24084,2026-07-27T14:29:48+08:00,success,quality_A0_B4_24084,True,21.556225378997624,True,True,574196fa0d18982c4917f384a98c36131e4d58f9fc17b7c2d211abe60f62f95c,2.8684047875259213,0.0915072703001858,0.1068889597712158,True,True,True,True,True,0.0002704095905961,0.0997295904094039,False,False,False,True,True,True
True,4,A0_B4,True,0.4370772979455068,quality,2026-07-27T14:29:46+08:00,/data/dxl/results/spg_fastgate/quality_generation/A0/B4/seed_24085/summary.json,-61.71849060058594,-6.171849060058594,0.0687371016682457,0.0055603627297739,ad935ab80d2cde112cda91eb4fd758789c562055a178cc5a82853d8596b5173d,/data/dxl/results/spg_fastgate/quality_generation/A0/B4/seed_24085/generated_crystals.extxyz,A0,/data/dxl/results/spg_fastgate/relaxed/quality/A0_B4/seed_24085,1e6181f25596c218b21d6dda0fd3875ebf8567f7efe3e48a95bc2e3119858b5a,/data/dxl/results/spg_fastgate/relaxed/quality/A0_B4/seed_24085/relaxed_structure.extxyz,1455383,FP32,5,15,-61.7310676574707,-6.17310676574707,0.0446454882621765,24085,2026-07-27T14:29:46+08:00,success,quality_A0_B4_24085,True,21.997375885752263,True,True,5af41b8fdcb796be8638c110e08bcf73f5a21dba47036db87c8a570c8545584f,2.8486453901880404,0.0833501150350732,0.0011309742812774,True,True,True,False,True,0.0003616798942183,0.0996383201057816,False,False,False,True,False,False
True,4,A0_B4,True,0.3504321360378526,quality,2026-07-27T14:29:51+08:00,/data/dxl/results/spg_fastgate/quality_generation/A0/B4/seed_24086/summary.json,-40.791481018066406,-6.798580169677734,0.0345423119965932,0.0058203219917917,d24aa02dff86c154ed1b728235e56537a4f96816a50f7271d2cdc47a36a830c2,/data/dxl/results/spg_fastgate/quality_generation/A0/B4/seed_24086/generated_crystals.extxyz,A0,/data/dxl/results/spg_fastgate/relaxed/quality/A0_B4/seed_24086,fa8fc9f2e16a75524820062b27f3bc751a7fe64b47a0260757f535c8848416b8,/data/dxl/results/spg_fastgate/relaxed/quality/A0_B4/seed_24086/relaxed_structure.extxyz,1455384,FP32,6,12,-40.79210662841797,-6.798684438069661,0.0171964056789875,24086,2026-07-27T14:29:50+08:00,success,quality_A0_B4_24086,True,22.090960817498853,True,True,9e315e44c1ef2cac393faf3980efed1c0a53be5bf3a77237fd89245af4f029ed,2.6806644777370274,-0.0025150821478501,0.0012605460375343,True,True,True,False,True,0.000440952782306,0.099559047217694,False,False,False,True,False,False
True,4,A0_B4,True,1.0570778420078568,quality,2026-07-27T14:30:04+08:00,/data/dxl/results/spg_fastgate/quality_generation/A0/B4/seed_24087/summary.json,-39.89044952392578,-4.986306190490723,0.6777686162253655,0.0403881441818781,ea216ae164a9f0ddd62fcd150892d74114c6349a6fdea926a28f2f49f0f6a3d6,/data/dxl/results/spg_fastgate/quality_generation/A0/B4/seed_24087/generated_crystals.extxyz,A0,/data/dxl/results/spg_fastgate/relaxed/quality/A0_B4/seed_24087,268068118d5e0f0dae84b405fa506d24031d00905e802de27325de851627dcba,/data/dxl/results/spg_fastgate/relaxed/quality/A0_B4/seed_24087/relaxed_structure.extxyz,1455385,FP32,7,48,-40.00050354003906,-5.000062942504883,0.0483609996736049,24087,2026-07-27T14:30:03+08:00,success,quality_A0_B4_24087,True,20.958855839751777,True,True,33141290a4f4d5efcccaf40a8b29ab4a74565d70b5952c7a121b3d92b45f26f1,1.866984568054664,0.3931925472708402,0.0565470191686073,False,True,True,True,True,0.000309965565542,0.0996900344344579,False,False,False,False,False,False
True,4,A0_B4,True,1.1598070270265453,quality,2026-07-27T14:29:54+08:00,/data/dxl/results/spg_fastgate/quality_generation/A0/B4/seed_24088/summary.json,-49.58302307128906,-7.083289010184152,0.4757181422024308,0.0235231293111178,9e392ac1c8391f5fde7cb9c01857af2d140d05df6166ae9e269baedc00ca1fcf,/data/dxl/results/spg_fastgate/quality_generation/A0/B4/seed_24088/generated_crystals.extxyz,A0,/data/dxl/results/spg_fastgate/relaxed/quality/A0_B4/seed_24088,3b3e47bad6fc52de0da97d8c5acccd3f04470d3acc1c43932f18b7748f30cb38,/data/dxl/results/spg_fastgate/relaxed/quality/A0_B4/seed_24088/relaxed_structure.extxyz,1455386,FP32,8,39,-49.61332702636719,-7.087618146623884,0.0487223602831363,24088,2026-07-27T14:29:53+08:00,success,quality_A0_B4_24088,True,21.5118448479916,True,True,85f2edb72e41a1d0d958e1decc69189f65c0454c823d6ccab1ca2b1459aeb759,1.962360957064026,0.1920484433921672,0.0198119942482409,False,True,True,True,True,0.0812406874057354,0.0187593125942645,False,True,True,True,False,True
True,4,A0_B4,True,12.595726765983272,quality,2026-07-27T14:30:50+08:00,/data/dxl/results/spg_fastgate/quality_generation/A0/B4/seed_24089/summary.json,-141.9137420654297,-7.0956871032714846,1.574025262440414,0.0144630956166662,515aef837924cd97afd0f6e01bd1d6b166538523ce2a6c00cb5d81e609711f40,/data/dxl/results/spg_fastgate/quality_generation/A0/B4/seed_24089/generated_crystals.extxyz,A0,/data/dxl/results/spg_fastgate/relaxed/quality/A0_B4/seed_24089,d84f4bc06f1f11bd695302412e92fed43c352c0641d07267e341d2e872731b11,/data/dxl/results/spg_fastgate/relaxed/quality/A0_B4/seed_24089/relaxed_structure.extxyz,1455387,FP32,9,456,-142.4467315673828,-7.122336578369141,0.0498530641198158,24089,2026-07-27T14:30:37+08:00,success,quality_A0_B4_24089,True,23.105525653998484,True,True,5d6b8ef65861364282287eba73cc2fe548ec6f55c2ffd532044042cbd44ac289,1.1311262991150517,0.2931257791666199,0.2216821912912117,False,True,True,True,True,0.0017664258451907,0.0982335741548092,False,False,False,False,False,False
True,4,A0_B4,True,0.4018048649886623,quality,2026-07-27T14:29:47+08:00,/data/dxl/results/spg_fastgate/quality_generation/A0/B4/seed_24090/summary.json,-15.251821517944336,-1.906477689743042,0.0974794350250483,0.0048043652982035,3e748934be1d9f28009dd8349d655ff50b02c8939fd01caf1a8ed5c09fce250a,/data/dxl/results/spg_fastgate/quality_generation/A0/B4/seed_24090/generated_crystals.extxyz,A0,/data/dxl/results/spg_fastgate/relaxed/quality/A0_B4/seed_24090,f5486733f95e18a1ebd90b4a644491c37ea0db1fb1d4a1df0a8e439efc7f62a2,/data/dxl/results/spg_fastgate/relaxed/quality/A0_B4/seed_24090/relaxed_structure.extxyz,1455388,FP32,10,15,-15.261287689208984,-1.907660961151123,0.0326025113463401,24090,2026-07-27T14:29:47+08:00,success,quality_A0_B4_24090,True,21.592111948004455,True,True,79ea406d1d2228906174315e6192e2ee3612dae9f379f2a3773b31ddb15b7241,2.908341993269745,0.0724580698664221,0.0150045368874913,True,True,True,False,True,0.0002035569748293,0.0997964430251706,False,False,False,True,False,False
True,4,A0_B4,True,2.5751188110443763,quality,2026-07-27T14:30:20+08:00,/data/dxl/results/spg_fastgate/quality_generation/A0/B4/seed_24091/summary.json,-86.69123077392578,-4.816179487440321,0.2376255370100843,0.013266995346881,59d01086512532257a3598d68cf955a5ee817acb862c4cf63db8093ea7c05b95,/data/dxl/results/spg_fastgate/quality_generation/A0/B4/seed_24091/generated_crystals.extxyz,A0,/data/dxl/results/spg_fastgate/relaxed/quality/A0_B4/seed_24091,42ac3e755132f6c523e5ac02f4a4386615da3c3cdda91b6a0b8134ce4b562392,/data/dxl/results/spg_fastgate/relaxed/quality/A0_B4/seed_24091/relaxed_structure.extxyz,1455389,FP32,11,94,-86.83151245117188,-4.823972913953993,0.0464941412210464,24091,2026-07-27T14:30:18+08:00,success,quality_A0_B4_24091,True,22.21701444775681,True,True,627e9563447b1d567e834d7c15ae61dca4902f5867d27d4cade4cfd8488f0acc,2.244067815623985,0.0740132367971675,0.0556246634338321,True,True,True,True,True,0.0045439350160761,0.0954560649839239,False,False,False,True,True,True
True,4,A0_B4,True,0.4026459570159204,quality,2026-07-27T14:29:41+08:00,/data/dxl/results/spg_fastgate/quality_generation/A0/B4/seed_24092/summary.json,-68.11807250976562,-5.676506042480469,0.042664234655151,0.0013254244331498,173069ad3466ef5023ba80394fb4fdc928c35654906d9ff662e0c388cfe324ae,/data/dxl/results/spg_fastgate/quality_generation/A0/B4/seed_24092/generated_crystals.extxyz,A0,/data/dxl/results/spg_fastgate/relaxed/quality/A0_B4/seed_24092,a992629b84d6e17a9c1d231d1eaf6f5e61b9567aa5f20873059fce8089db4971,/data/dxl/results/spg_fastgate/relaxed/quality/A0_B4/seed_24092/relaxed_structure.extxyz,1455390,FP32,12,13,-68.1191635131836,-5.676596959431966,0.036754947155714,24092,2026-07-27T14:29:41+08:00,success,quality_A0_B4_24092,True,21.556225378997624,True,True,b687e96c1bd0fefa66c32f0ffd204721830dddaf0a8650a180cc865d5e1f2f62,2.935916188667655,-0.0008772874139522,0.0021441518370021,True,True,True,False,True,0.0005374497314153,0.0994625502685846,False,False,False,True,False,False
True,4,A0_B4,True,0.0691840630024671,quality,2026-07-27T14:30:02+08:00,/data/dxl/results/spg_fastgate/quality_generation/A0/B4/seed_24093/summary.json,-19.47349548339844,-4.868373870849609,0.014297474748997,0.0022207736072696,5d1a9707347ed2f382566d5e6f309ec0a9f833958083628cc69777aba88aa206,/data/dxl/results/spg_fastgate/quality_generation/A0/B4/seed_24093/generated_crystals.extxyz,A0,/data/dxl/results/spg_fastgate/relaxed/quality/A0_B4/seed_24093,91c288e4ed01f75859a63407585b25e398e5a8356f7ba04facbb91b329cd4e63,/data/dxl/results/spg_fastgate/relaxed/quality/A0_B4/seed_24093/relaxed_structure.extxyz,1455391,FP32,13,2,-19.473655700683597,-4.868413925170898,0.0130067598074674,24093,2026-07-27T14:30:02+08:00,success,quality_A0_B4_24093,True,21.997375885752263,True,True,13cd593cf63664819267f4673048e55f1799f738ed4080902aa8b76a73c70faf,2.8805770263451733,0.0558332318337404,0.001124178098921,True,True,True,False,True,0.0009109634290476,0.0990890365709523,False,False,False,True,False,False
True,4,A0_B4,True,0.2339885950204916,quality,2026-07-27T14:29:48+08:00,/data/dxl/results/spg_fastgate/quality_generation/A0/B4/seed_24094/summary.json,-15.150736808776855,-3.787684202194214,0.0015578051303512,0.0042630523125162,967cb4973a9976569b6684357a4bc41a875930c2fb795fb02d7687031450fb9a,/data/dxl/results/spg_fastgate/quality_generation/A0/B4/seed_24094/generated_crystals.extxyz,A0,/data/dxl/results/spg_fastgate/relaxed/quality/A0_B4/seed_24094,d5dec50c8d79a675eb2c4a1c2c3eb02eada5df6af096daa25f12b1818b4d61df,/data/dxl/results/spg_fastgate/relaxed/quality/A0_B4/seed_24094/relaxed_structure.extxyz,1455392,FP32,14,7,-15.15328598022461,-3.788321495056152,0.0013052194844931,24094,2026-07-27T14:29:48+08:00,success,quality_A0_B4_24094,True,22.090960817498853,True,True,15c1b7e7fa82608fe32815b876e54d93fc4cd20ac7045862b550f3eb446af13e,3.0326730888753803,0.0251377979972824,0.0005701037658739,True,True,True,False,True,0.0004986373489755,0.0995013626510244,False,False,False,True,False,False
True,4,A0_B4,True,0.4095218540169298,quality,2026-07-27T14:29:51+08:00,/data/dxl/results/spg_fastgate/quality_generation/A0/B4/seed_24095/summary.json,-15.838641166687012,-1.9798301458358765,0.0769994276684049,0.0047156792010926,383d67448ef85c89c689db1b1a9a4c9c1f7db6d635a1575d799084fb9091b8cf,/data/dxl/results/spg_fastgate/quality_generation/A0/B4/seed_24095/generated_crystals.extxyz,A0,/data/dxl/results/spg_fastgate/relaxed/quality/A0_B4/seed_24095,25e89b3989feaadbf7d2ed4f799004fdfbe8211d28b937d24e64349fbb60d8a8,/data/dxl/results/spg_fastgate/relaxed/quality/A0_B4/seed_24095/relaxed_structure.extxyz,1455393,FP32,15,13,-15.863426208496094,-1.982928276062012,0.0288995038717985,24095,2026-07-27T14:29:51+08:00,success,quality_A0_B4_24095,True,20.958855839751777,False,True,f2bc2df12ee3323ee6369ae6ae8c2667538d84af8f3f523433a85ba7eebf9f90,3.44381185829263,0.0835695944720416,0.0015382574381999,True,False,True,True,True,0.0002538009334367,0.0997461990665633,False,False,False,True,True,True
True,4,A0_B4,True,0.5167546960292384,quality,2026-07-27T14:29:54+08:00,/data/dxl/results/spg_fastgate/quality_generation/A0/B4/seed_24096/summary.json,-9.484891891479492,-1.053876876831055,0.0489962262895573,0.0017132042459121,e5237ec343da9b17def3d1149fb7533df3209b2792fc6f8e71b1b8214dfdd163,/data/dxl/results/spg_fastgate/quality_generation/A0/B4/seed_24096/generated_crystals.extxyz,A0,/data/dxl/results/spg_fastgate/relaxed/quality/A0_B4/seed_24096,108a34b87b86d422aecf53bd63a46e86d610b6a5167e89d76623b150db226672,/data/dxl/results/spg_fastgate/relaxed/quality/A0_B4/seed_24096/relaxed_structure.extxyz,1455378,FP32,0,18,-9.52181911468506,-1.057979901631673,0.0506633482873439,24096,2026-07-27T14:29:53+08:00,success,quality_A0_B4_24096,True,21.788077501012594,True,True,bf903dbad38b305bd8e5390f5b8194c09950045961304a9c57547a0f5911158d,4.015091756703981,0.044010451084788,0.0052021938827807,True,True,True,True,True,0.0002401824296093,0.0997598175703906,False,False,False,True,True,True
True,4,A0_B4,True,1.1736398420180194,quality,2026-07-27T14:29:48+08:00,/data/dxl/results/spg_fastgate/quality_generation/A0/B4/seed_24097/summary.json,-75.26763153076172,-7.526763153076172,0.5910264604959787,0.0117171296255249,2341fd7db9abdadbc88e075a1c8335adc9bc9bfbbb2b4b419b32f99a856e78d0,/data/dxl/results/spg_fastgate/quality_generation/A0/B4/seed_24097/generated_crystals.extxyz,A0,/data/dxl/results/spg_fastgate/relaxed/quality/A0_B4/seed_24097,52e35d3f65c6681086563a0d7a968da1ece793950779a42246aed844b60b91fe,/data/dxl/results/spg_fastgate/relaxed/quality/A0_B4/seed_24097/relaxed_structure.extxyz,1455379,FP32,1,35,-75.30961608886719,-7.530961608886718,0.0493019521236419,24097,2026-07-27T14:29:47+08:00,success,quality_A0_B4_24097,True,23.28317313750449,False,True,3c8a820db47276c5797d3bf1179ff0f032e7e587a0292408f12ed14ae7a9b348,2.4065203554519505,0.0519431481555141,0.0291676616838546,True,False,True,True,True,0.0020186181051993,0.0979813818948006,False,False,False,True,True,True
True,4,A0_B4,True,3.087640776007902,quality,2026-07-27T14:29:44+08:00,/data/dxl/results/spg_fastgate/quality_generation/A0/B4/seed_24098/summary.json,-55.81625747680664,-2.937697761937192,0.3114777157366549,0.0063635055573994,6016e923f669a0d73a594f6d5fb253c325334035f78cc76035dec05e72fc743e,/data/dxl/results/spg_fastgate/quality_generation/A0/B4/seed_24098/generated_crystals.extxyz,A0,/data/dxl/results/spg_fastgate/relaxed/quality/A0_B4/seed_24098,0ed3dc9b1b8bd1ecd60e540f8cf32669c8803f76a1ea2d5fa3af1ebfacc73407,/data/dxl/results/spg_fastgate/relaxed/quality/A0_B4/seed_24098/relaxed_structure.extxyz,1455380,FP32,2,105,-56.04684066772461,-2.949833719353927,0.0487710162997245,24098,2026-07-27T14:29:40+08:00,success,quality_A0_B4_24098,True,21.71680394500436,True,True,6a60f7f617669046eb841dadbc6f2fb557e4e5d488b52bcabfe8f68b44e3c204,2.9207966464818926,0.1112709182105886,0.1288014793397501,False,True,True,True,True,0.0001721618182695,0.0998278381817304,False,False,False,True,False,True
True,4,A0_B4,True,0.5559842249494977,quality,2026-07-27T14:29:43+08:00,/data/dxl/results/spg_fastgate/quality_generation/A0/B4/seed_24099/summary.json,-20.046283721923828,-6.682094573974609,0.0076634474484595,0.0332569712420916,8bc4e4bd40c9341766846f377e45fd40c5f7973fa40678e6e107bd0d792f7105,/data/dxl/results/spg_fastgate/quality_generation/A0/B4/seed_24099/generated_crystals.extxyz,A0,/data/dxl/results/spg_fastgate/relaxed/quality/A0_B4/seed_24099,d3e94ccf8f8f85f7dc3834f2d2a9542853b2d295d4409f7d5693c7d77ed83bf2,/data/dxl/results/spg_fastgate/relaxed/quality/A0_B4/seed_24099/relaxed_structure.extxyz,1455381,FP32,3,17,-20.074106216430664,-6.691368738810222,0.0037281506229192,24099,2026-07-27T14:29:42+08:00,success,quality_A0_B4_24099,True,21.81260705999739,True,True,7d2e6f0b1c891ab0d0424cedfb5b61026058634620e8d1e6f74625ee0aa0f7cd,1.7837414532126366,0.0755040666916109,0.0012316384035091,True,True,True,True,True,0.1239125706721276,0.0239125706721275,False,False,True,True,True,True
True,4,A0_B4,True,0.3970323149696924,quality,2026-07-27T14:29:49+08:00,/data/dxl/results/spg_fastgate/quality_generation/A0/B4/seed_24100/summary.json,-23.7053337097168,-3.9508889516194654,0.0986984546274408,0.0083863980132025,c744d6a5f140a666f637bda35bf062aad2199185360b58ebdd51ee7f3527741c,/data/dxl/results/spg_fastgate/quality_generation/A0/B4/seed_24100/generated_crystals.extxyz,A0,/data/dxl/results/spg_fastgate/relaxed/quality/A0_B4/seed_24100,c083f96a86f1e89f01636d6c826b95a7f40651fc9dbbbc920c7efdd46f3fbda1,/data/dxl/results/spg_fastgate/relaxed/quality/A0_B4/seed_24100/relaxed_structure.extxyz,1455382,FP32,4,15,-23.714786529541016,-3.9524644215901694,0.0442233383655548,24100,2026-07-27T14:29:49+08:00,success,quality_A0_B4_24100,True,21.454752800244023,False,True,6e5ee9a110e6c68e6a664610e59baa517ab3579414509682350c0aef350db7c8,1.7395700018263778,0.0770546717547588,0.006665579702927,True,False,True,True,True,0.0006405425290101,0.0993594574709898,False,False,False,True,True,True
True,4,A0_B4,True,1.226372862001881,quality,2026-07-27T14:29:48+08:00,/data/dxl/results/spg_fastgate/quality_generation/A0/B4/seed_24101/summary.json,-72.34147644042969,-6.028456370035808,0.2350724595865786,0.0142834206123046,a79ea96431cbe5723e43271134c4f87affd5743dd831bf9c1541ac0384bab722,/data/dxl/results/spg_fastgate/quality_generation/A0/B4/seed_24101/generated_crystals.extxyz,A0,/data/dxl/results/spg_fastgate/relaxed/quality/A0_B4/seed_24101,dae296baff8e1cd0fea292de5efc644918ba8bbefd3bcc6e132512fd8cfcfe57,/data/dxl/results/spg_fastgate/relaxed/quality/A0_B4/seed_24101/relaxed_structure.extxyz,1455383,FP32,5,40,-72.40767669677734,-6.033973058064778,0.0456574521958828,24101,2026-07-27T14:29:46+08:00,success,quality_A0_B4_24101,True,23.196584465753403,True,True,08b6625d5bec63646e1e14c1afaeae8b2314ac94e2a863b7eeb009f4fa746ccd,1.9468386426342696,0.3497694068408972,0.059749590184644,False,True,True,True,True,0.0545858426982633,0.0454141573017366,False,False,True,False,False,False
True,4,A0_B4,True,1.69047806202434,quality,2026-07-27T14:29:52+08:00,/data/dxl/results/spg_fastgate/quality_generation/A0/B4/seed_24102/summary.json,-58.63672637939453,-3.9091150919596354,0.6743310803599359,0.0136814770525362,d64996aba5662c670b68b883354bbb1ba2d79f050311400a5df13f23b26d8424,/data/dxl/results/spg_fastgate/quality_generation/A0/B4/seed_24102/generated_crystals.extxyz,A0,/data/dxl/results/spg_fastgate/relaxed/quality/A0_B4/seed_24102,b6b08e40645d5fc0158103ba3a95e62503cb20ce9e9c1be9a0f709c13a578664,/data/dxl/results/spg_fastgate/relaxed/quality/A0_B4/seed_24102/relaxed_structure.extxyz,1455384,FP32,6,59,-58.70493316650391,-3.913662211100261,0.0475352220237255,24102,2026-07-27T14:29:51+08:00,success,quality_A0_B4_24102,True,22.28196094025043,False,True,a55972cdefa2e45f90ea3763376b8ecce772bf87be2490122eb63a9db6abbb5a,1.413790292195254,0.1039932558789118,0.0364540790043499,False,False,True,True,True,0.0030077048389708,0.0969922951610292,False,False,False,True,False,True
True,4,A0_B4,False,11.130875703005586,quality,2026-07-27T14:30:15+08:00,/data/dxl/results/spg_fastgate/quality_generation/A0/B4/seed_24103/summary.json,-156.79603576660156,-7.839801788330078,1.6904378536408833,0.0079847548231066,2d2fdd73b2e0563261c942cbb545974198067e5f126a70f6e74deaa4f812d869,/data/dxl/results/spg_fastgate/quality_generation/A0/B4/seed_24103/generated_crystals.extxyz,A0,/data/dxl/results/spg_fastgate/relaxed/quality/A0_B4/seed_24103,be602403d9a97af5d70ad7dd7f106ac7044c8e5df9e7c492f1555d27af606ef4,/data/dxl/results/spg_fastgate/relaxed/quality/A0_B4/seed_24103/relaxed_structure.extxyz,1455385,FP32,7,500,-158.074462890625,-7.90372314453125,0.2191510498523712,24103,2026-07-27T14:30:04+08:00,success,quality_A0_B4_24103,True,21.225148095254557,True,True,c52ac352e9403c736c5f4e06f189fd337a4ce3c34f2c76bd2f7c96195ce71467,1.7900097719908223,1.778908028629047,0.2371847355325904,False,True,True,True,True,0.0216281978858645,0.0783718021141355,False,False,False,False,False,False
True,4,A0_B4,True,0.6920725009986199,quality,2026-07-27T14:29:55+08:00,/data/dxl/results/spg_fastgate/quality_generation/A0/B4/seed_24104/summary.json,-53.10532379150391,-5.3105323791503904,0.0737713232767653,0.009393757818497,6dbe6d9130bf61717c15b56a557ed2e06abff9b63caf6b11681ac2654c30bd70,/data/dxl/results/spg_fastgate/quality_generation/A0/B4/seed_24104/generated_crystals.extxyz,A0,/data/dxl/results/spg_fastgate/relaxed/quality/A0_B4/seed_24104,5f205649730384da9e4f52ba35df69a275c2ff7ca756ea9b463e248465f9dac5,/data/dxl/results/spg_fastgate/relaxed/quality/A0_B4/seed_24104/relaxed_structure.extxyz,1455386,FP32,8,23,-53.110008239746094,-5.311000823974609,0.0496350303292274,24104,2026-07-27T14:29:54+08:00,success,quality_A0_B4_24104,True,21.788077501012594,True,True,717d7503133835d6998e00a1000b65e1318fd5dcdbfc56579114dc60b22e2492,2.324726230460483,0.0274562537550213,0.0030941073979162,True,True,True,False,True,0.001448353129228,0.0985516468707719,False,False,False,True,False,False
True,4,A0_B4,True,1.544758154952433,quality,2026-07-27T14:30:52+08:00,/data/dxl/results/spg_fastgate/quality_generation/A0/B4/seed_24105/summary.json,-51.26026916503906,-5.126026916503906,0.624866276063717,0.0213119365485472,0cb578201911d2ff631720021a3f6ffc629807c87500752618fd51ff1797be05,/data/dxl/results/spg_fastgate/quality_generation/A0/B4/seed_24105/generated_crystals.extxyz,A0,/data/dxl/results/spg_fastgate/relaxed/quality/A0_B4/seed_24105,4294975229170d59dbdc25cc9dee2e2708e9f84bbd3ac8f49d922d57435fef72,/data/dxl/results/spg_fastgate/relaxed/quality/A0_B4/seed_24105/relaxed_structure.extxyz,1455387,FP32,9,55,-51.29505920410156,-5.129505920410156,0.0492391027510166,24105,2026-07-27T14:30:50+08:00,success,quality_A0_B4_24105,True,23.28317313750449,True,True,082141ec130805c4f91fc5bac5dad509658556d9781655d05fae1e576f5e40c1,1.8803000858172607,0.1283358199650432,0.023827075175023,False,True,True,True,True,0.00363662116407,0.0963633788359299,False,False,False,True,False,True
True,4,A0_B4,True,0.3229261259548366,quality,2026-07-27T14:29:47+08:00,/data/dxl/results/spg_fastgate/quality_generation/A0/B4/seed_24106/summary.json,-21.29800796508789,-5.324501991271973,0.10212022685877,0.0084707521160774,b42daa2daadc20480da31f301109ed4d63f23b2fb85cf93a501651c43d10795f,/data/dxl/results/spg_fastgate/quality_generation/A0/B4/seed_24106/generated_crystals.extxyz,A0,/data/dxl/results/spg_fastgate/relaxed/quality/A0_B4/seed_24106,aa7a9b6bf649ed99e9ea2495b76e6ddb48267c26b43c2bb859a94e05d43ab388,/data/dxl/results/spg_fastgate/relaxed/quality/A0_B4/seed_24106/relaxed_structure.extxyz,1455388,FP32,10,12,-21.30211639404297,-5.325529098510742,0.0084064770489931,24106,2026-07-27T14:29:47+08:00,success,quality_A0_B4_24106,True,21.71680394500436,True,True,1a3e845167062b30b6109701a0f64c549f68cebff79a90b0ec60d6a408f9352d,2.6551013859125216,0.1035843095400972,0.007798210699538,False,True,True,True,True,0.0044643264327483,0.0955356735672516,False,False,False,True,False,True
True,4,A0_B4,True,3.2635701689869165,quality,2026-07-27T14:30:24+08:00,/data/dxl/results/spg_fastgate/quality_generation/A0/B4/seed_24107/summary.json,-50.447601318359375,-4.203966776529948,0.3935317356701218,0.0063831065525647,438bd2dd5ddecca9ab40285fa37691c0535f33520d9505609ebd067ec490bb66,/data/dxl/results/spg_fastgate/quality_generation/A0/B4/seed_24107/generated_crystals.extxyz,A0,/data/dxl/results/spg_fastgate/relaxed/quality/A0_B4/seed_24107,e5b030ce97333678304445ceab19f706dab1cb794026b4537bf62bd9460d281f,/data/dxl/results/spg_fastgate/relaxed/quality/A0_B4/seed_24107/relaxed_structure.extxyz,1455389,FP32,11,119,-50.63330841064453,-4.219442367553711,0.0502221472561359,24107,2026-07-27T14:30:20+08:00,success,quality_A0_B4_24107,True,21.81260705999739,True,True,7b0d93f861aa75a9fc8ce3f7498f4150b97a68f350b1fea50838c12c234146e9,2.657550573675543,0.1914706484543389,0.1573521251872697,False,True,True,True,True,0.0308190542717095,0.0691809457282905,False,False,False,True,False,True
True,4,A0_B4,True,2.8704761330154724,quality,2026-07-27T14:29:44+08:00,/data/dxl/results/spg_fastgate/quality_generation/A0/B4/seed_24108/summary.json,-28.88233184814453,-4.12604740687779,0.1571058078670021,0.0040753821302008,ddf996ff92b2d806605d413959ced1024566016c70be701fe66810da1b780a3b,/data/dxl/results/spg_fastgate/quality_generation/A0/B4/seed_24108/generated_crystals.extxyz,A0,/data/dxl/results/spg_fastgate/relaxed/quality/A0_B4/seed_24108,ae1ca24bffeae54266bbe048cb77501a5dd9ee9bbabf98b554a2a11a3d0e9835,/data/dxl/results/spg_fastgate/relaxed/quality/A0_B4/seed_24108/relaxed_structure.extxyz,1455390,FP32,12,97,-29.164379119873047,-4.166339874267578,0.036852192133665,24108,2026-07-27T14:29:41+08:00,success,quality_A0_B4_24108,True,21.454752800244023,True,True,107b623f06ad7fcd593b906de465f3d6244703e711555eef0bee91e0b9de95ba,1.8940278584421009,0.0173832685972374,0.8432540014791761,True,True,True,True,True,0.0053463596101383,0.0946536403898616,False,False,False,True,True,True
True,4,A0_B4,True,8.874183656997047,quality,2026-07-27T14:30:11+08:00,/data/dxl/results/spg_fastgate/quality_generation/A0/B4/seed_24109/summary.json,-49.2271728515625,-3.2818115234375,0.4074460519365168,0.0073713999338435,9f3a2629078899f55a8397072bbba68ebb6954f1843fd63375c515d8a237f988,/data/dxl/results/spg_fastgate/quality_generation/A0/B4/seed_24109/generated_crystals.extxyz,A0,/data/dxl/results/spg_fastgate/relaxed/quality/A0_B4/seed_24109,25246b148ac9153037e00aa09844bb0b0e9f5fea84d763c6f43bc63916f7b668,/data/dxl/results/spg_fastgate/relaxed/quality/A0_B4/seed_24109/relaxed_structure.extxyz,1455391,FP32,13,404,-49.60160446166992,-3.306773630777995,0.0477476604282856,24109,2026-07-27T14:30:02+08:00,success,quality_A0_B4_24109,True,23.196584465753403,True,True,5815f71c3e5ace63e667fe01c5733870d81a28110cfcb89d7b3ba3a5506c23e3,2.3886263135277117,0.099648925020316,0.3165280888237994,True,True,True,True,True,0.0002270115472694,0.0997729884527305,False,False,False,True,True,True
True,4,A0_B4,True,5.129065245040692,quality,2026-07-27T14:29:53+08:00,/data/dxl/results/spg_fastgate/quality_generation/A0/B4/seed_24110/summary.json,-62.32582092285156,-6.232582092285156,0.10476664494748,0.0143538785005467,2e496c85e4ff284a399d5eadd55276fa14808764ee4ed58a60ea8ac134589ec8,/data/dxl/results/spg_fastgate/quality_generation/A0/B4/seed_24110/generated_crystals.extxyz,A0,/data/dxl/results/spg_fastgate/relaxed/quality/A0_B4/seed_24110,4305863030777c20149517a7967449352f2f40aa6c0dd2d277c64c095a57603e,/data/dxl/results/spg_fastgate/relaxed/quality/A0_B4/seed_24110/relaxed_structure.extxyz,1455392,FP32,14,178,-63.40126419067383,-6.340126419067383,0.055946946144104,24110,2026-07-27T14:29:48+08:00,success,quality_A0_B4_24110,True,22.28196094025043,True,True,c1c95eb3e978cb4a8814b10088dd9c311556dd9c0fb006b218c145cfcf827cea,2.6081586885580044,0.2506460725613415,1.2584961509335273,False,True,True,True,True,0.0012113565986053,0.0987886434013946,False,False,False,False,False,False
True,4,A0_B4,True,3.580891977006104,quality,2026-07-27T14:29:55+08:00,/data/dxl/results/spg_fastgate/quality_generation/A0/B4/seed_24111/summary.json,-34.43363952636719,-3.130330866033381,0.4838245199514291,0.0055151722106326,c4174b066bbb59af0e3b7b3f9462a3786bab94992ad8b023de7c989f46679006,/data/dxl/results/spg_fastgate/quality_generation/A0/B4/seed_24111/generated_crystals.extxyz,A0,/data/dxl/results/spg_fastgate/relaxed/quality/A0_B4/seed_24111,d90add05fa922da869b37a1bb3c0ed1c8f96a30f5de4cf281947c8a13696b165,/data/dxl/results/spg_fastgate/relaxed/quality/A0_B4/seed_24111/relaxed_structure.extxyz,1455393,FP32,15,123,-34.64854049682617,-3.149867317893289,0.0464103259146213,24111,2026-07-27T14:29:51+08:00,success,quality_A0_B4_24111,True,21.225148095254557,True,True,683a067cdab7a15d1e3110fed3a2e6a59c4103e7d6233602d1546015410a8fcf,2.632907983852873,0.1087387771306009,0.1873103376695766,False,True,True,True,True,0.0002498313044171,0.0997501686955828,False,False,False,True,False,True
True,4,A0_B4,True,0.4853384490124881,quality,2026-07-27T14:29:54+08:00,/data/dxl/results/spg_fastgate/quality_generation/A0/B4/seed_24112/summary.json,-41.13677978515625,-5.142097473144531,0.038593901480284,0.0127302926196437,f945c055c1d3dc874357cf81c6d5bb31e368d69050c0944ea0768e08b0d1e7d0,/data/dxl/results/spg_fastgate/quality_generation/A0/B4/seed_24112/generated_crystals.extxyz,A0,/data/dxl/results/spg_fastgate/relaxed/quality/A0_B4/seed_24112,fa8f5c46164b973dcbaa9fcba547f3879ade44f7cdcda834a1856c7ac73dc640,/data/dxl/results/spg_fastgate/relaxed/quality/A0_B4/seed_24112/relaxed_structure.extxyz,1455378,FP32,0,15,-41.1457405090332,-5.14321756362915,0.0441576577723026,24112,2026-07-27T14:29:54+08:00,success,quality_A0_B4_24112,True,21.788077501012594,True,True,3b055d1902dfb6d9aab04a54fdbed869d2a276a981709785550d51f63f6d2a42,2.5312144471612914,-0.0014112857810992,0.0004494781574593,True,True,True,False,True,0.0011319828509014,0.0988680171490985,False,False,False,True,False,False
True,4,A0_B4,True,1.504644879954867,quality,2026-07-27T14:29:49+08:00,/data/dxl/results/spg_fastgate/quality_generation/A0/B4/seed_24113/summary.json,-147.884521484375,-8.215806749131945,0.2046021283880427,0.0466017604819035,142c8f675abe33eadc921fce7f8642b420cd3dc9f6cb36dba30b3be47736904c,/data/dxl/results/spg_fastgate/quality_generation/A0/B4/seed_24113/generated_crystals.extxyz,A0,/data/dxl/results/spg_fastgate/relaxed/quality/A0_B4/seed_24113,3945d47accde7439eef94e6153d6d729f6f1837ef8b62371ca1434d734d3b177,/data/dxl/results/spg_fastgate/relaxed/quality/A0_B4/seed_24113/relaxed_structure.extxyz,1455379,FP32,1,45,-147.94940185546875,-8.219411214192709,0.0484760627150535,24113,2026-07-27T14:29:48+08:00,success,quality_A0_B4_24113,True,23.28317313750449,False,True,04071766bbc97dc7744cc1ebf5c30c59db75d5275be185bd707d8cdd64c9640e,1.8596032535043572,0.0675445589844798,0.0040789503495448,True,False,True,False,True,0.0041230100136889,0.095876989986311,False,False,False,True,False,False
True,4,A0_B4,True,0.3790941910119727,quality,2026-07-27T14:29:44+08:00,/data/dxl/results/spg_fastgate/quality_generation/A0/B4/seed_24114/summary.json,-11.345678329467772,-2.836419582366944,0.0541254657511891,0.0055170721587013,8a267692eb2f6a80cbc3889e9b7edb4c4da7bd22c15221a16db4171719579e68,/data/dxl/results/spg_fastgate/quality_generation/A0/B4/seed_24114/generated_crystals.extxyz,A0,/data/dxl/results/spg_fastgate/relaxed/quality/A0_B4/seed_24114,7d527ae204d5878a1e1ef6492a19d7b00df2e12dfc4bd64f08192512a25e3590,/data/dxl/results/spg_fastgate/relaxed/quality/A0_B4/seed_24114/relaxed_structure.extxyz,1455380,FP32,2,12,-11.351887702941896,-2.8379719257354736,0.0427351929247379,24114,2026-07-27T14:29:44+08:00,success,quality_A0_B4_24114,True,21.71680394500436,True,True,058be6de01baad3b83cefac99b794ef6a9fca7d6493921e76e45c0d3d4f5c67b,3.2765177318412477,0.0518043454582199,0.005325077200232,True,True,True,False,True,0.0001350823181301,0.0998649176818698,False,False,False,True,False,False
True,4,A0_B4,True,1.4760570870130325,quality,2026-07-27T14:29:44+08:00,/data/dxl/results/spg_fastgate/quality_generation/A0/B4/seed_24115/summary.json,-22.66995620727539,-2.833744525909424,0.4899486607657545,0.0078306775468075,86310d456444f1d02fe8debb9f7b1083c9490ee08635c193babb0d9347c1c9e8,/data/dxl/results/spg_fastgate/quality_generation/A0/B4/seed_24115/generated_crystals.extxyz,A0,/data/dxl/results/spg_fastgate/relaxed/quality/A0_B4/seed_24115,384fd203035eb05401fd96bcb44aaa3b215dfbff99399f556e36e8c1c051bf67,/data/dxl/results/spg_fastgate/relaxed/quality/A0_B4/seed_24115/relaxed_structure.extxyz,1455381,FP32,3,49,-22.86019515991211,-2.8575243949890137,0.0472430549561977,24115,2026-07-27T14:29:43+08:00,success,quality_A0_B4_24115,True,21.81260705999739,False,True,0cf0755d62d04eeb0c4739e2ac6b3444d5f054937b8c4f76874b7f3f797cf3bc,2.765628269532072,0.057192633632173,0.0937675721759064,True,False,True,True,True,0.0001271517735083,0.0998728482264916,False,False,False,True,True,True
True,4,A0_B4,True,1.0163685229490511,quality,2026-07-27T14:29:50+08:00,/data/dxl/results/spg_fastgate/quality_generation/A0/B4/seed_24116/summary.json,-35.268798828125,-1.76343994140625,0.0802890697304932,0.0012563406674457,674768c8ae2edcd513940db31ce6d2f5c65caf63ade04d28f79b4f5e514930a2,/data/dxl/results/spg_fastgate/quality_generation/A0/B4/seed_24116/generated_crystals.extxyz,A0,/data/dxl/results/spg_fastgate/relaxed/quality/A0_B4/seed_24116,cc7e178b99923d9085283971be577078f485de2eec59249883093a5a1ff8badb,/data/dxl/results/spg_fastgate/relaxed/quality/A0_B4/seed_24116/relaxed_structure.extxyz,1455382,FP32,4,40,-35.31118392944336,-1.765559196472168,0.0367512591183185,24116,2026-07-27T14:29:49+08:00,success,quality_A0_B4_24116,True,21.454752800244023,True,True,76d43b91551df352d794e739c48bdb44448debbd4f83cbde65ef5c79b872f736,3.101427766344651,0.074515207388438,0.0629460719351313,True,True,True,True,True,0.0001714911760847,0.0998285088239152,False,False,False,True,True,True
True,4,A0_B4,True,1.9623660210054368,quality,2026-07-27T14:29:50+08:00,/data/dxl/results/spg_fastgate/quality_generation/A0/B4/seed_24117/summary.json,-72.84408569335938,-5.203148978097098,0.7988971681625526,0.0067133027975707,7fbb8ab0bebac7a584c169bb9d496794f6d2c27e5811b575d085cec7461b797b,/data/dxl/results/spg_fastgate/quality_generation/A0/B4/seed_24117/generated_crystals.extxyz,A0,/data/dxl/results/spg_fastgate/relaxed/quality/A0_B4/seed_24117,fc90a0e97d205791a3479991780eb993e5060ecbd30de1a4a05bce824ad36967,/data/dxl/results/spg_fastgate/relaxed/quality/A0_B4/seed_24117/relaxed_structure.extxyz,1455383,FP32,5,66,-72.95562744140625,-5.211116245814732,0.0493391342461109,24117,2026-07-27T14:29:48+08:00,success,quality_A0_B4_24117,True,23.196584465753403,True,True,074b6cd534cffcfab16391ee253e3bb4527ab24fbe746ba2ff7fd23cd420c943,2.212443843784433,0.2099560302870697,0.0493012738545299,False,True,True,True,True,0.0056221825670121,0.0943778174329879,False,False,False,False,False,False
True,4,A0_B4,True,4.160603001015261,quality,2026-07-27T14:29:57+08:00,/data/dxl/results/spg_fastgate/quality_generation/A0/B4/seed_24118/summary.json,-71.73184967041016,-4.483240604400635,1.2075213792462542,0.0058258522111293,902bb77551f45df1ad06dabf7f525d01f7c7517b8a39336299a8f02fb35b0c3c,/data/dxl/results/spg_fastgate/quality_generation/A0/B4/seed_24118/generated_crystals.extxyz,A0,/data/dxl/results/spg_fastgate/relaxed/quality/A0_B4/seed_24118,7a6a8e5a889089f81f27403961fea305f0aa914743fc64dfd419c9465d517806,/data/dxl/results/spg_fastgate/relaxed/quality/A0_B4/seed_24118/relaxed_structure.extxyz,1455384,FP32,6,176,-71.9585189819336,-4.49740743637085,0.0484368279576301,24118,2026-07-27T14:29:52+08:00,success,quality_A0_B4_24118,True,22.28196094025043,False,True,89835f8b6f1ba08cb1fde213223a99e891a8fbe0b8a31885281cfd107af82a6a,1.994109416495079,0.1272234249805519,0.1139665078772868,False,False,True,True,True,0.0004481247862879,0.099551875213712,False,False,False,True,False,True
True,4,A0_B4,True,0.2345009940327145,quality,2026-07-27T14:30:16+08:00,/data/dxl/results/spg_fastgate/quality_generation/A0/B4/seed_24119/summary.json,-61.73957061767578,-10.289928436279297,0.0871598175822632,0.0018241654443332,760e071cb0862e5d045d703dc59b730983449d1047e27ad4512dbd290674d5a5,/data/dxl/results/spg_fastgate/quality_generation/A0/B4/seed_24119/generated_crystals.extxyz,A0,/data/dxl/results/spg_fastgate/relaxed/quality/A0_B4/seed_24119,9f511ffaa61e58734c589f53e0b1ece5b847369efeb5aa008e4747066b7efeae,/data/dxl/results/spg_fastgate/relaxed/quality/A0_B4/seed_24119/relaxed_structure.extxyz,1455385,FP32,7,10,-61.7427978515625,-10.29046630859375,0.0286603644490242,24119,2026-07-27T14:30:15+08:00,success,quality_A0_B4_24119,True,21.225148095254557,True,True,e7ed121ed164e233d21b83b55a4a017d890b2a25b27404cc75d01b3be7ff5542,2.6968014365961963,0.0454295911687907,0.0147067480447882,True,True,True,False,True,0.0009162880508297,0.0990837119491703,False,False,False,True,False,False
True,4,A0_B4,True,4.426701104035601,quality,2026-07-27T14:29:59+08:00,/data/dxl/results/spg_fastgate/quality_generation/A0/B4/seed_24120/summary.json,-44.000091552734375,-2.9333394368489585,0.6599528852475266,0.0037018477817918,e8a16b9529cfce9ff471afc11d964138010f5e5a2ae404c95aa7a915e20f1ed5,/data/dxl/results/spg_fastgate/quality_generation/A0/B4/seed_24120/generated_crystals.extxyz,A0,/data/dxl/results/spg_fastgate/relaxed/quality/A0_B4/seed_24120,45265875c0a6f4205aa88b4df75f40c4191e9c56b186a0e79051490c64e56cf9,/data/dxl/results/spg_fastgate/relaxed/quality/A0_B4/seed_24120/relaxed_structure.extxyz,1455386,FP32,8,179,-44.2368392944336,-2.9491226196289064,0.0473305024206638,24120,2026-07-27T14:29:55+08:00,success,quality_A0_B4_24120,True,21.788077501012594,True,True,dc3ada5170a70992d9570eb8eba6931bf4cadeebe3cf5c0170235dbea357c5a4,1.9892290501421404,0.133400523155756,0.1749056482186201,False,True,True,True,True,0.0002147123012294,0.0997852876987706,False,False,False,True,False,True
True,4,A0_B4,False,13.404437980032526,quality,2026-07-27T14:31:05+08:00,/data/dxl/results/spg_fastgate/quality_generation/A0/B4/seed_24121/summary.json,-79.90479278564453,-4.43915515475803,2.097272960511347,0.0153225460456611,0c0c3178eae21832a2e503d4918cc024047ad8701a736295fa7297c89e8a6372,/data/dxl/results/spg_fastgate/quality_generation/A0/B4/seed_24121/generated_crystals.extxyz,A0,/data/dxl/results/spg_fastgate/relaxed/quality/A0_B4/seed_24121,ee2c511eb972a21b9f27c6e9fad686ba07ffaef96425ababc924f59fade4d008,/data/dxl/results/spg_fastgate/relaxed/quality/A0_B4/seed_24121/relaxed_structure.extxyz,1455387,FP32,9,500,-81.72247314453125,-4.540137396918403,0.1298298984766006,24121,2026-07-27T14:30:52+08:00,success,quality_A0_B4_24121,True,23.28317313750449,False,True,4a64cee21e84e64074a0c95266c96a2df1bf6992ead225d14b96441e48550770,1.5909986244759375,0.2572042780716312,0.3416682877584165,False,False,True,True,True,0.0036853272895268,0.0963146727104732,False,False,False,False,False,False
True,4,A0_B4,True,1.3977135709719732,quality,2026-07-27T14:29:49+08:00,/data/dxl/results/spg_fastgate/quality_generation/A0/B4/seed_24122/summary.json,-57.65221786499024,-3.2029009924994574,0.1360058808897494,0.0010731700854624,52fb69d5750c50ec05c42a555565339bd0be56dc5468258904702a24941f5de1,/data/dxl/results/spg_fastgate/quality_generation/A0/B4/seed_24122/generated_crystals.extxyz,A0,/data/dxl/results/spg_fastgate/relaxed/quality/A0_B4/seed_24122,5316cb4af9546688d3a4db567e05296eacf6799c222b4f8c5721033668bbf532,/data/dxl/results/spg_fastgate/relaxed/quality/A0_B4/seed_24122/relaxed_structure.extxyz,1455388,FP32,10,55,-57.70686340332031,-3.2059368557400174,0.0468130335211753,24122,2026-07-27T14:29:47+08:00,success,quality_A0_B4_24122,True,21.71680394500436,True,True,9ed0111f70e39cccffaeca7b0abe74da57e9dca9315f73b1470b0e15f560c0ba,3.040261194484013,0.0911526698245048,0.0487682545322602,True,True,True,True,True,0.0007594399983213,0.0992405600016786,False,False,False,True,True,True
True,4,A0_B4,True,10.265573408978526,quality,2026-07-27T14:30:34+08:00,/data/dxl/results/spg_fastgate/quality_generation/A0/B4/seed_24123/summary.json,-35.34381103515625,-1.9635450575086808,0.980144810949794,0.0096498231232581,89b03c62aff8a5ded28a5d1102b9eaf70a2cd119297e936ab4ab922278f18d23,/data/dxl/results/spg_fastgate/quality_generation/A0/B4/seed_24123/generated_crystals.extxyz,A0,/data/dxl/results/spg_fastgate/relaxed/quality/A0_B4/seed_24123,a509a45884c6fca826326eb9adcf118af4dfaddc81d4c86a61ec4bd1f9c89b31,/data/dxl/results/spg_fastgate/relaxed/quality/A0_B4/seed_24123/relaxed_structure.extxyz,1455389,FP32,11,376,-35.78715896606445,-1.988175498114692,0.0458714850246906,24123,2026-07-27T14:30:24+08:00,success,quality_A0_B4_24123,True,21.81260705999739,False,True,e1128004a75337732e98b4ebd209c877c98e1bd8bfad209404f1d3b30fd6e0a0,1.564223425084234,0.0696881366544772,0.3053051133893228,True,False,True,True,True,0.0002586334158231,0.0997413665841768,False,False,False,True,True,True
True,4,A0_B4,True,0.9263440709910356,quality,2026-07-27T14:29:45+08:00,/data/dxl/results/spg_fastgate/quality_generation/A0/B4/seed_24124/summary.json,-17.596147537231445,-4.399036884307861,0.562608319516056,0.0180346618961383,59d79e3982c55143a821f8e22235ea6a7c20d775eb1679a1f25c56caace03255,/data/dxl/results/spg_fastgate/quality_generation/A0/B4/seed_24124/generated_crystals.extxyz,A0,/data/dxl/results/spg_fastgate/relaxed/quality/A0_B4/seed_24124,f62784632f6c2df59c5e4d4f590bc54d242538548eaf00b91fa2a42f90349895,/data/dxl/results/spg_fastgate/relaxed/quality/A0_B4/seed_24124/relaxed_structure.extxyz,1455390,FP32,12,30,-17.622726440429688,-4.405681610107422,0.0393113046884536,24124,2026-07-27T14:29:44+08:00,success,quality_A0_B4_24124,True,21.454752800244023,True,True,c733158575ac63672095d9cf2837337c376087cbffda3a629e3660dd73462166,1.6182469141008844,0.0795672882384765,0.0313632261887727,True,True,True,True,True,0.0002512925195917,0.0997487074804082,False,False,False,True,True,True
True,4,A0_B4,False,11.576176528993528,quality,2026-07-27T14:30:23+08:00,/data/dxl/results/spg_fastgate/quality_generation/A0/B4/seed_24125/summary.json,-157.0816650390625,-7.854083251953125,12.128459245459096,0.0779863258904342,5ebc5d21d577ac7cc3520956835505258612f5f83fe9be12b58d9c65a3741448,/data/dxl/results/spg_fastgate/quality_generation/A0/B4/seed_24125/generated_crystals.extxyz,A0,/data/dxl/results/spg_fastgate/relaxed/quality/A0_B4/seed_24125,3c7cd84db0c063e3115fce8269671d3d0aef99eda203acc46d5eb60839c0f680,/data/dxl/results/spg_fastgate/relaxed/quality/A0_B4/seed_24125/relaxed_structure.extxyz,1455391,FP32,13,500,-160.07411193847656,-8.003705596923828,0.1189474612474441,24125,2026-07-27T14:30:11+08:00,success,quality_A0_B4_24125,True,23.196584465753403,True,True,7148d65b23999287c176cdce83bf826ae62baddd73e31f66fb0fca9698c4216a,1.0711966423408814,0.092686381718142,0.3450634304530129,True,True,True,True,True,0.0037078992956735,0.0962921007043265,False,False,False,True,True,True
True,4,A0_B4,True,0.6365858700009994,quality,2026-07-27T14:29:54+08:00,/data/dxl/results/spg_fastgate/quality_generation/A0/B4/seed_24126/summary.json,-22.855884552001957,-2.856985569000244,0.0677588642245349,0.0056533523758512,f43a733d2b9e2e27425a6a067bead282906ddeca1ce10e8a6f80925c314b0ed6,/data/dxl/results/spg_fastgate/quality_generation/A0/B4/seed_24126/generated_crystals.extxyz,A0,/data/dxl/results/spg_fastgate/relaxed/quality/A0_B4/seed_24126,b733e4c398e73ca85ead2d6c4737c3beaa4dede5118bdf47f1d15b96c187dbd4,/data/dxl/results/spg_fastgate/relaxed/quality/A0_B4/seed_24126/relaxed_structure.extxyz,1455392,FP32,14,22,-22.87144470214844,-2.8589305877685547,0.0417717993259429,24126,2026-07-27T14:29:53+08:00,success,quality_A0_B4_24126,True,22.28196094025043,True,True,611cda15f1b4bfbabb74dda94674b824ffdbad4b292843f45aa8938c738577d9,2.589767975141568,0.0231763993226499,0.0122284243443455,True,True,True,True,True,0.0003805494296881,0.0996194505703118,False,False,False,True,True,True
True,4,A0_B4,True,1.2601349980104717,quality,2026-07-27T14:29:56+08:00,/data/dxl/results/spg_fastgate/quality_generation/A0/B4/seed_24127/summary.json,-39.467994689941406,-3.288999557495117,0.6025743204111299,0.0142330739055635,b52df2a4e85fc1999960ace2b575af793949f2f616843c6c961406fa3c3f6dc8,/data/dxl/results/spg_fastgate/quality_generation/A0/B4/seed_24127/generated_crystals.extxyz,A0,/data/dxl/results/spg_fastgate/relaxed/quality/A0_B4/seed_24127,b2752fcdecbb8249d16345654ac0b5bcfa4abafc23870c33f640c5f148e19176,/data/dxl/results/spg_fastgate/relaxed/quality/A0_B4/seed_24127/relaxed_structure.extxyz,1455393,FP32,15,43,-39.60020065307617,-3.300016721089681,0.0302350707352161,24127,2026-07-27T14:29:55+08:00,success,quality_A0_B4_24127,True,21.225148095254557,False,True,bc9dbe5dfbc17240afd171e9ae920d80c2e6492922c6bd660ab0d706a8508420,1.3679446841319622,0.1377237693723554,0.0991238896581956,False,False,True,True,True,0.0003973262644048,0.0996026737355951,False,False,False,True,False,True
