task_id,config,seed,output_dir,physical_gpu,gpu_slot,workers_per_gpu,start_time_unix,finish_time_unix,elapsed_seconds,model_load_seconds,sampling_seconds,predictor_forward_count,corrector_forward_count,corrector_skipped_count,corrector_calibration_count,corrector_fallback_count,corrector_rescue_count,physical_model_forward_count,corrector_skip_rate,calibration_rate,fallback_rate,rescue_rate,gpu_utilization_mean,gpu_utilization_max,gpu_power_mean,gpu_power_max,peak_gpu_memory_bytes,cpu_utilization,composition_valid,basic_structure_valid,rng_state_hash,initial_atomic_numbers_hash,initial_pos_hash,initial_cell_hash,initial_state_hash,final_structure_hash,extxyz_sha256
A0_seed_14000,A0,14000,/data/dxl/results/budget_aware_gating/development/generation/A0/14000,0,0,4,1784886672.0589616,1784886925.3337555,252.9613047200255,2.3135042283684015e-05,253.27477000193903,1000,1000,0,0,0,0,2000,0.0,0.0,0.0,0.0,88.97727272727273,93,161.57090909090908,168.67,740294656,98.38828144899952,False,True,cea11bf8abdde40fdb61d5b8a53d6579350f2f1aa73301fb246e833fbf6560a2,00fd9cb7d9a57eff57e9aa81525286d4585e3b355310c90678a446d552829406,110e02b754567a4b1c59e752a3998a27be43c2c39a61dc201752afc7cf58e1f7,74b8fbf4ea050bf94f23c5fb5c18fcbf719017fc5748534ed9817ca1e26e4c57,bb3d31a430cd324ba6b89648ea82a660004398ce810248650c4c11bee6580e0c,6f65588ef540d3e612f3640b5ab7d74da22b05640dafecc523da850dc7901a94,c89e18bf57c51d4dd664f68ea1cdb435471b0933f46a1d133df69cea3cada67f
A0_seed_14001,A0,14001,/data/dxl/results/budget_aware_gating/development/generation/A0/14001,1,0,4,1784886673.984785,1784886867.0169082,188.6947987669846,2.5218003429472446e-05,193.03209805197548,1000,1000,0,0,0,0,2000,0.0,0.0,0.0,0.0,84.93181818181819,92,128.9143181818182,136.85,566231040,97.65369883806292,True,True,b69d8f688ca28651a11d5aa02a0f4f185cbaacd690b9fc4fe9c97c6f56daba1f,258ce0a9e50bb69ade6f393f9f5b530b0f228df8339ff7d0d75670aad9d614b0,2a95ae971137db2dd1efab0b33c5679b121296081ee4b0c0c4e4a2a3fdccbf05,203306fd116613d14a692ab90833ee2b479db8a09ad30c74b41e6b1016139bcd,9f005f0990d9c42d915e53aab7bee53f49dd4ec99a71d0f5539dec40bc4d2058,8570c233a67dc03f29b481c675fc3546db565351cace6183a271ee1a1c02ad2b,94f52a53c5ac443d5f83b9c4322bcd2fe4752ecf05285128a503fdf4e6ee53ad
A0_seed_14002,A0,14002,/data/dxl/results/budget_aware_gating/development/generation/A0/14002,2,0,4,1784886672.168936,1784886878.0347588,205.27855840098346,2.5307992473244667e-05,205.865797881037,1000,1000,0,0,0,0,2000,0.0,0.0,0.0,0.0,85.56,91,131.21220000000002,141.38,566231040,97.9981034887452,False,True,014357f4d5dfc5bf2e4f09d0bdb882dcd08a1fbe410637d1e32383adec209208,258ce0a9e50bb69ade6f393f9f5b530b0f228df8339ff7d0d75670aad9d614b0,fb8968fa67ed9b4a5248f5f263ec0915d8d28d1c9e688ab71d1425b8e4f2b060,a4929aee26e81576dd812e5cba0a7f01ae80bbb03e10ba86f3e67f0370031100,fe506af84c7ef875b0b6da503995166e535f927c89b9de35bb11112cf8ce0d00,a8587bab53cb94b564c5e91b91b8d08460725d671b48b33887960193423e6a77,0d5291fc5c67a990fd501ac3d6b4b22e0273733dac3200d94f4d0b8f10f0db8f
A0_seed_14003,A0,14003,/data/dxl/results/budget_aware_gating/development/generation/A0/14003,3,0,4,1784886674.0716755,1784886881.3054829,206.92527245898964,2.5849032681435347e-05,207.2337811239413,1000,1000,0,0,0,0,2000,0.0,0.0,0.0,0.0,86.3529411764706,91,131.83588235294118,138.35,589299712,97.76716770837872,True,True,62f7acbf025c95ea0b46b2c4c8ce6b2756123fc144cb45619eeb5c8c6e71c523,7981046bc6b3af77d05fc4d8201cf2204670bf96d1007bc31ce6d6db5b0ff9c1,499746405671768129f4970a9ebf6a488b02b4f6fad9395d1e4a7baf7a5a3aa4,de98249f5d0c046d248bce11d141ff6a89dce514ed03200aa1a844474e361a7f,87aac982e7419e326fcc806ae59b9dadb031dd94d6358e1f8e824ccf7f59c8e1,0aa14c925abd7a31b9e692dbb2ef31d458070ca2d1ee0818da5694ab7d4c495d,7243092f8671ab20392b6a4e98deb9b54ee67e4972563f6c061c620b690d1fd3
A0_seed_14004,A0,14004,/data/dxl/results/budget_aware_gating/development/generation/A0/14004,4,0,4,1784886673.3106375,1784886864.0817974,187.61676223797258,2.362497616559267e-05,190.77113608003128,1000,1000,0,0,0,0,2000,0.0,0.0,0.0,0.0,86.22727272727273,91,118.87363636363635,126.47,551550976,97.51626395350435,True,True,c6ab3e58a7988609fbb902a8e4a1352eddf9206bc63b347b38eebf343818c4ad,8ba2d47dfbceefc5fca1108e069ae02e1d2b0c48e961933c36c82de166d7efc6,b3776ea93aff9ae024192b00cfbde4be52109a083051485298880289a15cac24,1b1193ac0d64974afdf4408b08baf642e5d35757dbeb17a85bca0d6eda561201,d4655b6ad684dc27e571fe672fe1ec72cee5f2f9f1140cdbca66bd4fcf7b63c3,9e6823b5ede63c84ae48b0dcb2673a078cd7e6aa9a0deda4ecda538d83fd2f20,685fdf005b863fb2dea3efff5080f639643bcc8a5a7bf0ed00dc79888ebb4320
A0_seed_14005,A0,14005,/data/dxl/results/budget_aware_gating/development/generation/A0/14005,5,0,4,1784886673.6154811,1784886876.830339,202.90546951402212,2.2032996639609337e-05,203.21483570500277,1000,1000,0,0,0,0,2000,0.0,0.0,0.0,0.0,86.0204081632653,92,121.47040816326529,130.8,551550976,97.80845275897563,False,True,53c990771bbee9c54e89a6a2db344d4598e8fd93e6e1410fe9420c67d22237b5,7c0f3c0de6f9593cb69375415525ac4e9f79587073810bc408d46c083409a9eb,c436294a03d66cdb4ac0ca6e8b78eada3b508748a02243f2d46078ceb99943ff,731abfb87b701632f3917a8ce876d1e4df7f265bf8cca0fe9537fd9e4a672e90,546cd564abd587ef7d39ec42d495214b30006ef9203f13377121f2565757cfe4,7f6ddd20086f9e23707d7473422784eff50e5a7a6099678085dbf08e16bd2482,ec724b83eb9109a612e0f1b861f527135adab2378874bf57fdf8d9ab6a02e766
A0_seed_14006,A0,14006,/data/dxl/results/budget_aware_gating/development/generation/A0/14006,6,0,4,1784886673.0653803,1784886867.8694282,191.99294499401003,2.2594002075493336e-05,194.80402512999717,1000,1000,0,0,0,0,2000,0.0,0.0,0.0,0.0,84.84444444444445,91,110.06799999999998,117.89,551550976,97.69559988824169,True,True,35169bf3bc226398d71054ce18b943468ecdb32fc883c38c51f57617cdd2dd2c,be5a7f6dd478753b2a6278d5088493dbf753bcec38573252b4deaf4701c8fc39,301dbcac4ffaadb45c9996be054b0215c30bcdafcd5896f8acfa4f47d32f464e,fe898660b8d891e78bcbc35bb4030a7658aec6a69c5f84dfdc1ed585f62e64fe,fdaf0dffb85c90744f3e943bb487022cadecfa4c61c8a00245fcf5a80e5d5998,870b7cdb92ae7511d240daa8ed33d23cc0abe8d7afb32ab1a25984a3ba711b4d,fe0c37d259142f948e2fbee9687e30519774c9e8835db89c37d30413d7212009
A0_seed_14007,A0,14007,/data/dxl/results/budget_aware_gating/development/generation/A0/14007,7,0,4,1784886673.5248682,1784886877.34647,203.51172443496762,2.3415021132677794e-05,203.8215776470024,1000,1000,0,0,0,0,2000,0.0,0.0,0.0,0.0,87.28571428571429,92,129.9781632653061,138.54,566231040,97.85190146803332,True,True,9071a25b798e27c8cbcb4c5ba886dc2dc3e932ff6da779d423cf68e6ac42ee3f,9b7553cb6795635870fd4f2ed15dc2bea66777572b8c01d0796f038a562df413,e471be3ccf401b262c277d25f287fd81ccad2054b9f0e11a59c37810f1bbff3b,3b908d77f82072948907a1bf4b0209cee8455152afc21a9b9d873f795a9b00a3,2ff77d205f0e44c66cfdbdc4317dc695ef930b20d0fb71a6c3b7d17b6ef3b381,cd813515367caeb78a2d7855690b5ffc742becdb22106e897032595210ca6693,29dffcc578e413efa019eef8c337aa9db3e8eb1aa52f9d557c65df37b224614a
A0_seed_14008,A0,14008,/data/dxl/results/budget_aware_gating/development/generation/A0/14008,0,1,4,1784886673.2480185,1784886931.6746833,258.11362124199513,2.2473977878689766e-05,258.42664198600687,1000,1000,0,0,0,0,2000,0.0,0.0,0.0,0.0,89.80645161290323,93,162.93677419354833,168.67,889192448,98.01034937626159,True,True,8c32982ae9a56c646702005bbd100079eb3802a1ed2f7a7b51999a77c11c025e,a6e265b21ff0808f721d6dc405155023d5c15521580308c6a248a07db58b7c07,78a2bccfe5b7937760d7c7189c6e9203568f2a49c61f2958060e868f7cd137fc,12d63640b8195cd4fcd916eb803804f35c47f9b3fa9b7f87e2d909aa63701f75,406f8473f0e34ac16f01f487deac87f72357d7f3770ac2598940eaddd2eb3349,dacde25bb3f281afa23d92700aa677bbb1d37c800c831e87208dbd9503dca2b0,74e81f1e652dc80ec99542f7108014a0e41407eed251f0aa76e32e672bf80c48
A0_seed_14009,A0,14009,/data/dxl/results/budget_aware_gating/development/generation/A0/14009,1,1,4,1784886673.4236152,1784886863.2702568,187.82388372102287,2.2963969968259335e-05,189.84661817998858,1000,1000,0,0,0,0,2000,0.0,0.0,0.0,0.0,85.79545454545455,92,128.28613636363636,136.77,566231040,97.3622741491271,True,True,6f02c78c30874abbd7f44b4af40dbec9d665d967cc473983851291dcdcee688b,258ce0a9e50bb69ade6f393f9f5b530b0f228df8339ff7d0d75670aad9d614b0,3899eca4f5a6ca2987cacc3e57009bae2ae971d97220a0590f1094b6e47a2b89,83b7d567cf1d76ba0dfa7a9e8e10952484baafc4e1157eb77172153b71b6b6a6,726ceb8d5edea149cac0dddcf4bcbd3eaba522ea3228007d0af6c653947fd13e,cb817025e734805aec514662c21978b5c5bfaf3959a7b56286531fcb58440f0a,a6bffecb7c0fc01eb2d21107c5560363ecd038dd1e07c8086791127dba534831
A0_seed_14010,A0,14010,/data/dxl/results/budget_aware_gating/development/generation/A0/14010,2,1,4,1784886673.8261251,1784886880.312909,205.49323941703187,2.207298530265689e-05,206.48676206200616,1000,1000,0,0,0,0,2000,0.0,0.0,0.0,0.0,85.6470588235294,91,133.18078431372547,141.66,589299712,97.74377082468263,True,True,59a51f150c68554ba8dba81ee9870f3564f32f6ee17076c9274c148ac31ab8d9,7981046bc6b3af77d05fc4d8201cf2204670bf96d1007bc31ce6d6db5b0ff9c1,fb5e2076fde353b2f02cd1a263fb719177f86d90c625569bd428dd9d08b123ee,cae7365a68070b2c2c008c1c5462a3824f4221b326b24e8b839b38806c65e03f,c49c6c9f2e7a6af3d128b5f333bdbf5651703c68da11ee3cda35dcf216c036c1,64e1e867172bb2b068485c36e3964e5d3ee7fea6310ff37522ea9dbd1db04f21,907e235d63b3d85bf8981c0f61e1b5bc22c364a452d6c633b88582f0d5c6527c
A0_seed_14011,A0,14011,/data/dxl/results/budget_aware_gating/development/generation/A0/14011,3,1,4,1784886673.7417963,1784886880.0024323,205.9490268480149,2.490699989721179e-05,206.26061052497244,1000,1000,0,0,0,0,2000,0.0,0.0,0.0,0.0,87.36,91,131.2052,138.35,551550976,97.81333039104948,True,True,e375cf84afb248894856c8a06fb7bdbb7c8880335e26c34fc4c21715ace3ef33,8ba2d47dfbceefc5fca1108e069ae02e1d2b0c48e961933c36c82de166d7efc6,58de3b0871875f4ddc796c7092f83cd48deee9c5f74a9c4f0e6e7b1e1d62290e,e8af86c793ae1d68e15feae5ad603d396df22e5fa08cc4d83985930ffaadbcb3,86ca31502867957e4a8e58951a79035107a9f08c09a94ada98c1bcb5db6d648a,a0ef2a0313d85ac969ad2e8daf18dc3306ac2da762e66d56e1f55bb9a4818d9d,2cddee0706b91b425b71dfebfd0f4fc96d4a309c2752d217035b5e0562e24363
A0_seed_14012,A0,14012,/data/dxl/results/budget_aware_gating/development/generation/A0/14012,4,1,4,1784886673.670517,1784886863.9730873,189.50910791096976,2.483802381902933e-05,190.3025455889874,1000,1000,0,0,0,0,2000,0.0,0.0,0.0,0.0,86.75,92,120.45727272727272,126.47,551550976,97.54986698942665,True,True,7c34c61ec83ebebf950440afb73fc22ebd60cc2623a3fc041e25616adf4fba4f,be5a7f6dd478753b2a6278d5088493dbf753bcec38573252b4deaf4701c8fc39,33e2ecdde74a9fa2590ff980744362225b2283a057f4f4ab18f1a07c90e48c5c,bee178df54af23e4d711d419b7f32565200b163773d0092db5cb52c0830bf859,09002c31c674fe8a020f64c321df0178042675ef44570bcf87edd8b89df1a197,6b6da99ecff79688e065a9a98e5a78775b1ad5d72f5273184c15eef6666bf191,f4483c39d5473e4398a518db46ba00c6a5a027e40e4709fda72ac87d51d666a5
A0_seed_14013,A0,14013,/data/dxl/results/budget_aware_gating/development/generation/A0/14013,5,1,4,1784886673.5559132,1784886870.286805,196.0199486229685,2.1852960344403982e-05,196.73086971405428,1000,1000,0,0,0,0,2000,0.0,0.0,0.0,0.0,87.23913043478261,92,121.41565217391305,130.27,593494016,97.61520495347138,True,True,4cb9e3dfd9ab38e0131d0a00270e599857470fbb36e215c2ddc66391ce0c273e,f8c31ab8b1b12a6a00bd5df0d8470ad61994a7325b80508c6e1ee17947fa911b,e654c2e681b2b013970ad01d4bc3bcd50b90455eba4efeacbec7555c39e27ec0,c81d6bdbb8722fae82e37a4a6b3abfc60aa8174b9472e636d30070b40c3f778e,a7f679ee564d96c7e19debe6cf6e2829666ca6e1cbb6891f1b7a0d422fcd4037,db8fae91f0113caaa3d7f5b977305c10d13212ce819addd7c94fcebe0cd8e2a1,84be233f1e32458b15de08cf9b8a0bf4f115e9ee5922e00827eaecbab1aaded7
A0_seed_14014,A0,14014,/data/dxl/results/budget_aware_gating/development/generation/A0/14014,6,1,4,1784886673.4487424,1784886864.6327977,190.87221524800407,2.3795990273356438e-05,191.18403036298696,1000,1000,0,0,0,0,2000,0.0,0.0,0.0,0.0,86.93181818181819,92,111.33886363636363,117.57,551550976,97.77138058020807,True,True,bec014bc32c6b60e343c9b7ef62a481721d3b333ffa4f6b8fc75a9e532c271f8,7c0f3c0de6f9593cb69375415525ac4e9f79587073810bc408d46c083409a9eb,c3d3d8d5e244bcd14caa1a4f72b3afab45ce42759037afc5595c6fc4a5a55583,75d772776cb0ab3c8d4d553f838c971675812b263e0aa0d5b55fec327bfd8fd4,0ff27fd7a96d72002439514124aa42a4800c391673caa1b40e16e19c76c64ff4,cf94de414235e2a2caaed4c6634a5142a5576f90e6ac85fb39ba4fb5cd25aad9,f2f981d79d64a6b273ef58d1692b968d42da197690e7635b4b9572bb18824782
A0_seed_14015,A0,14015,/data/dxl/results/budget_aware_gating/development/generation/A0/14015,7,1,4,1784886673.6379614,1784886880.246218,206.2865232040058,2.647005021572113e-05,206.60822978091892,1000,1000,0,0,0,0,2000,0.0,0.0,0.0,0.0,86.3529411764706,92,130.80470588235295,139.6,593494016,97.81308468195746,True,True,c4de0c04c2ce55767cc60f6641b0cbe2a4bf3b607e1959bdbb48d5177c95876d,f8c31ab8b1b12a6a00bd5df0d8470ad61994a7325b80508c6e1ee17947fa911b,80748f0fa1914d86863ba77b0121b2aab42c144fabc29dcc545acd2654ce1969,3ff810b0a51f02a9a8c7004b306df0a9493d32bb2fc119a94f23748cf81241bf,11daf688e3638919408d4c683bb212ce275a16a62970e1c2090acdaa9d15805f,10650e535ace4f9220c022e5165ecc35b9dd1570109e6fe673482431790988f7,1612002555794897128b6bfcefe7bcfbe79d346482c4a2f4b921c03cd727a590
A0_seed_14016,A0,14016,/data/dxl/results/budget_aware_gating/development/generation/A0/14016,0,2,4,1784886674.0685813,1784886929.876854,255.49500952399103,2.6559981051832438e-05,255.80824549199315,1000,1000,0,0,0,0,2000,0.0,0.0,0.0,0.0,90.12087912087912,93,163.24967032967035,168.71,721420288,98.23943659119938,True,True,0b073438f33981811d8a68bc32261b7c90f8081f41dc5d700a032d2a1b2883ed,a6e265b21ff0808f721d6dc405155023d5c15521580308c6a248a07db58b7c07,2e2e0022f97adef49925200a54122d90a6f8107c961651c93291f242edbc9e4e,4f64d53ad7aaa4f6604620b2a2738d1ecdc2d273a61a479981115e7a7fb42514,43a6a558c6635712a157539be9b2185d20b5152961dbc1614fd9af180cc61192,8dc5a124cee36a581b7ec9d4653ef194e8f51ce925068ca8942297869f417834,23ee4a933c114558ad3c198ca067cfcbdd75c9cf15de04d680a91bb538e7befb
A0_seed_14017,A0,14017,/data/dxl/results/budget_aware_gating/development/generation/A0/14017,1,2,4,1784886673.7733138,1784886865.2714689,188.25468729698332,2.3824977688491344e-05,191.4981313800672,1000,1000,0,0,0,0,2000,0.0,0.0,0.0,0.0,84.9090909090909,92,128.91704545454547,136.68,551550976,97.595875640619,True,True,44c4eef37e3a81a0bdbe3f0b0c6709805ed818312352d2d5db100a064a7e3847,7c0f3c0de6f9593cb69375415525ac4e9f79587073810bc408d46c083409a9eb,1afcda8b340a1afe641ccb249ff71816efb8dc7ebafeb8b04d6697b25885e01d,11b5b71029c2c91b7fb656b2cfaa7b590eb200a05a020900c28d564ccd0d361e,5b37fc102b81311fd6279911017d3c60beb0d89001b81ec2246d825deb3575b4,8da8916d128164addc87a598aa55e00e17edb3c5dec740309e12545478b324a7,eb3f4348ff7080b7b5ad24f0020ad60f84bda5b9cc9e7f58acbf2b535e2db670
A0_seed_14018,A0,14018,/data/dxl/results/budget_aware_gating/development/generation/A0/14018,2,2,4,1784886673.9512374,1784886879.6509008,205.11396743997466,2.7842004783451557e-05,205.69963529199595,1000,1000,0,0,0,0,2000,0.0,0.0,0.0,0.0,87.38,92,133.784,142.14,589299712,97.89141648862098,True,True,7ea650e505c7a39edff8f2ec7ec81e2fbc1492f131e3e8b46e0c8b87545f21b8,7981046bc6b3af77d05fc4d8201cf2204670bf96d1007bc31ce6d6db5b0ff9c1,126dd5f98781f565e60536ff0880c9e13a5a21652e2b9fc58bf853791f05af10,d3a8eadcd980eecae5f8aac0a7ae3c27f23a186dfff613902efb16554ca8eef3,03b9326768519922dfb43891a249c57105b8a047ac4e91e6ef85a69be4945ab0,1987e9821577beae398cc566e1c7616c1d4065a57016d8a88100ec275b425fa5,a103685913442ff62a23822402701ee028bd29fc14eaadeacae6d5be5a36d415
A0_seed_14019,A0,14019,/data/dxl/results/budget_aware_gating/development/generation/A0/14019,3,2,4,1784886674.0913725,1784886880.5350432,206.13041038397932,2.920400584116578e-05,206.44364088302245,1000,1000,0,0,0,0,2000,0.0,0.0,0.0,0.0,87.36,91,131.9582,138.86,566231040,97.81836913020145,True,True,84c92bbcf4f12ab5af467ec7a99a20d8543faf71c6a42de6c2dd3204e8e51e2d,9b7553cb6795635870fd4f2ed15dc2bea66777572b8c01d0796f038a562df413,ef0cd5fb7e201785e50411109406d1abc6718f6bb6c8ee3a6bd817f240c709e4,5614215b95e87920c6160259768b25802ffa3b945848f5e57efbc4d0dd650368,23063414a50ed4892fb92b83673c4fbeda59a5e87319708e4c18c2d176cc8d9c,b87a1ac4ec91e410a7e4bcaafed677fcbf0c06e9d30596a9d3a926d9a0121517,3b6f33c0ad6f41e453a60d0dc9319e11630520613419af8491486ed92727fb0a
A0_seed_14020,A0,14020,/data/dxl/results/budget_aware_gating/development/generation/A0/14020,4,2,4,1784886674.1086698,1784886865.6583862,188.43780503497692,2.941401908174157e-05,191.54968740296317,1000,1000,0,0,0,0,2000,0.0,0.0,0.0,0.0,85.36363636363636,91,119.94477272727272,126.14,551550976,97.45721201269167,False,True,b28e3349bed283f425a9a3234ddd581c66925741f0a6222959782a3e6f5ce2fe,7c0f3c0de6f9593cb69375415525ac4e9f79587073810bc408d46c083409a9eb,a186fd916597c345912b418924ce71610ab1c3de6698c549acfa2b713f0880d4,c7a732949b4f98f7cc2dd2013f1b78a09f2fd7db57f63fde8354d77f61827697,9a66f1a857f0fb453dc57ce4bad7078ebe7d9e4b553a35dc22a874a65c958cfd,14529d66f916fa077277c324b86930d2e57d97c136bf8e753b21faefda56d75c,a6c7e79299a66fd505da881b3544ec13e2b2dfd7d87651bc3d759a662567122a
A0_seed_14021,A0,14021,/data/dxl/results/budget_aware_gating/development/generation/A0/14021,5,2,4,1784886673.8515706,1784886873.1909206,198.37612980196718,3.8457976188510656e-05,199.33931150403805,1000,1000,0,0,0,0,2000,0.0,0.0,0.0,0.0,87.14893617021276,92,122.55851063829783,129.35,566231040,97.69995743009908,True,True,f5a5e392c778c0ea5a9f2f9de0820107bff463e269aae103fa19f708f9520962,9b7553cb6795635870fd4f2ed15dc2bea66777572b8c01d0796f038a562df413,9d7434ff092776db4cc2560120e9210f187e26c0341a703bd48ed769f95a7fff,995b57e5cc0842ee37e7ce9ef487d7049d017d8512d7f70282eb826984eb6212,31e0716ddcb1f401f749d6f8076f3135742d8021cb32496fe7f3a66483beb43a,f2a65f27d916f1713960155175357e7484b6e97acee29e0acc48a10087ddabee,8f286d35cc74adc39f82744da844e245bd407da1367765d403a4c1641c0daf5f
A0_seed_14022,A0,14022,/data/dxl/results/budget_aware_gating/development/generation/A0/14022,6,2,4,1784886673.7665384,1784886866.9142857,192.31185981200542,3.536196891218424e-05,193.14771269104676,1000,1000,0,0,0,0,2000,0.0,0.0,0.0,0.0,86.8409090909091,92,111.36318181818187,117.82,551550976,97.58162390059987,True,True,e9bda9713aee1ae6bfbd0e2fa06ad9d084b4df09ddaac8aae62558ce6473bb2d,be5a7f6dd478753b2a6278d5088493dbf753bcec38573252b4deaf4701c8fc39,2a4dbe8d85c819f6163a9696cc3d33a58573b2289561b1bebfd0289781682c9e,026a07ca7c1e587d4f1c4b28417ad23de13063034597e9cec11eef2727b2ebfb,88b984d794e9be5d4bf52a72662dd0f18874bfd31b6cf8f61aec5cf08c2500ca,83e4975337ef724543f82cac2eae725402d28d15b4a61ac86b9d664034bcd03e,bf0c326c428c2754c6b35e9e46da32ec279e683830b80c1d5df891aebd41d157
A0_seed_14023,A0,14023,/data/dxl/results/budget_aware_gating/development/generation/A0/14023,7,2,4,1784886673.8857648,1784886878.3941622,203.91862763901008,4.04610182158649e-05,204.5083568659611,1000,1000,0,0,0,0,2000,0.0,0.0,0.0,0.0,87.42,92,131.03560000000004,138.56,593494016,97.76187411819507,False,True,c4e2db0058a9af11bd652eb1be6485e9508fde9bf2b13137ac6b916998a6e644,4586c4f906958bc450dbbbec20f526484822118ac7ce0dcb236e35180ed607f3,00b3b813999fa0399b5702d165e3ef1e28d66f1ff3d40a3ea1800590c617be12,81e7a18292e136a6bf695b1b6acae5c8a7d7be8f714a7623d7a18f787d855446,3b250c0c147b5502e62d5b6e9517a2ebaf909f5fd37dba3705622c53d0a81c24,1b69cb2e45d557747e85a4bc42f8b9ec812fb0ad583c513ba028ad391102449e,d0859b81e83b0c07c6984a3a984280b33271bb49ba8c96354ab0b14c54cbc7d3
A0_seed_14024,A0,14024,/data/dxl/results/budget_aware_gating/development/generation/A0/14024,0,3,4,1784886674.0590737,1784886931.5402937,257.1682357119862,4.0301005356013775e-05,257.48117921996163,1000,1000,0,0,0,0,2000,0.0,0.0,0.0,0.0,90.1195652173913,93,163.12532608695653,168.6,593494016,98.29935387825878,True,True,43ea3d264c932f670bef80f1cb879faebd8328eee54910afc16a028468a35a6c,f8c31ab8b1b12a6a00bd5df0d8470ad61994a7325b80508c6e1ee17947fa911b,b0843d5f0ae34b4c920a0060eba2c00778f3dce639526ae3200464505048b036,b8b65b09fe92926b2d381acaf252ef6410648397105949b85149c01233a5a3f8,a2aaa67980f435b393715868a2e1fa4f283de6fc469fe3d66875a0d32dca5e9d,ea4b4dc3de1fdb8b6f1999ec3149b978a350a8ebe862b9888503de312b253d9d,4df592ba23a4ffd2742f851461542559bdc52f1d43acfe5ab86de596363e3f81
A0_seed_14025,A0,14025,/data/dxl/results/budget_aware_gating/development/generation/A0/14025,1,3,4,1784886674.0068228,1784886862.633422,187.93322589801392,2.716097515076399e-05,188.62657119799405,1000,1000,0,0,0,0,2000,0.0,0.0,0.0,0.0,86.90697674418605,92,130.31558139534883,136.8,551550976,97.70625469423207,True,True,4f6964ceff3baa5dc5fda3674c91efd43b4cc5b2efeb0812bc542ab252a34eff,7c0f3c0de6f9593cb69375415525ac4e9f79587073810bc408d46c083409a9eb,5311791830866223f4650af34cfd0abdb5458e74c24b401aa7d31e8c51743724,5ec7478aec93cfe40c396cb2968bccbf9c9faf27152997209382c40005490d9a,b234bd44f34442c5085560a566d235d36a6fc61b5a7b38ba24ba85cc5a6038df,db1d218e02e64ea647d410f98a393d9637a41558466eda86c508d13df149b193,994ad76b10b0a1d23339e423567a8b0104966125d1cfed712293ab93be8d1746
A0_seed_14026,A0,14026,/data/dxl/results/budget_aware_gating/development/generation/A0/14026,2,3,4,1784886673.5396717,1784886878.004524,203.53968275297666,2.6148976758122444e-05,204.46482589206425,1000,1000,0,0,0,0,2000,0.0,0.0,0.0,0.0,86.5,91,133.5116,141.08,589299712,97.63159569584907,True,True,b22f703544612dce5a0d3e59cf07ff4beb9f447ccb977490419645b07bb87661,7981046bc6b3af77d05fc4d8201cf2204670bf96d1007bc31ce6d6db5b0ff9c1,3cad9cf173cfb008342b8c4830fd3f118e3c90683340d4c176767ffb019ec567,8b35070cd903ae30d27fc1c6f1b1b4c9d477c88a9cea9bdcf1c0116238cc8560,959b06affccb3dfe1145e4987d9fbf55984592a52b166b0ca454e9d17bf4fb99,1211a19e2f5e05e3a9eedb13eb7e05f793439ec59c4b137258064f979a3fa87f,d12263563798f012f5bcb4814f3ceb0cbeba6e51ab75279ee1ddfe12c5247b79
A0_seed_14027,A0,14027,/data/dxl/results/budget_aware_gating/development/generation/A0/14027,3,3,4,1784886673.7050803,1784886879.16089,205.1457970259944,2.365600084885955e-05,205.45578614104306,1000,1000,0,0,0,0,2000,0.0,0.0,0.0,0.0,87.38,91,130.50699999999998,138.91,593494016,97.90860774278948,True,True,04cca7915c2e4936d18737277211b3184d3a6e6505b1318124bfa048029e16bf,f8c31ab8b1b12a6a00bd5df0d8470ad61994a7325b80508c6e1ee17947fa911b,ae18579e939b72f48d5f3eb3f36a785cbceaa99f4a38065f64334d8b444d78af,981d92446b51778f66af4d3766ae0b2a7da05eef014a2fce53177d7f31795ef1,cd7b13e3f6bdf31e84bce62dc5481163b6b5294416877eaa93c6678a294b56a4,76e7c285cfcc53e5844f445c0ffb5e49de66afb43a5b21106a4fbf815b3f6870,e5c9a42fb383563c9fa34576fa25f607c37c3a0692a954b422ac0e18e165207a
A0_seed_14028,A0,14028,/data/dxl/results/budget_aware_gating/development/generation/A0/14028,4,3,4,1784886674.12371,1784886866.2424936,190.2740627049934,2.7260975912213326e-05,192.1187568610767,1000,1000,0,0,0,0,2000,0.0,0.0,0.0,0.0,85.3409090909091,91,119.70386363636364,127.39,551550976,97.40296846625132,True,True,b254c6789335a278dd85b9c2a6a8cad4f8d4736d3a6e325653007d640551a1e4,7c0f3c0de6f9593cb69375415525ac4e9f79587073810bc408d46c083409a9eb,58d5d60f78f9d780f97c82dd0f4a17db7d29228cbdd98201678198e4b9f9bcc7,4a988d73c89dd629d3a975ed28cfedea4d28a8a0a2cdce381aed9e8742605405,ff61620080c51a2d52422b63ddabcb71fe3e05c330a3122e6eda819757e33ff4,a6a213e50c124443641673040bb7253b3ba452c3656cfd44bf8ba8944cad555e,14b6514fc6468a5f06c45396f4120d136d48c386cc5c403233abb4c1bf04b410
A0_seed_14029,A0,14029,/data/dxl/results/budget_aware_gating/development/generation/A0/14029,5,3,4,1784886674.0525038,1784886875.5271068,200.66627244802658,2.6669004000723362e-05,201.47457708296133,1000,1000,0,0,0,0,2000,0.0,0.0,0.0,0.0,87.27083333333333,92,122.06437499999998,130.27,566231040,97.86678538211483,True,True,9a763ff23c85a5c2e50b2aa812ad43c13d6a563d4056ec08d59ed137163d601f,258ce0a9e50bb69ade6f393f9f5b530b0f228df8339ff7d0d75670aad9d614b0,575fe1f6fc8d9280bdfd665248be227d7ea132b8382d7b865e2b70771c30d8b0,2b7a05e06bb7a457fc6faa48d14b0ad22143ffac743743067f5dc4a0a298159a,2de8eac3dcc607b8dfe91cfeb6a5b3d5decfabd33550a18300aa461e18981f3b,b11663f18c52bbfd332c00c097fcdf81c9c0dad8c02d006fdca086a0cb8a3b22,08d9822baa4e342a8adbe8c64ee802cb8b4d1f425c2a7c75cdab97368b6d045e
A0_seed_14030,A0,14030,/data/dxl/results/budget_aware_gating/development/generation/A0/14030,6,3,4,1784886674.013549,1784886866.6281285,192.30479992902838,2.747104736045003e-05,192.61455149797257,1000,1000,0,0,0,0,2000,0.0,0.0,0.0,0.0,86.95454545454545,92,111.38931818181821,117.82,551550976,97.68883623826933,True,True,cd2d79dd7e80dac802f28a5bd33e995d9865ae80e17b30d95e4b7b84f19cff61,7c0f3c0de6f9593cb69375415525ac4e9f79587073810bc408d46c083409a9eb,d304d198e2f652be85e9f552bb687cc6fe52972cad7220cb4f6dfe1a6582c60c,f8f8e189756faae73438ea6302c8dacd9a597e99ab375e6485ebdbc5a7785d6c,5d9d60ecf333e9535f9e7b0f6c27bd6ecb290783283c5bddfd0bc84c8fcdd3fa,022fec51b63a28d37f0505bd835628d9d997bd9cbd7a22a73b9b65c28efa3d30,951feed28fa05acd16d794e3a82eff257f490646a4a82ae96426aedfaf0bee74
A0_seed_14031,A0,14031,/data/dxl/results/budget_aware_gating/development/generation/A0/14031,7,3,4,1784886673.8505719,1784886880.0021455,205.12349007697776,2.5117944460362196e-05,206.151549070084,1000,1000,0,0,0,0,2000,0.0,0.0,0.0,0.0,86.4,91,130.9026,138.95,566231040,97.80038857359312,True,True,92018c1eab62ed4250489746b910decbd0ec7c7fda2f8687cc22575563d55099,258ce0a9e50bb69ade6f393f9f5b530b0f228df8339ff7d0d75670aad9d614b0,c5879b113908700ad7aa0b0c822c01a717a381d713a26cd71692f6e68fb6e1b6,d3fa84d00ad12496f0833cfe922e85a3390ef8b1ec785414b6e96d290d60d4cf,7381a0ed49725e8853d77cec22e8ecc160f3a9f919c0bc22624375f2da88daab,6bbf1a17ca9cdf8498dfdf1ea698a8ca4073719afd051f86f95d46d26882b6d3,f9730178f100721b829c536596ad1f44a8b08e9106c34d72167b1e5b46136c2d
G1_seed_14000,G1,14000,/data/dxl/results/budget_aware_gating/development/generation/G1/14000,0,0,4,1784886943.7031486,1784887170.666767,226.6530695669935,2.760201459750533e-05,226.96359016897622,1000,730,270,50,1,0,1730,0.27,0.05,0.001,0.0,89.98850574712644,93,161.690459770115,169.51,740294656,98.17259820574843,False,True,cea11bf8abdde40fdb61d5b8a53d6579350f2f1aa73301fb246e833fbf6560a2,00fd9cb7d9a57eff57e9aa81525286d4585e3b355310c90678a446d552829406,110e02b754567a4b1c59e752a3998a27be43c2c39a61dc201752afc7cf58e1f7,74b8fbf4ea050bf94f23c5fb5c18fcbf719017fc5748534ed9817ca1e26e4c57,bb3d31a430cd324ba6b89648ea82a660004398ce810248650c4c11bee6580e0c,fd2da93dbde0ca0f42b7af1d4dd816a9d4b5d393b23c4b84856d13e737bfa2c8,e399fdb0cae9925facebc51dfbc1a7395e4644c2e9c362387bd4306b18bcebc5
G1_seed_14001,G1,14001,/data/dxl/results/budget_aware_gating/development/generation/G1/14001,1,0,4,1784886942.371963,1784887104.0631874,160.11285543697886,2.3794942535459995e-05,161.69120015506633,1000,730,270,54,8,0,1730,0.27,0.054,0.008,0.0,84.975,92,128.51700000000005,137.95,566231040,98.81844989097486,True,True,b69d8f688ca28651a11d5aa02a0f4f185cbaacd690b9fc4fe9c97c6f56daba1f,258ce0a9e50bb69ade6f393f9f5b530b0f228df8339ff7d0d75670aad9d614b0,2a95ae971137db2dd1efab0b33c5679b121296081ee4b0c0c4e4a2a3fdccbf05,203306fd116613d14a692ab90833ee2b479db8a09ad30c74b41e6b1016139bcd,9f005f0990d9c42d915e53aab7bee53f49dd4ec99a71d0f5539dec40bc4d2058,3d0a4a2b81135376faeea22e0031bf9571dd73bc51ea857a9d0e697aff62e831,987a9f02cf8a1691e1c42d8034d85ed9abfdee3e3f2be073db2f2287f45b8ee0
G1_seed_14002,G1,14002,/data/dxl/results/budget_aware_gating/development/generation/G1/14002,2,0,4,1784886943.3664975,1784887129.9062617,186.22843022301095,2.7061032596975565e-05,186.5397357029724,1000,785,215,41,9,0,1785,0.215,0.041,0.009,0.0,84.86792452830188,92,132.58622641509436,141.95,566231040,97.64735975824728,True,True,014357f4d5dfc5bf2e4f09d0bdb882dcd08a1fbe410637d1e32383adec209208,258ce0a9e50bb69ade6f393f9f5b530b0f228df8339ff7d0d75670aad9d614b0,fb8968fa67ed9b4a5248f5f263ec0915d8d28d1c9e688ab71d1425b8e4f2b060,a4929aee26e81576dd812e5cba0a7f01ae80bbb03e10ba86f3e67f0370031100,fe506af84c7ef875b0b6da503995166e535f927c89b9de35bb11112cf8ce0d00,7ee1c40e2cbc2a8f5da8fe129a0d509fdefc47d4944e19ab4afc559c9f397e1d,76b5575ec19a1d3c2f718de1770d5dd566b5a1b55abc599245fc296f3bcea5c3
G1_seed_14003,G1,14003,/data/dxl/results/budget_aware_gating/development/generation/G1/14003,3,0,4,1784886942.9014478,1784887122.5037389,179.29035523202037,2.5658984668552876e-05,179.60226520802826,1000,730,270,54,4,0,1730,0.27,0.054,0.004,0.0,86.0,91,129.40148936170212,137.18,589299712,97.90450918335321,True,True,62f7acbf025c95ea0b46b2c4c8ce6b2756123fc144cb45619eeb5c8c6e71c523,7981046bc6b3af77d05fc4d8201cf2204670bf96d1007bc31ce6d6db5b0ff9c1,499746405671768129f4970a9ebf6a488b02b4f6fad9395d1e4a7baf7a5a3aa4,de98249f5d0c046d248bce11d141ff6a89dce514ed03200aa1a844474e361a7f,87aac982e7419e326fcc806ae59b9dadb031dd94d6358e1f8e824ccf7f59c8e1,5dc1b4808e8d8b9b782122d07df2b7a9822b4b3f225b24f3e7f234a9d00ac327,eb911ed09c1446a418aefd1e8af0f21d1bae9241ba3d976e9ed9946a787ed78e
G1_seed_14004,G1,14004,/data/dxl/results/budget_aware_gating/development/generation/G1/14004,4,0,4,1784886943.446615,1784887112.1149375,167.35094799398212,2.5457993615418673e-05,168.66829703503754,1000,748,252,49,17,0,1748,0.252,0.049,0.017,0.0,85.02380952380952,91,118.46690476190473,124.7,551550976,97.32459794303458,True,True,c6ab3e58a7988609fbb902a8e4a1352eddf9206bc63b347b38eebf343818c4ad,8ba2d47dfbceefc5fca1108e069ae02e1d2b0c48e961933c36c82de166d7efc6,b3776ea93aff9ae024192b00cfbde4be52109a083051485298880289a15cac24,1b1193ac0d64974afdf4408b08baf642e5d35757dbeb17a85bca0d6eda561201,d4655b6ad684dc27e571fe672fe1ec72cee5f2f9f1140cdbca66bd4fcf7b63c3,afcf0a919f331d252fc04fb301611ddeb2b90be2a312f12ae32df190e222be73,16023118e89bd0aeb674d66c16dbcfbb32b1e9db913a993a51743e70e21ad67b
G1_seed_14005,G1,14005,/data/dxl/results/budget_aware_gating/development/generation/G1/14005,5,0,4,1784886943.358442,1784887116.056858,172.38701619801577,2.508697798475623e-05,172.69839022203814,1000,788,212,41,31,0,1788,0.212,0.041,0.031,0.0,87.0,92,123.12232558139537,128.69,551550976,97.35604524079683,False,True,53c990771bbee9c54e89a6a2db344d4598e8fd93e6e1410fe9420c67d22237b5,7c0f3c0de6f9593cb69375415525ac4e9f79587073810bc408d46c083409a9eb,c436294a03d66cdb4ac0ca6e8b78eada3b508748a02243f2d46078ceb99943ff,731abfb87b701632f3917a8ce876d1e4df7f265bf8cca0fe9537fd9e4a672e90,546cd564abd587ef7d39ec42d495214b30006ef9203f13377121f2565757cfe4,55bb5a2d681d50d2db1c9fde3ec8e80fceb3b0b7f7349b73c00b5e6f18887586,84e2a13246316875aca64449f957d3b9e32c720f35b827651d4ad16bcb2305f3
G1_seed_14006,G1,14006,/data/dxl/results/budget_aware_gating/development/generation/G1/14006,6,0,4,1784886943.4895687,1784887108.041094,164.24018476501806,2.3684988263994455e-05,164.5515012120013,1000,730,270,54,7,0,1730,0.27,0.054,0.007,0.0,87.6,92,114.09099999999998,118.89,551550976,97.45017689610512,True,True,35169bf3bc226398d71054ce18b943468ecdb32fc883c38c51f57617cdd2dd2c,be5a7f6dd478753b2a6278d5088493dbf753bcec38573252b4deaf4701c8fc39,301dbcac4ffaadb45c9996be054b0215c30bcdafcd5896f8acfa4f47d32f464e,fe898660b8d891e78bcbc35bb4030a7658aec6a69c5f84dfdc1ed585f62e64fe,fdaf0dffb85c90744f3e943bb487022cadecfa4c61c8a00245fcf5a80e5d5998,821c309f3b70f1c7ec2c139f7419f1cae4f9f28ff69b0607b478b4dbeda2977e,9f90162725587e4fd5a05005d68fcba3c995ce3981918c9489c8a205f4664c1a
G1_seed_14007,G1,14007,/data/dxl/results/budget_aware_gating/development/generation/G1/14007,7,0,4,1784886943.5095916,1784887119.7741463,175.95438617601758,2.2333988454192877e-05,176.26453214604408,1000,730,270,54,6,0,1730,0.27,0.054,0.006,0.0,88.24444444444444,92,133.01311111111116,137.47,566231040,97.5752657903341,True,True,9071a25b798e27c8cbcb4c5ba886dc2dc3e932ff6da779d423cf68e6ac42ee3f,9b7553cb6795635870fd4f2ed15dc2bea66777572b8c01d0796f038a562df413,e471be3ccf401b262c277d25f287fd81ccad2054b9f0e11a59c37810f1bbff3b,3b908d77f82072948907a1bf4b0209cee8455152afc21a9b9d873f795a9b00a3,2ff77d205f0e44c66cfdbdc4317dc695ef930b20d0fb71a6c3b7d17b6ef3b381,a877c3b869de4f3afdbb90343adeee6e5832ebaf9166f86345bebc8dc2de9909,21d71869a5b2bba459605aa1ff01a88180014c59de62d8eaea03a6b6a2e03345
G1_seed_14008,G1,14008,/data/dxl/results/budget_aware_gating/development/generation/G1/14008,0,1,4,1784886943.893156,1784887170.710889,226.50565236300463,2.2164022084325552e-05,226.81771041295724,1000,730,270,52,1,0,1730,0.27,0.052,0.001,0.0,89.8953488372093,93,162.23023255813948,168.6,721420288,98.19680182132544,True,True,8c32982ae9a56c646702005bbd100079eb3802a1ed2f7a7b51999a77c11c025e,a6e265b21ff0808f721d6dc405155023d5c15521580308c6a248a07db58b7c07,78a2bccfe5b7937760d7c7189c6e9203568f2a49c61f2958060e868f7cd137fc,12d63640b8195cd4fcd916eb803804f35c47f9b3fa9b7f87e2d909aa63701f75,406f8473f0e34ac16f01f487deac87f72357d7f3770ac2598940eaddd2eb3349,d5e633a1b8b25dd37c957a1b8a1709cf6b212a82b0cd3c6fbe1928ab12e32ccd,1c12baaedab4b016d1d3c9f8acce42f1a914d562df71885edb22ad559514cfac
G1_seed_14009,G1,14009,/data/dxl/results/budget_aware_gating/development/generation/G1/14009,1,1,4,1784886943.5381997,1784887112.5951588,168.30257879401324,2.4356995709240437e-05,169.0569345340482,1000,758,242,47,10,0,1758,0.242,0.047,0.01,0.0,85.71428571428571,93,130.72809523809522,137.88,566231040,97.39133091692746,True,True,6f02c78c30874abbd7f44b4af40dbec9d665d967cc473983851291dcdcee688b,258ce0a9e50bb69ade6f393f9f5b530b0f228df8339ff7d0d75670aad9d614b0,3899eca4f5a6ca2987cacc3e57009bae2ae971d97220a0590f1094b6e47a2b89,83b7d567cf1d76ba0dfa7a9e8e10952484baafc4e1157eb77172153b71b6b6a6,726ceb8d5edea149cac0dddcf4bcbd3eaba522ea3228007d0af6c653947fd13e,14cbba181fb02af967c28e27374fbff08948c5e5b48c86f7e019cf680e9a4025,d77a74109fc87bebc3078388e2c2766e57c65b0319071b498950708019144734
G1_seed_14010,G1,14010,/data/dxl/results/budget_aware_gating/development/generation/G1/14010,2,1,4,1784886943.9706128,1784887128.3119724,184.03083168104058,3.8308033253997564e-05,184.3413208059501,1000,782,218,42,8,0,1782,0.218,0.042,0.008,0.0,87.62745098039215,92,134.5929411764706,142.16,589299712,97.66189381380498,False,True,59a51f150c68554ba8dba81ee9870f3564f32f6ee17076c9274c148ac31ab8d9,7981046bc6b3af77d05fc4d8201cf2204670bf96d1007bc31ce6d6db5b0ff9c1,fb5e2076fde353b2f02cd1a263fb719177f86d90c625569bd428dd9d08b123ee,cae7365a68070b2c2c008c1c5462a3824f4221b326b24e8b839b38806c65e03f,c49c6c9f2e7a6af3d128b5f333bdbf5651703c68da11ee3cda35dcf216c036c1,623c879ecbc2ecb1b9f01bb3f00ab5d1f80d8e4b4967b2ea4a72ff882273051f,b3f3230f8034e04b124757ae66e0eb11c8bab9f1662e1d35a964df9b27562e3a
G1_seed_14011,G1,14011,/data/dxl/results/budget_aware_gating/development/generation/G1/14011,3,1,4,1784886943.5283241,1784887128.0978024,184.25764168496244,2.2754014935344458e-05,184.56945499801077,1000,789,211,42,22,0,1789,0.211,0.042,0.022,0.0,85.38461538461539,91,130.91634615384615,137.55,551550976,97.70108786358783,True,True,e375cf84afb248894856c8a06fb7bdbb7c8880335e26c34fc4c21715ace3ef33,8ba2d47dfbceefc5fca1108e069ae02e1d2b0c48e961933c36c82de166d7efc6,58de3b0871875f4ddc796c7092f83cd48deee9c5f74a9c4f0e6e7b1e1d62290e,e8af86c793ae1d68e15feae5ad603d396df22e5fa08cc4d83985930ffaadbcb3,86ca31502867957e4a8e58951a79035107a9f08c09a94ada98c1bcb5db6d648a,c3b8de7fc7d6c67b86e7093751c68de2e39e9a3e3ebe2684180549cc5a8f694f,9e10f8eedb7bf58b6647ac4b048689213694f85c2c532f4192c6de8a66da31f4
G1_seed_14012,G1,14012,/data/dxl/results/budget_aware_gating/development/generation/G1/14012,4,1,4,1784886943.099022,1784887112.895601,169.48566398699768,2.4187029339373112e-05,169.7965550859808,1000,730,270,55,20,0,1730,0.27,0.055,0.02,0.0,85.0,91,117.69547619047619,125.29,761266176,96.65314464919415,True,True,7c34c61ec83ebebf950440afb73fc22ebd60cc2623a3fc041e25616adf4fba4f,be5a7f6dd478753b2a6278d5088493dbf753bcec38573252b4deaf4701c8fc39,33e2ecdde74a9fa2590ff980744362225b2283a057f4f4ab18f1a07c90e48c5c,bee178df54af23e4d711d419b7f32565200b163773d0092db5cb52c0830bf859,09002c31c674fe8a020f64c321df0178042675ef44570bcf87edd8b89df1a197,44ebf564bdf00552a8713fc4d225b83094d2edd434ee4684a965b96d64ec30cd,6b05bb25754a2c39a362f45d391dda495092af4649183fd9559d486c2cac48db
G1_seed_14013,G1,14013,/data/dxl/results/budget_aware_gating/development/generation/G1/14013,5,1,4,1784886943.5750005,1784887113.2030203,168.21111181704327,2.4878012482076883e-05,169.62799426697893,1000,730,270,52,6,0,1730,0.27,0.052,0.006,0.0,88.26190476190476,92,123.86595238095238,129.25,593494016,97.33683975948288,False,True,4cb9e3dfd9ab38e0131d0a00270e599857470fbb36e215c2ddc66391ce0c273e,f8c31ab8b1b12a6a00bd5df0d8470ad61994a7325b80508c6e1ee17947fa911b,e654c2e681b2b013970ad01d4bc3bcd50b90455eba4efeacbec7555c39e27ec0,c81d6bdbb8722fae82e37a4a6b3abfc60aa8174b9472e636d30070b40c3f778e,a7f679ee564d96c7e19debe6cf6e2829666ca6e1cbb6891f1b7a0d422fcd4037,04e9cca05e72ea0b753e55084c8299cd5c316dc5b16e774620cddb8ebb525ced,98be266cf2387a7a181423822826b159b1c079c13a43ff4190814cd4bd418da8
G1_seed_14014,G1,14014,/data/dxl/results/budget_aware_gating/development/generation/G1/14014,6,1,4,1784886941.422874,1784887090.830314,148.50413383700652,2.497801324352622e-05,149.4074144329643,1000,730,270,55,7,0,1730,0.27,0.055,0.007,0.0,84.70270270270271,93,109.89432432432434,118.23,551550976,100.41793429782547,True,True,bec014bc32c6b60e343c9b7ef62a481721d3b333ffa4f6b8fc75a9e532c271f8,7c0f3c0de6f9593cb69375415525ac4e9f79587073810bc408d46c083409a9eb,c3d3d8d5e244bcd14caa1a4f72b3afab45ce42759037afc5595c6fc4a5a55583,75d772776cb0ab3c8d4d553f838c971675812b263e0aa0d5b55fec327bfd8fd4,0ff27fd7a96d72002439514124aa42a4800c391673caa1b40e16e19c76c64ff4,089451b75d7bb8cd003d38fc61e1845739adf84ac05a8d789c554f73875af5b9,bdfa8c32c6fa9bbac20d7f63cad4995cdf493c82b8919df24833f00f50c50a7b
G1_seed_14015,G1,14015,/data/dxl/results/budget_aware_gating/development/generation/G1/14015,7,1,4,1784886943.6704574,1784887120.846992,176.86677438596962,2.6129011530429125e-05,177.1765078990138,1000,793,207,37,20,0,1793,0.207,0.037,0.02,0.0,87.23913043478261,91,132.8971739130435,137.7,593494016,97.55757136863785,True,True,c4de0c04c2ce55767cc60f6641b0cbe2a4bf3b607e1959bdbb48d5177c95876d,f8c31ab8b1b12a6a00bd5df0d8470ad61994a7325b80508c6e1ee17947fa911b,80748f0fa1914d86863ba77b0121b2aab42c144fabc29dcc545acd2654ce1969,3ff810b0a51f02a9a8c7004b306df0a9493d32bb2fc119a94f23748cf81241bf,11daf688e3638919408d4c683bb212ce275a16a62970e1c2090acdaa9d15805f,aa563a01d9833eafdd73dd4dbc372a2de70d31fed1996f716c0fdb699005c153,7634fea5c00b84391f7b56f97adab1ab867a8f1effd2e17315b89c42cfe41823
G1_seed_14016,G1,14016,/data/dxl/results/budget_aware_gating/development/generation/G1/14016,0,2,4,1784886943.7697916,1784887170.007492,225.91544612200232,2.2104009985923767e-05,226.2376778049511,1000,730,270,53,0,0,1730,0.27,0.053,0.0,0.0,89.87058823529412,93,162.31082352941175,168.6,721420288,97.74267473626026,False,True,0b073438f33981811d8a68bc32261b7c90f8081f41dc5d700a032d2a1b2883ed,a6e265b21ff0808f721d6dc405155023d5c15521580308c6a248a07db58b7c07,2e2e0022f97adef49925200a54122d90a6f8107c961651c93291f242edbc9e4e,4f64d53ad7aaa4f6604620b2a2738d1ecdc2d273a61a479981115e7a7fb42514,43a6a558c6635712a157539be9b2185d20b5152961dbc1614fd9af180cc61192,1768b6b1ec02f0546d888a19615b8b19dcd4f343650fe68c01a9fe54dd2b7212,801472ae933df6ef63e3b8c43f1da7a226f93ac2bc2b451409668e972254254d
G1_seed_14017,G1,14017,/data/dxl/results/budget_aware_gating/development/generation/G1/14017,1,2,4,1784886943.7862873,1784887113.0016706,167.97204416099703,2.597901038825512e-05,169.21535856294213,1000,746,254,49,24,0,1746,0.254,0.049,0.024,0.0,85.33333333333333,93,130.50452380952385,137.95,551550976,97.32041013284154,True,True,44c4eef37e3a81a0bdbe3f0b0c6709805ed818312352d2d5db100a064a7e3847,7c0f3c0de6f9593cb69375415525ac4e9f79587073810bc408d46c083409a9eb,1afcda8b340a1afe641ccb249ff71816efb8dc7ebafeb8b04d6697b25885e01d,11b5b71029c2c91b7fb656b2cfaa7b590eb200a05a020900c28d564ccd0d361e,5b37fc102b81311fd6279911017d3c60beb0d89001b81ec2246d825deb3575b4,d24529ed2b0db2612af201d84bd33f92c958e4bd80910378f48a1ed934769310,6070a91bf2e954a151060f69838597cd834dafa8925128908e7b8db42dffccfd
G1_seed_14018,G1,14018,/data/dxl/results/budget_aware_gating/development/generation/G1/14018,2,2,4,1784886943.8136108,1784887126.643854,182.51328869001009,2.579804277047515e-05,182.8302165569621,1000,730,270,52,11,0,1730,0.27,0.052,0.011,0.0,87.36,91,134.4076,141.08,589299712,97.68130994220493,True,True,7ea650e505c7a39edff8f2ec7ec81e2fbc1492f131e3e8b46e0c8b87545f21b8,7981046bc6b3af77d05fc4d8201cf2204670bf96d1007bc31ce6d6db5b0ff9c1,126dd5f98781f565e60536ff0880c9e13a5a21652e2b9fc58bf853791f05af10,d3a8eadcd980eecae5f8aac0a7ae3c27f23a186dfff613902efb16554ca8eef3,03b9326768519922dfb43891a249c57105b8a047ac4e91e6ef85a69be4945ab0,f343db3bfd4621f9b9dc4641ba38d7fb075ce922e27a07c233a1bd7b60b5b53f,c942f266ba1b944cb1965117c8961c89956b115e04c8c4b008df7cf161130c72
G1_seed_14019,G1,14019,/data/dxl/results/budget_aware_gating/development/generation/G1/14019,3,2,4,1784886943.802441,1784887127.1100101,182.7239888330223,2.430600579828024e-05,183.30754426599015,1000,758,242,46,9,0,1758,0.242,0.046,0.009,0.0,86.31372549019608,91,131.35529411764708,136.87,566231040,97.80933157020766,False,True,84c92bbcf4f12ab5af467ec7a99a20d8543faf71c6a42de6c2dd3204e8e51e2d,9b7553cb6795635870fd4f2ed15dc2bea66777572b8c01d0796f038a562df413,ef0cd5fb7e201785e50411109406d1abc6718f6bb6c8ee3a6bd817f240c709e4,5614215b95e87920c6160259768b25802ffa3b945848f5e57efbc4d0dd650368,23063414a50ed4892fb92b83673c4fbeda59a5e87319708e4c18c2d176cc8d9c,e956966b836c7ffe897dc7e79a7e87291f3db3ea96fd735184c6840c42425108,3070cfea9b9eb3429adbb4a0c601805ebfa06dfa8a762cd641fe9493511a5fb3
G1_seed_14020,G1,14020,/data/dxl/results/budget_aware_gating/development/generation/G1/14020,4,2,4,1784886943.9304688,1784887112.1935399,167.13459251495078,3.0885974410921335e-05,168.2630396800232,1000,739,261,53,20,0,1739,0.261,0.053,0.02,0.0,86.26829268292683,91,119.69658536585365,124.92,551550976,97.2034996605908,True,True,b28e3349bed283f425a9a3234ddd581c66925741f0a6222959782a3e6f5ce2fe,7c0f3c0de6f9593cb69375415525ac4e9f79587073810bc408d46c083409a9eb,a186fd916597c345912b418924ce71610ab1c3de6698c549acfa2b713f0880d4,c7a732949b4f98f7cc2dd2013f1b78a09f2fd7db57f63fde8354d77f61827697,9a66f1a857f0fb453dc57ce4bad7078ebe7d9e4b553a35dc22a874a65c958cfd,cd0a235ac64bf28319c10c2e62e481832c59454b36dbeaee91e19c4188060ee9,25de7939273eef8298b0e367e3a064522a72cb90759fbf1d52bfb98a8c3719e4
G1_seed_14021,G1,14021,/data/dxl/results/budget_aware_gating/development/generation/G1/14021,5,2,4,1784886938.3995953,1784887094.6943479,152.71183727803873,1.8878025002777576e-05,156.294733521936,1000,742,258,49,15,0,1742,0.258,0.049,0.015,0.0,81.94871794871794,91,117.20333333333336,128.15,761266176,100.46371786142025,True,True,f5a5e392c778c0ea5a9f2f9de0820107bff463e269aae103fa19f708f9520962,9b7553cb6795635870fd4f2ed15dc2bea66777572b8c01d0796f038a562df413,9d7434ff092776db4cc2560120e9210f187e26c0341a703bd48ed769f95a7fff,995b57e5cc0842ee37e7ce9ef487d7049d017d8512d7f70282eb826984eb6212,31e0716ddcb1f401f749d6f8076f3135742d8021cb32496fe7f3a66483beb43a,2d596df7b9ba90132f8514ca34ffebc720179b7334440cf3feeb1515f9d2f7e0,ad387159c8be714f10b6fa7154838209f09aae6dc690c596c1445927d5798aef
G1_seed_14022,G1,14022,/data/dxl/results/budget_aware_gating/development/generation/G1/14022,6,2,4,1784886943.8852723,1784887108.5478888,163.37390517402673,2.446700818836689e-05,164.66259212099249,1000,744,256,52,17,0,1744,0.256,0.052,0.017,0.0,86.225,92,114.39724999999999,118.59,551550976,97.39058034789237,True,True,e9bda9713aee1ae6bfbd0e2fa06ad9d084b4df09ddaac8aae62558ce6473bb2d,be5a7f6dd478753b2a6278d5088493dbf753bcec38573252b4deaf4701c8fc39,2a4dbe8d85c819f6163a9696cc3d33a58573b2289561b1bebfd0289781682c9e,026a07ca7c1e587d4f1c4b28417ad23de13063034597e9cec11eef2727b2ebfb,88b984d794e9be5d4bf52a72662dd0f18874bfd31b6cf8f61aec5cf08c2500ca,ff01297659afbd7b3874f5d44680dc2d6957d1fa7579aaf6df3d1113f2b4a247,49ca44a355d1d8f7e47b91c7f328527ab53f28521a36552175b7e48f518c2576
G1_seed_14023,G1,14023,/data/dxl/results/budget_aware_gating/development/generation/G1/14023,7,2,4,1784886943.9517834,1784887118.7860184,174.52491531701526,2.5426968932151794e-05,174.83420850901166,1000,732,268,55,8,0,1732,0.268,0.055,0.008,0.0,88.38636363636364,91,133.19772727272726,138.13,593494016,97.6048746940101,False,True,c4e2db0058a9af11bd652eb1be6485e9508fde9bf2b13137ac6b916998a6e644,4586c4f906958bc450dbbbec20f526484822118ac7ce0dcb236e35180ed607f3,00b3b813999fa0399b5702d165e3ef1e28d66f1ff3d40a3ea1800590c617be12,81e7a18292e136a6bf695b1b6acae5c8a7d7be8f714a7623d7a18f787d855446,3b250c0c147b5502e62d5b6e9517a2ebaf909f5fd37dba3705622c53d0a81c24,d7a75d46daf094bd08bf813d8e92b41fd1f22bbc848343f91ad3d93b95951fb0,2bf72c63703bc404082ef2e5248752e8949e3f6d1529f893defc583de0d9aaa2
G1_seed_14024,G1,14024,/data/dxl/results/budget_aware_gating/development/generation/G1/14024,0,3,4,1784886943.9633722,1784887170.9568229,226.68496588402195,2.5237968657165766e-05,226.9934244430042,1000,730,270,53,8,0,1730,0.27,0.053,0.008,0.0,89.8953488372093,93,162.28279069767436,168.98,593494016,98.19479188658872,True,True,43ea3d264c932f670bef80f1cb879faebd8328eee54910afc16a028468a35a6c,f8c31ab8b1b12a6a00bd5df0d8470ad61994a7325b80508c6e1ee17947fa911b,b0843d5f0ae34b4c920a0060eba2c00778f3dce639526ae3200464505048b036,b8b65b09fe92926b2d381acaf252ef6410648397105949b85149c01233a5a3f8,a2aaa67980f435b393715868a2e1fa4f283de6fc469fe3d66875a0d32dca5e9d,fa2ab3c994d454dfa516a47f16bc8ccc0d9413d7afa644a82b9381406fc55fde,abc96fe57830efb8163e20971cb5ae203f1b6211e0254526e2cd5fa202865cc9
G1_seed_14025,G1,14025,/data/dxl/results/budget_aware_gating/development/generation/G1/14025,1,3,4,1784886944.0069313,1784887109.0118866,164.69531788298627,2.5228015147149563e-05,165.00493036396801,1000,730,270,55,19,0,1730,0.27,0.055,0.019,0.0,87.125,92,131.70774999999998,136.85,551550976,97.38725291629507,True,True,4f6964ceff3baa5dc5fda3674c91efd43b4cc5b2efeb0812bc542ab252a34eff,7c0f3c0de6f9593cb69375415525ac4e9f79587073810bc408d46c083409a9eb,5311791830866223f4650af34cfd0abdb5458e74c24b401aa7d31e8c51743724,5ec7478aec93cfe40c396cb2968bccbf9c9faf27152997209382c40005490d9a,b234bd44f34442c5085560a566d235d36a6fc61b5a7b38ba24ba85cc5a6038df,228af5e5485236cc546fe92cfc351e37496c7633c2bca5f4a2049222dc63f86b,260abb1c5588ef906ab655f3dd742bfc245a5bc5b352cad8ae94471fb3c63a41
G1_seed_14026,G1,14026,/data/dxl/results/budget_aware_gating/development/generation/G1/14026,2,3,4,1784886944.128706,1784887127.633079,183.195602518972,2.3566011805087328e-05,183.5043488999363,1000,730,270,54,13,0,1730,0.27,0.054,0.013,0.0,87.6078431372549,91,134.40588235294118,141.96,589299712,97.78315167387741,True,True,b22f703544612dce5a0d3e59cf07ff4beb9f447ccb977490419645b07bb87661,7981046bc6b3af77d05fc4d8201cf2204670bf96d1007bc31ce6d6db5b0ff9c1,3cad9cf173cfb008342b8c4830fd3f118e3c90683340d4c176767ffb019ec567,8b35070cd903ae30d27fc1c6f1b1b4c9d477c88a9cea9bdcf1c0116238cc8560,959b06affccb3dfe1145e4987d9fbf55984592a52b166b0ca454e9d17bf4fb99,a3f35b39a4223167047a3942304d9de44bf20d2729f7c07116f7e329afefddac,f8272b6d9928750ebe33838b4232ca7ffd459c07eb21665c4012d0f28e04ee44
G1_seed_14027,G1,14027,/data/dxl/results/budget_aware_gating/development/generation/G1/14027,3,3,4,1784886943.86546,1784887125.4610536,181.28364487999352,3.7905992940068245e-05,181.5955557799898,1000,730,270,50,9,0,1730,0.27,0.05,0.009,0.0,87.36734693877551,91,131.54673469387757,137.38,593494016,97.32982580188198,False,True,04cca7915c2e4936d18737277211b3184d3a6e6505b1318124bfa048029e16bf,f8c31ab8b1b12a6a00bd5df0d8470ad61994a7325b80508c6e1ee17947fa911b,ae18579e939b72f48d5f3eb3f36a785cbceaa99f4a38065f64334d8b444d78af,981d92446b51778f66af4d3766ae0b2a7da05eef014a2fce53177d7f31795ef1,cd7b13e3f6bdf31e84bce62dc5481163b6b5294416877eaa93c6678a294b56a4,4fdadeabdc518eb8c9f3dcf6d61d6c7ce1907e1d4c08bc08aedc020556df4a1c,bfbb8677120f5f0e3f9dd341606bb4cb4ce8b510246db4477dd63b2984b92009
G1_seed_14028,G1,14028,/data/dxl/results/budget_aware_gating/development/generation/G1/14028,4,3,4,1784886944.0201268,1784887116.290771,171.15450599702308,2.537801628932357e-05,172.27061941596912,1000,790,210,42,26,0,1790,0.21,0.042,0.026,0.0,82.74418604651163,91,118.34883720930229,124.93,551550976,97.66311881611071,True,True,b254c6789335a278dd85b9c2a6a8cad4f8d4736d3a6e325653007d640551a1e4,7c0f3c0de6f9593cb69375415525ac4e9f79587073810bc408d46c083409a9eb,58d5d60f78f9d780f97c82dd0f4a17db7d29228cbdd98201678198e4b9f9bcc7,4a988d73c89dd629d3a975ed28cfedea4d28a8a0a2cdce381aed9e8742605405,ff61620080c51a2d52422b63ddabcb71fe3e05c330a3122e6eda819757e33ff4,8e1b2979ecd4bd6338d3f30d941c95c0ce73e8d1a7cca9836e72847f04eaf42d,ece0c75349d5cdcbcec9cdffc44fc14b6f607c8bfa814b49f94e33e5215af876
G1_seed_14029,G1,14029,/data/dxl/results/budget_aware_gating/development/generation/G1/14029,5,3,4,1784886943.7647357,1784887115.652958,170.421610675985,3.249896690249443e-05,171.88818979106145,1000,730,270,53,7,0,1730,0.27,0.053,0.007,0.0,86.81395348837209,92,123.6213953488372,129.25,566231040,97.45492459273171,True,True,9a763ff23c85a5c2e50b2aa812ad43c13d6a563d4056ec08d59ed137163d601f,258ce0a9e50bb69ade6f393f9f5b530b0f228df8339ff7d0d75670aad9d614b0,575fe1f6fc8d9280bdfd665248be227d7ea132b8382d7b865e2b70771c30d8b0,2b7a05e06bb7a457fc6faa48d14b0ad22143ffac743743067f5dc4a0a298159a,2de8eac3dcc607b8dfe91cfeb6a5b3d5decfabd33550a18300aa461e18981f3b,8d47c02cbf72db8cfc1f9abfa01452676e5cb8dbb2090f0ba56d9b3c178b737c,239f1c879dd73f79605fd64af3e24696de0ef3d068dc4135925ea89afec780c4
G1_seed_14030,G1,14030,/data/dxl/results/budget_aware_gating/development/generation/G1/14030,6,3,4,1784886943.87621,1784887111.4611723,166.95894389302703,2.6980997063219547e-05,167.58493525598897,1000,798,202,40,23,0,1798,0.202,0.04,0.023,0.0,86.34146341463415,92,114.19097560975612,118.94,551550976,97.37330760618798,False,True,cd2d79dd7e80dac802f28a5bd33e995d9865ae80e17b30d95e4b7b84f19cff61,7c0f3c0de6f9593cb69375415525ac4e9f79587073810bc408d46c083409a9eb,d304d198e2f652be85e9f552bb687cc6fe52972cad7220cb4f6dfe1a6582c60c,f8f8e189756faae73438ea6302c8dacd9a597e99ab375e6485ebdbc5a7785d6c,5d9d60ecf333e9535f9e7b0f6c27bd6ecb290783283c5bddfd0bc84c8fcdd3fa,98ed8ada3c439dd99de3947cc551a07a0388b9d55130929c16a104a88c72566e,9a591b5cc1e6480897de4319169c0914295ef67911f65e1fa3150bb6def2aea3
G1_seed_14031,G1,14031,/data/dxl/results/budget_aware_gating/development/generation/G1/14031,7,3,4,1784886938.7030013,1784887095.271827,155.59469887497835,5.036499351263046e-05,156.56877620401792,1000,746,254,48,11,0,1746,0.254,0.048,0.011,0.0,82.02564102564102,91,125.89333333333333,137.6,566231040,100.66923015022402,True,True,92018c1eab62ed4250489746b910decbd0ec7c7fda2f8687cc22575563d55099,258ce0a9e50bb69ade6f393f9f5b530b0f228df8339ff7d0d75670aad9d614b0,c5879b113908700ad7aa0b0c822c01a717a381d713a26cd71692f6e68fb6e1b6,d3fa84d00ad12496f0833cfe922e85a3390ef8b1ec785414b6e96d290d60d4cf,7381a0ed49725e8853d77cec22e8ecc160f3a9f919c0bc22624375f2da88daab,f610a225103b7c069fc9e8eb54f89c86ee8948bc357a569722ab10052b479fea,8660be29891c3476e69ae3385480c9ad0c76c2da761314c488f3a017c9f10e56
G2_seed_14000,G2,14000,/data/dxl/results/budget_aware_gating/development/generation/G2/14000,0,0,4,1784887183.155583,1784887390.4965944,207.02888720296323,2.2894993890076876e-05,207.34098773601,1000,580,420,50,2,0,1580,0.42,0.05,0.002,0.0,89.52054794520548,93,161.25767123287667,167.88,740294656,97.8748185770569,True,True,cea11bf8abdde40fdb61d5b8a53d6579350f2f1aa73301fb246e833fbf6560a2,00fd9cb7d9a57eff57e9aa81525286d4585e3b355310c90678a446d552829406,110e02b754567a4b1c59e752a3998a27be43c2c39a61dc201752afc7cf58e1f7,74b8fbf4ea050bf94f23c5fb5c18fcbf719017fc5748534ed9817ca1e26e4c57,bb3d31a430cd324ba6b89648ea82a660004398ce810248650c4c11bee6580e0c,30858e0bb4d19afd0624c34a38d5050ee0ebba8ec6af9ee6cb407404f36dc601,e74db2e4594a42eb01683250728afee7f235bad9f31c7f57b521f1dc02cd6f6c
G2_seed_14001,G2,14001,/data/dxl/results/budget_aware_gating/development/generation/G2/14001,1,0,4,1784887182.4973218,1784887335.9484522,151.4059730579611,2.701999619603157e-05,153.45110386004671,1000,580,420,50,4,0,1580,0.42,0.05,0.004,0.0,86.08333333333333,93,128.79611111111112,137.4,566231040,97.28344926102318,False,True,b69d8f688ca28651a11d5aa02a0f4f185cbaacd690b9fc4fe9c97c6f56daba1f,258ce0a9e50bb69ade6f393f9f5b530b0f228df8339ff7d0d75670aad9d614b0,2a95ae971137db2dd1efab0b33c5679b121296081ee4b0c0c4e4a2a3fdccbf05,203306fd116613d14a692ab90833ee2b479db8a09ad30c74b41e6b1016139bcd,9f005f0990d9c42d915e53aab7bee53f49dd4ec99a71d0f5539dec40bc4d2058,135d7eeeaa8041adef1b9ce10518b3dadd51fa6faf0bb82e5904835531177bc9,bb5a27fef766fd763125178fbe1eed4def2ad8d777185a30e894cfd56c611582
G2_seed_14002,G2,14002,/data/dxl/results/budget_aware_gating/development/generation/G2/14002,2,0,4,1784887183.2358642,1784887351.6885483,168.05818486702628,2.541800495237112e-05,168.45265877398197,1000,580,420,47,7,0,1580,0.42,0.047,0.007,0.0,85.23809523809524,91,133.44309523809522,140.29,566231040,97.38409459527082,True,True,014357f4d5dfc5bf2e4f09d0bdb882dcd08a1fbe410637d1e32383adec209208,258ce0a9e50bb69ade6f393f9f5b530b0f228df8339ff7d0d75670aad9d614b0,fb8968fa67ed9b4a5248f5f263ec0915d8d28d1c9e688ab71d1425b8e4f2b060,a4929aee26e81576dd812e5cba0a7f01ae80bbb03e10ba86f3e67f0370031100,fe506af84c7ef875b0b6da503995166e535f927c89b9de35bb11112cf8ce0d00,15a7612f2588efc2ddee0c86c2a989ce1049c26bc6e5c0b86b5b28cf4214c938,ed4f694d65486392c81ea69f104d09bbdd9da56c17ae538ec26b3bd620161e13
G2_seed_14003,G2,14003,/data/dxl/results/budget_aware_gating/development/generation/G2/14003,3,0,4,1784887183.4038863,1784887351.1064386,167.32107474195072,2.6150024496018887e-05,167.7025253569591,1000,580,420,48,11,0,1580,0.42,0.048,0.011,0.0,86.60975609756098,92,131.08268292682928,138.07,589299712,97.55858723340693,True,True,62f7acbf025c95ea0b46b2c4c8ce6b2756123fc144cb45619eeb5c8c6e71c523,7981046bc6b3af77d05fc4d8201cf2204670bf96d1007bc31ce6d6db5b0ff9c1,499746405671768129f4970a9ebf6a488b02b4f6fad9395d1e4a7baf7a5a3aa4,de98249f5d0c046d248bce11d141ff6a89dce514ed03200aa1a844474e361a7f,87aac982e7419e326fcc806ae59b9dadb031dd94d6358e1f8e824ccf7f59c8e1,6c70eb22ccd652d878a939b668b26bade49dee3ee163dc97f62ccac9ad8c072c,4b0a14c0db2cf38ed2ebda04b39b1606392833d5951615c23c504f9f4e35bf9c
G2_seed_14004,G2,14004,/data/dxl/results/budget_aware_gating/development/generation/G2/14004,4,0,4,1784887182.878545,1784887329.8611689,144.4509082250297,2.279400359839201e-05,146.9826011690311,1000,580,420,51,8,0,1580,0.42,0.051,0.008,0.0,87.17647058823529,92,120.44676470588233,124.55,551550976,96.35200000693618,False,True,c6ab3e58a7988609fbb902a8e4a1352eddf9206bc63b347b38eebf343818c4ad,8ba2d47dfbceefc5fca1108e069ae02e1d2b0c48e961933c36c82de166d7efc6,b3776ea93aff9ae024192b00cfbde4be52109a083051485298880289a15cac24,1b1193ac0d64974afdf4408b08baf642e5d35757dbeb17a85bca0d6eda561201,d4655b6ad684dc27e571fe672fe1ec72cee5f2f9f1140cdbca66bd4fcf7b63c3,b8c4c4766583b708c17af53f7e29ed621fcf00b067d00fd249949ec93747ad78,58840fe40cec2f54e38dbec25010a904dfda4bdc2d05c206ff3e355876ad02e5
G2_seed_14005,G2,14005,/data/dxl/results/budget_aware_gating/development/generation/G2/14005,5,0,4,1784887182.9307256,1784887348.5547564,165.2991182919941,2.339499769732356e-05,165.62400705297478,1000,596,404,45,20,0,1596,0.404,0.045,0.02,0.0,86.425,92,119.99775,129.29,551550976,96.94477170466632,True,True,53c990771bbee9c54e89a6a2db344d4598e8fd93e6e1410fe9420c67d22237b5,7c0f3c0de6f9593cb69375415525ac4e9f79587073810bc408d46c083409a9eb,c436294a03d66cdb4ac0ca6e8b78eada3b508748a02243f2d46078ceb99943ff,731abfb87b701632f3917a8ce876d1e4df7f265bf8cca0fe9537fd9e4a672e90,546cd564abd587ef7d39ec42d495214b30006ef9203f13377121f2565757cfe4,854774a9dcbed0c5d6286b2bc448ff8a63c5974fec510e1133dfa37cf7953baf,89c73d5bf60a1fe47849e207ed1e42c8ace46ac39bc5ff4eee085cb31cbe441a
G2_seed_14006,G2,14006,/data/dxl/results/budget_aware_gating/development/generation/G2/14006,6,0,4,1784887182.589201,1784887341.3039246,158.40438429801725,2.7631002012640238e-05,158.71469521702966,1000,630,370,43,35,0,1630,0.37,0.043,0.035,0.0,86.13513513513513,92,111.81540540540541,119.4,761266176,96.2972199677363,True,True,35169bf3bc226398d71054ce18b943468ecdb32fc883c38c51f57617cdd2dd2c,be5a7f6dd478753b2a6278d5088493dbf753bcec38573252b4deaf4701c8fc39,301dbcac4ffaadb45c9996be054b0215c30bcdafcd5896f8acfa4f47d32f464e,fe898660b8d891e78bcbc35bb4030a7658aec6a69c5f84dfdc1ed585f62e64fe,fdaf0dffb85c90744f3e943bb487022cadecfa4c61c8a00245fcf5a80e5d5998,33df6c60d85754e4e57e6078e637582e62e8d79845b75b5f906fce7ec398fea0,bc8ac07b7ba2e8374e112e68f55ffa18260d9a150d45b3d20e5a7363cc72805f
G2_seed_14007,G2,14007,/data/dxl/results/budget_aware_gating/development/generation/G2/14007,7,0,4,1784887183.049603,1784887351.3305929,167.97101954504615,2.4636974558234215e-05,168.28096489503514,1000,580,420,51,6,0,1580,0.42,0.051,0.006,0.0,86.30952380952381,91,130.45761904761903,137.82,566231040,97.200963868779,False,True,9071a25b798e27c8cbcb4c5ba886dc2dc3e932ff6da779d423cf68e6ac42ee3f,9b7553cb6795635870fd4f2ed15dc2bea66777572b8c01d0796f038a562df413,e471be3ccf401b262c277d25f287fd81ccad2054b9f0e11a59c37810f1bbff3b,3b908d77f82072948907a1bf4b0209cee8455152afc21a9b9d873f795a9b00a3,2ff77d205f0e44c66cfdbdc4317dc695ef930b20d0fb71a6c3b7d17b6ef3b381,92665aea9194efbf143b0fb91e3dd75745fad24f74c4223ee0bed1ccc0d96bd6,4a363f1ce5f642c07ccc7dea62918384d61a7aa6d34b15acdbeb276cc57b08fa
G2_seed_14008,G2,14008,/data/dxl/results/budget_aware_gating/development/generation/G2/14008,0,1,4,1784887182.830355,1784887390.829147,207.6859760649968,2.3755012080073357e-05,207.9987676650053,1000,580,420,53,6,0,1580,0.42,0.053,0.006,0.0,88.51351351351352,93,159.98972972972976,168.39,721420288,97.73833157972747,False,True,8c32982ae9a56c646702005bbd100079eb3802a1ed2f7a7b51999a77c11c025e,a6e265b21ff0808f721d6dc405155023d5c15521580308c6a248a07db58b7c07,78a2bccfe5b7937760d7c7189c6e9203568f2a49c61f2958060e868f7cd137fc,12d63640b8195cd4fcd916eb803804f35c47f9b3fa9b7f87e2d909aa63701f75,406f8473f0e34ac16f01f487deac87f72357d7f3770ac2598940eaddd2eb3349,3794b875318d2ff83b8d8fb131a0bf9c7eee0fc9a9d34e81868e9f59247354ee,edb66d78bb73b7d6af79a2994d00ee16e9421d5fde122f640fc83d0eec285ff7
G2_seed_14009,G2,14009,/data/dxl/results/budget_aware_gating/development/generation/G2/14009,1,1,4,1784887181.3066292,1784887331.428378,147.24221484101145,2.2894993890076876e-05,150.12172616098542,1000,580,420,49,7,0,1580,0.42,0.049,0.007,0.0,83.22857142857143,92,126.77485714285717,137.74,566231040,97.42938282400979,True,True,6f02c78c30874abbd7f44b4af40dbec9d665d967cc473983851291dcdcee688b,258ce0a9e50bb69ade6f393f9f5b530b0f228df8339ff7d0d75670aad9d614b0,3899eca4f5a6ca2987cacc3e57009bae2ae971d97220a0590f1094b6e47a2b89,83b7d567cf1d76ba0dfa7a9e8e10952484baafc4e1157eb77172153b71b6b6a6,726ceb8d5edea149cac0dddcf4bcbd3eaba522ea3228007d0af6c653947fd13e,f97c1b0fe3d2eb3678c0ff49fad8e75e16a2a64deac85780890201af267e510e,e03e61d9863645dc86b855d32291c9ace0c915aff344874801c50d23b4f27001
G2_seed_14010,G2,14010,/data/dxl/results/budget_aware_gating/development/generation/G2/14010,2,1,4,1784887182.9500124,1784887349.2912123,165.95238866400905,2.5518005713820457e-05,166.34117388504092,1000,580,420,45,1,0,1580,0.42,0.045,0.001,0.0,86.5609756097561,91,132.80999999999995,140.95,589299712,97.20571117032993,True,True,59a51f150c68554ba8dba81ee9870f3564f32f6ee17076c9274c148ac31ab8d9,7981046bc6b3af77d05fc4d8201cf2204670bf96d1007bc31ce6d6db5b0ff9c1,fb5e2076fde353b2f02cd1a263fb719177f86d90c625569bd428dd9d08b123ee,cae7365a68070b2c2c008c1c5462a3824f4221b326b24e8b839b38806c65e03f,c49c6c9f2e7a6af3d128b5f333bdbf5651703c68da11ee3cda35dcf216c036c1,45aed24819cfa756695e2d12e3b8653bb3f5f043de56bf81dcace9b8b9988162,911a0f0479cec58150f522f68868479594edd25835a939d7ee4018a8f4632349
G2_seed_14011,G2,14011,/data/dxl/results/budget_aware_gating/development/generation/G2/14011,3,1,4,1784887183.075382,1784887351.7366884,168.34942970902193,2.4115957785397768e-05,168.66128162899986,1000,580,420,52,17,0,1580,0.42,0.052,0.017,0.0,86.69047619047619,92,130.36357142857145,138.38,551550976,97.43538396566926,True,True,e375cf84afb248894856c8a06fb7bdbb7c8880335e26c34fc4c21715ace3ef33,8ba2d47dfbceefc5fca1108e069ae02e1d2b0c48e961933c36c82de166d7efc6,58de3b0871875f4ddc796c7092f83cd48deee9c5f74a9c4f0e6e7b1e1d62290e,e8af86c793ae1d68e15feae5ad603d396df22e5fa08cc4d83985930ffaadbcb3,86ca31502867957e4a8e58951a79035107a9f08c09a94ada98c1bcb5db6d648a,cc436baf1345dd6f5b3049fb5c72d39d3089981891f975c01b28493b99654a3c,704ce7d6a168ec4a44ca8bd2d757bbbb8e2967cd7f54bc4f1fd9dd691935e12b
G2_seed_14012,G2,14012,/data/dxl/results/budget_aware_gating/development/generation/G2/14012,4,1,4,1784887182.9596202,1784887334.5962114,148.45329433795996,2.2383988834917545e-05,151.63656893197913,1000,605,395,47,10,0,1605,0.395,0.047,0.01,0.0,84.51428571428572,91,118.74342857142854,124.55,551550976,97.00678017569345,True,True,7c34c61ec83ebebf950440afb73fc22ebd60cc2623a3fc041e25616adf4fba4f,be5a7f6dd478753b2a6278d5088493dbf753bcec38573252b4deaf4701c8fc39,33e2ecdde74a9fa2590ff980744362225b2283a057f4f4ab18f1a07c90e48c5c,bee178df54af23e4d711d419b7f32565200b163773d0092db5cb52c0830bf859,09002c31c674fe8a020f64c321df0178042675ef44570bcf87edd8b89df1a197,e64eb045934e66146b56a5eed8931933d756bb6b25c47717c4c68f219ab5da05,ef44ce945422177833fdd8096bcc4d0ac9d575b7e761400e6e074252e3d26026
G2_seed_14013,G2,14013,/data/dxl/results/budget_aware_gating/development/generation/G2/14013,5,1,4,1784887182.7659986,1784887346.0676608,162.62938620400382,2.467702142894268e-05,163.3016372639686,1000,580,420,50,3,0,1580,0.42,0.05,0.003,0.0,85.825,92,119.84650000000002,129.72,761266176,96.33051767500497,True,True,4cb9e3dfd9ab38e0131d0a00270e599857470fbb36e215c2ddc66391ce0c273e,f8c31ab8b1b12a6a00bd5df0d8470ad61994a7325b80508c6e1ee17947fa911b,e654c2e681b2b013970ad01d4bc3bcd50b90455eba4efeacbec7555c39e27ec0,c81d6bdbb8722fae82e37a4a6b3abfc60aa8174b9472e636d30070b40c3f778e,a7f679ee564d96c7e19debe6cf6e2829666ca6e1cbb6891f1b7a0d422fcd4037,de89936e96d4d8d8cedf315496dd025b7a978c38467c6c2552c4b94ed969f15c,9bd18800a01b0a8d9c22ca8018a12a56214948a19c1804ef370c1e710eb9a812
G2_seed_14014,G2,14014,/data/dxl/results/budget_aware_gating/development/generation/G2/14014,6,1,4,1784887183.4009924,1784887339.3949637,155.54206818697276,3.298994852229953e-05,155.99393803003477,1000,597,403,49,22,0,1597,0.403,0.049,0.022,0.0,86.63888888888889,92,113.30361111111111,119.42,551550976,96.84443293304244,True,True,bec014bc32c6b60e343c9b7ef62a481721d3b333ffa4f6b8fc75a9e532c271f8,7c0f3c0de6f9593cb69375415525ac4e9f79587073810bc408d46c083409a9eb,c3d3d8d5e244bcd14caa1a4f72b3afab45ce42759037afc5595c6fc4a5a55583,75d772776cb0ab3c8d4d553f838c971675812b263e0aa0d5b55fec327bfd8fd4,0ff27fd7a96d72002439514124aa42a4800c391673caa1b40e16e19c76c64ff4,d851deb7f4a17082b1fcf6e5ca933cf2dcfd597a79295bbe2d94b097c3e192f5,aa29918c85a83561f5af3ac980e30b861984c485aa48c3477aa39e0163af32d0
G2_seed_14015,G2,14015,/data/dxl/results/budget_aware_gating/development/generation/G2/14015,7,1,4,1784887182.8300924,1784887351.1390176,167.99685229401803,4.602898843586445e-05,168.3088780650287,1000,580,420,52,5,0,1580,0.42,0.052,0.005,0.0,86.28571428571429,91,130.28285714285715,137.88,593494016,96.86112893782725,False,True,c4de0c04c2ce55767cc60f6641b0cbe2a4bf3b607e1959bdbb48d5177c95876d,f8c31ab8b1b12a6a00bd5df0d8470ad61994a7325b80508c6e1ee17947fa911b,80748f0fa1914d86863ba77b0121b2aab42c144fabc29dcc545acd2654ce1969,3ff810b0a51f02a9a8c7004b306df0a9493d32bb2fc119a94f23748cf81241bf,11daf688e3638919408d4c683bb212ce275a16a62970e1c2090acdaa9d15805f,e3e071c8917cf316d7ef8abb5ca868fb8ebffa2a3d8f94c6eb80a0c3cf6fbe6b,b21959dbcf55a4b62ef538dc662f4d6a4997fda34f62f456ecac194496802003
G2_seed_14016,G2,14016,/data/dxl/results/budget_aware_gating/development/generation/G2/14016,0,2,4,1784887183.1417203,1784887391.6319222,208.17855307401624,2.6349967811256647e-05,208.4901751790312,1000,580,420,50,3,0,1580,0.42,0.05,0.003,0.0,89.61333333333333,93,161.33533333333335,167.54,721420288,97.63424530034793,False,True,0b073438f33981811d8a68bc32261b7c90f8081f41dc5d700a032d2a1b2883ed,a6e265b21ff0808f721d6dc405155023d5c15521580308c6a248a07db58b7c07,2e2e0022f97adef49925200a54122d90a6f8107c961651c93291f242edbc9e4e,4f64d53ad7aaa4f6604620b2a2738d1ecdc2d273a61a479981115e7a7fb42514,43a6a558c6635712a157539be9b2185d20b5152961dbc1614fd9af180cc61192,92ee0a124f3222d6489e0828576973dd62341aa58c0053e2d2e8936b39b24699,c2a55fe0cfb44bc6a5e21faf0f58479ec2638701f361f6aeb844755e9a0177e9
G2_seed_14017,G2,14017,/data/dxl/results/budget_aware_gating/development/generation/G2/14017,1,2,4,1784887183.0381505,1784887337.566138,151.75645141297719,2.3134984076023102e-05,154.5279647030402,1000,580,420,52,17,0,1580,0.42,0.052,0.017,0.0,83.5,92,128.5836111111111,136.78,551550976,96.87649264802732,True,True,44c4eef37e3a81a0bdbe3f0b0c6709805ed818312352d2d5db100a064a7e3847,7c0f3c0de6f9593cb69375415525ac4e9f79587073810bc408d46c083409a9eb,1afcda8b340a1afe641ccb249ff71816efb8dc7ebafeb8b04d6697b25885e01d,11b5b71029c2c91b7fb656b2cfaa7b590eb200a05a020900c28d564ccd0d361e,5b37fc102b81311fd6279911017d3c60beb0d89001b81ec2246d825deb3575b4,ab739ef69dbd90d1571b46c8bb80c409ae3ded67812da209a638a51215e7f9e9,3883c62051c8761199c616b13ccc36f8ceb534f26c4062d9ef65e45277f0dcc6
G2_seed_14018,G2,14018,/data/dxl/results/budget_aware_gating/development/generation/G2/14018,2,2,4,1784887183.2510977,1784887349.9952903,166.43119201698573,2.698996104300022e-05,166.7441648110398,1000,580,420,49,8,0,1580,0.42,0.049,0.008,0.0,86.5609756097561,91,133.3409756097561,140.29,589299712,97.20279469877822,True,True,7ea650e505c7a39edff8f2ec7ec81e2fbc1492f131e3e8b46e0c8b87545f21b8,7981046bc6b3af77d05fc4d8201cf2204670bf96d1007bc31ce6d6db5b0ff9c1,126dd5f98781f565e60536ff0880c9e13a5a21652e2b9fc58bf853791f05af10,d3a8eadcd980eecae5f8aac0a7ae3c27f23a186dfff613902efb16554ca8eef3,03b9326768519922dfb43891a249c57105b8a047ac4e91e6ef85a69be4945ab0,52ce19647b5f274f7aaa509f75925aa7b919bc892717c61752025e1ada7898ac,58932e3b47a1542a5f8773359f3cf76ffe3a98b3f6c89c097b118c5aed3ff28f
G2_seed_14019,G2,14019,/data/dxl/results/budget_aware_gating/development/generation/G2/14019,3,2,4,1784887183.3546064,1784887350.5155573,166.58351690502604,2.579804277047515e-05,167.16092574596405,1000,580,420,51,7,0,1580,0.42,0.051,0.007,0.0,86.5609756097561,91,130.4839024390244,138.32,566231040,97.20288948714982,True,True,84c92bbcf4f12ab5af467ec7a99a20d8543faf71c6a42de6c2dd3204e8e51e2d,9b7553cb6795635870fd4f2ed15dc2bea66777572b8c01d0796f038a562df413,ef0cd5fb7e201785e50411109406d1abc6718f6bb6c8ee3a6bd817f240c709e4,5614215b95e87920c6160259768b25802ffa3b945848f5e57efbc4d0dd650368,23063414a50ed4892fb92b83673c4fbeda59a5e87319708e4c18c2d176cc8d9c,378e0f457cd25d5f86df352b6ef96f3d7085802d1f3241d81fa5ff7fae5a65fb,3b1646aad59123b896f89a4eb61954e08eb5b7df24e3d5124d045ba3b22bc121
G2_seed_14020,G2,14020,/data/dxl/results/budget_aware_gating/development/generation/G2/14020,4,2,4,1784887183.3770666,1784887332.8212647,146.8471900090226,2.732098801061511e-05,149.44417133304523,1000,580,420,54,25,0,1580,0.42,0.054,0.025,0.0,85.44117647058823,91,119.97470588235291,124.8,551550976,96.96588250837564,True,True,b28e3349bed283f425a9a3234ddd581c66925741f0a6222959782a3e6f5ce2fe,7c0f3c0de6f9593cb69375415525ac4e9f79587073810bc408d46c083409a9eb,a186fd916597c345912b418924ce71610ab1c3de6698c549acfa2b713f0880d4,c7a732949b4f98f7cc2dd2013f1b78a09f2fd7db57f63fde8354d77f61827697,9a66f1a857f0fb453dc57ce4bad7078ebe7d9e4b553a35dc22a874a65c958cfd,254c879275d0a865c0eefb75b6473d50a1c649e45be9b4c9d98ffb11ba805f8c,efc72fe2b9c5fa7dcc2f6451ade0903798eb20f171f667f1484e07e4436f9945
G2_seed_14021,G2,14021,/data/dxl/results/budget_aware_gating/development/generation/G2/14021,5,2,4,1784887183.2022927,1784887345.7770333,161.63618495099945,2.5017012376338243e-05,162.57471543597057,1000,580,420,50,7,0,1580,0.42,0.05,0.007,0.0,86.33333333333333,91,121.57948717948719,129.52,566231040,97.31347845513933,False,True,f5a5e392c778c0ea5a9f2f9de0820107bff463e269aae103fa19f708f9520962,9b7553cb6795635870fd4f2ed15dc2bea66777572b8c01d0796f038a562df413,9d7434ff092776db4cc2560120e9210f187e26c0341a703bd48ed769f95a7fff,995b57e5cc0842ee37e7ce9ef487d7049d017d8512d7f70282eb826984eb6212,31e0716ddcb1f401f749d6f8076f3135742d8021cb32496fe7f3a66483beb43a,baa28bcac4b87109d4bb5a77e45734a898ffad12558ff5496e10c8a95dd7df77,ebe32d9b89fa55701172c9df5ace1beca3b91094d622a7e61bab10c6bb8e132e
G2_seed_14022,G2,14022,/data/dxl/results/budget_aware_gating/development/generation/G2/14022,6,2,4,1784887183.0478804,1784887341.354415,156.61769622197608,3.7586025428026915e-05,158.30649677896872,1000,580,420,46,8,0,1580,0.42,0.046,0.008,0.0,85.13513513513513,91,112.76945945945944,118.81,551550976,96.97136693911443,True,True,e9bda9713aee1ae6bfbd0e2fa06ad9d084b4df09ddaac8aae62558ce6473bb2d,be5a7f6dd478753b2a6278d5088493dbf753bcec38573252b4deaf4701c8fc39,2a4dbe8d85c819f6163a9696cc3d33a58573b2289561b1bebfd0289781682c9e,026a07ca7c1e587d4f1c4b28417ad23de13063034597e9cec11eef2727b2ebfb,88b984d794e9be5d4bf52a72662dd0f18874bfd31b6cf8f61aec5cf08c2500ca,44db53b10d55906828c7647425c1313bb7bac7c49897080a748d09972f07f5f2,5d83433e244047722bec0497fff750bfb34b91d30a6255084f50ba3474991380
G2_seed_14023,G2,14023,/data/dxl/results/budget_aware_gating/development/generation/G2/14023,7,2,4,1784887183.340838,1784887348.8312476,164.10221114900196,2.4596985895186663e-05,165.4903851969866,1000,580,420,51,6,0,1580,0.42,0.051,0.006,0.0,86.125,91,130.037,138.56,593494016,97.21162231394479,False,True,c4e2db0058a9af11bd652eb1be6485e9508fde9bf2b13137ac6b916998a6e644,4586c4f906958bc450dbbbec20f526484822118ac7ce0dcb236e35180ed607f3,00b3b813999fa0399b5702d165e3ef1e28d66f1ff3d40a3ea1800590c617be12,81e7a18292e136a6bf695b1b6acae5c8a7d7be8f714a7623d7a18f787d855446,3b250c0c147b5502e62d5b6e9517a2ebaf909f5fd37dba3705622c53d0a81c24,9ff33f159e05802e392c13226df4064edf3a3c657692b899cf271a48524a7ce7,520bc40119fd702654b5da223e1cb5b0bc494b2accdd5b38032d47bf4165fbfb
G2_seed_14024,G2,14024,/data/dxl/results/budget_aware_gating/development/generation/G2/14024,0,3,4,1784887182.9554553,1784887392.0006938,208.73406096396502,2.4846987798810005e-05,209.0452128049801,1000,580,420,49,6,0,1580,0.42,0.049,0.006,0.0,89.68,93,160.78853333333325,168.2,593494016,97.7229515412985,True,True,43ea3d264c932f670bef80f1cb879faebd8328eee54910afc16a028468a35a6c,f8c31ab8b1b12a6a00bd5df0d8470ad61994a7325b80508c6e1ee17947fa911b,b0843d5f0ae34b4c920a0060eba2c00778f3dce639526ae3200464505048b036,b8b65b09fe92926b2d381acaf252ef6410648397105949b85149c01233a5a3f8,a2aaa67980f435b393715868a2e1fa4f283de6fc469fe3d66875a0d32dca5e9d,23c0d00be280a05b8ecc383f9118b7c360657ba08ef1867e1485876565b868f3,9c12585d39db0bf4abecb81567c53bb2606448a8c011652e34bada1e3dcaefe1
G2_seed_14025,G2,14025,/data/dxl/results/budget_aware_gating/development/generation/G2/14025,1,3,4,1784887182.9220405,1784887336.9188015,151.6255765989772,3.2468989957123995e-05,153.99672886996996,1000,580,420,50,13,0,1580,0.42,0.05,0.013,0.0,84.11111111111111,92,128.9963888888889,136.42,551550976,96.42902720409921,True,True,4f6964ceff3baa5dc5fda3674c91efd43b4cc5b2efeb0812bc542ab252a34eff,7c0f3c0de6f9593cb69375415525ac4e9f79587073810bc408d46c083409a9eb,5311791830866223f4650af34cfd0abdb5458e74c24b401aa7d31e8c51743724,5ec7478aec93cfe40c396cb2968bccbf9c9faf27152997209382c40005490d9a,b234bd44f34442c5085560a566d235d36a6fc61b5a7b38ba24ba85cc5a6038df,a18ec311dd48afb49621a46670fd324e1530eaa9c2cee524fc9f4a3d967ca99c,c37fe980bdf9d295d3185a6d0ca69747b82cc2efee81b76d7be862da23fd3c66
G2_seed_14026,G2,14026,/data/dxl/results/budget_aware_gating/development/generation/G2/14026,2,3,4,1784887183.2564795,1784887351.7787526,167.5737363229855,2.4195993319153786e-05,168.5222499970114,1000,580,420,53,9,0,1580,0.42,0.053,0.009,0.0,85.26190476190476,92,133.4485714285714,141.48,589299712,97.2847317486461,True,True,b22f703544612dce5a0d3e59cf07ff4beb9f447ccb977490419645b07bb87661,7981046bc6b3af77d05fc4d8201cf2204670bf96d1007bc31ce6d6db5b0ff9c1,3cad9cf173cfb008342b8c4830fd3f118e3c90683340d4c176767ffb019ec567,8b35070cd903ae30d27fc1c6f1b1b4c9d477c88a9cea9bdcf1c0116238cc8560,959b06affccb3dfe1145e4987d9fbf55984592a52b166b0ca454e9d17bf4fb99,cc314610d78a651f0aeafec6535d6ef549c14b5e4b7ba818e5dba927f2c7803e,7d18102ae6bb0821dcc28a634a3309d6ae343403852934f41ca0cb54c7d8677b
G2_seed_14027,G2,14027,/data/dxl/results/budget_aware_gating/development/generation/G2/14027,3,3,4,1784887182.8639123,1784887350.703359,167.52881205896847,2.351502189412713e-05,167.83942214696435,1000,580,420,52,5,0,1580,0.42,0.052,0.005,0.0,84.54761904761905,91,129.5266666666667,138.07,593494016,97.32560883832242,True,True,04cca7915c2e4936d18737277211b3184d3a6e6505b1318124bfa048029e16bf,f8c31ab8b1b12a6a00bd5df0d8470ad61994a7325b80508c6e1ee17947fa911b,ae18579e939b72f48d5f3eb3f36a785cbceaa99f4a38065f64334d8b444d78af,981d92446b51778f66af4d3766ae0b2a7da05eef014a2fce53177d7f31795ef1,cd7b13e3f6bdf31e84bce62dc5481163b6b5294416877eaa93c6678a294b56a4,7d372a43ef188357ce0835e7c77a42f53c292ea44039fc73baa412deeefef177,52b2982be28b533276e60ad86bc086b157f4f13625702c69098f57c7bfd014b3
G2_seed_14028,G2,14028,/data/dxl/results/budget_aware_gating/development/generation/G2/14028,4,3,4,1784887179.2823672,1784887309.2146575,129.21694494504482,2.6450026780366898e-05,129.9322638050071,1000,580,420,52,21,0,1580,0.42,0.052,0.021,0.0,81.35483870967742,91,114.97322580645161,124.82,551550976,100.55781587179742,True,True,b254c6789335a278dd85b9c2a6a8cad4f8d4736d3a6e325653007d640551a1e4,7c0f3c0de6f9593cb69375415525ac4e9f79587073810bc408d46c083409a9eb,58d5d60f78f9d780f97c82dd0f4a17db7d29228cbdd98201678198e4b9f9bcc7,4a988d73c89dd629d3a975ed28cfedea4d28a8a0a2cdce381aed9e8742605405,ff61620080c51a2d52422b63ddabcb71fe3e05c330a3122e6eda819757e33ff4,2a8772e7e5f02c99c6330fcc8fe017174e3d0e7b1a7d8040da22f91816eb0033,ee160b7842e9e5b2dab2c341e584e887f75fc015da6a21625884b9c7f3a47e33
G2_seed_14029,G2,14029,/data/dxl/results/budget_aware_gating/development/generation/G2/14029,5,3,4,1784887183.3464844,1784887348.1973126,164.01910344598582,3.075599670410156e-05,164.85079742397647,1000,580,420,51,7,0,1580,0.42,0.051,0.007,0.0,84.85,91,121.39675000000003,129.72,566231040,97.43130779740343,True,True,9a763ff23c85a5c2e50b2aa812ad43c13d6a563d4056ec08d59ed137163d601f,258ce0a9e50bb69ade6f393f9f5b530b0f228df8339ff7d0d75670aad9d614b0,575fe1f6fc8d9280bdfd665248be227d7ea132b8382d7b865e2b70771c30d8b0,2b7a05e06bb7a457fc6faa48d14b0ad22143ffac743743067f5dc4a0a298159a,2de8eac3dcc607b8dfe91cfeb6a5b3d5decfabd33550a18300aa461e18981f3b,db814e41d4affa7044b36503510836c770360f6c5b7ada991b556ff4b65fb91d,e49fd4248225c4138d8481612ebb36574751f70f2b746fec5704af4ba356dae0
G2_seed_14030,G2,14030,/data/dxl/results/budget_aware_gating/development/generation/G2/14030,6,3,4,1784887180.9523122,1784887335.30206,151.78792403399711,2.9103015549480915e-05,154.34971836395562,1000,580,420,53,9,0,1580,0.42,0.053,0.009,0.0,84.11111111111111,92,110.15111111111109,119.12,551550976,98.63466283158802,True,True,cd2d79dd7e80dac802f28a5bd33e995d9865ae80e17b30d95e4b7b84f19cff61,7c0f3c0de6f9593cb69375415525ac4e9f79587073810bc408d46c083409a9eb,d304d198e2f652be85e9f552bb687cc6fe52972cad7220cb4f6dfe1a6582c60c,f8f8e189756faae73438ea6302c8dacd9a597e99ab375e6485ebdbc5a7785d6c,5d9d60ecf333e9535f9e7b0f6c27bd6ecb290783283c5bddfd0bc84c8fcdd3fa,68bbcda2ad40bf62bad26f0ef0402892e1bef70fa1b4547dd8575b7a69702614,a25f57cbae98fbeb576400ae5498c12cba6ff65bb4c78b798a7b0c9d8e98c96a
G2_seed_14031,G2,14031,/data/dxl/results/budget_aware_gating/development/generation/G2/14031,7,3,4,1784887183.220317,1784887351.190646,167.65196374501102,2.420699456706643e-05,167.97030471201288,1000,580,420,52,6,0,1580,0.42,0.052,0.006,0.0,86.1219512195122,91,130.109756097561,138.56,566231040,97.30641897587353,True,True,92018c1eab62ed4250489746b910decbd0ec7c7fda2f8687cc22575563d55099,258ce0a9e50bb69ade6f393f9f5b530b0f228df8339ff7d0d75670aad9d614b0,c5879b113908700ad7aa0b0c822c01a717a381d713a26cd71692f6e68fb6e1b6,d3fa84d00ad12496f0833cfe922e85a3390ef8b1ec785414b6e96d290d60d4cf,7381a0ed49725e8853d77cec22e8ecc160f3a9f919c0bc22624375f2da88daab,2fd911babdc928e38e63560996690f5a038508ab1a41f735d6a39fd7c5c458ff,a0bd1630ad0ae5a2e3824edd5ce19b86754102e5d98ac19018738b08a7587464
