task_id,config,seed,status,attempt,real_failure_count,input_path,input_hash,output_path,output_hash,physical_gpu,gpu_slot,worker_pid,worker_pgid,checkpoint,checkpoint_sha256,relax_config_hash,start_time,finish_time,elapsed,steps,energy,energy_per_atom,maximum_force,converged,return_code,failure_reason
A0_seed_14000,A0,14000,success,1,0,/data/dxl/results/budget_aware_gating/development/generation/A0/14000/generated_crystals.extxyz,6f65588ef540d3e612f3640b5ab7d74da22b05640dafecc523da850dc7901a94,/data/dxl/results/budget_aware_gating/development/relaxed/A0/14000/relaxed_structure.extxyz,0f5a06610134db5b46996ba081e8e64ddecac0a3933d525ffc4c216e87295a89,0,0,2885518,2885518,/data/dxl/mattersim_weights/mattersim-v1.0.0-5M.pth,e3df9fa708725e3d453140646c7d1838324b347a3d1214cf1440522146f872b5,7f03d6f264731b26559d01cd047ccf8b1684febd703579905a09011620723f15,2026-07-24T18:03:19+08:00,2026-07-24T18:03:33+08:00,13.704564939020202,500,-176.52464294433594,-8.826232147216796,0.099846251308918,False,0,
A0_seed_14001,A0,14001,success,1,0,/data/dxl/results/budget_aware_gating/development/generation/A0/14001/generated_crystals.extxyz,8570c233a67dc03f29b481c675fc3546db565351cace6183a271ee1a1c02ad2b,/data/dxl/results/budget_aware_gating/development/relaxed/A0/14001/relaxed_structure.extxyz,24f9afd65f2ef7e35fbda006e795609ae84a3aa1e45628fd2ea1322f24667fd9,1,0,2885520,2885520,/data/dxl/mattersim_weights/mattersim-v1.0.0-5M.pth,e3df9fa708725e3d453140646c7d1838324b347a3d1214cf1440522146f872b5,7f03d6f264731b26559d01cd047ccf8b1684febd703579905a09011620723f15,2026-07-24T18:03:20+08:00,2026-07-24T18:03:21+08:00,1.19930697302334,26,-54.182308197021484,-6.7727885246276855,0.048718392848968506,True,0,
A0_seed_14002,A0,14002,success,1,0,/data/dxl/results/budget_aware_gating/development/generation/A0/14002/generated_crystals.extxyz,a8587bab53cb94b564c5e91b91b8d08460725d671b48b33887960193423e6a77,/data/dxl/results/budget_aware_gating/development/relaxed/A0/14002/relaxed_structure.extxyz,62090604af6b9102cdb468578639faab133fe781f359c6d30982dad37dd9d82c,4,1,2885527,2885527,/data/dxl/mattersim_weights/mattersim-v1.0.0-5M.pth,e3df9fa708725e3d453140646c7d1838324b347a3d1214cf1440522146f872b5,7f03d6f264731b26559d01cd047ccf8b1684febd703579905a09011620723f15,2026-07-24T18:03:20+08:00,2026-07-24T18:03:21+08:00,1.7154722639825195,30,-53.05512237548828,-6.631890296936035,0.04836146533489227,True,0,
A0_seed_14003,A0,14003,success,1,0,/data/dxl/results/budget_aware_gating/development/generation/A0/14003/generated_crystals.extxyz,0aa14c925abd7a31b9e692dbb2ef31d458070ca2d1ee0818da5694ab7d4c495d,/data/dxl/results/budget_aware_gating/development/relaxed/A0/14003/relaxed_structure.extxyz,7cbc39da553c2c4cff82e3ad34f59f96fd183f41ec4fbfdde6d119a472990958,5,1,2885529,2885529,/data/dxl/mattersim_weights/mattersim-v1.0.0-5M.pth,e3df9fa708725e3d453140646c7d1838324b347a3d1214cf1440522146f872b5,7f03d6f264731b26559d01cd047ccf8b1684febd703579905a09011620723f15,2026-07-24T18:03:20+08:00,2026-07-24T18:03:21+08:00,1.212138373986818,26,-90.70349884033203,-9.070349884033202,0.036669887602329254,True,0,
A0_seed_14004,A0,14004,success,1,0,/data/dxl/results/budget_aware_gating/development/generation/A0/14004/generated_crystals.extxyz,9e6823b5ede63c84ae48b0dcb2673a078cd7e6aa9a0deda4ecda538d83fd2f20,/data/dxl/results/budget_aware_gating/development/relaxed/A0/14004/relaxed_structure.extxyz,72b0e90feeba49327ce66416fef976321e12514969c85ab159106b8f99b53f8f,2,0,2885522,2885522,/data/dxl/mattersim_weights/mattersim-v1.0.0-5M.pth,e3df9fa708725e3d453140646c7d1838324b347a3d1214cf1440522146f872b5,7f03d6f264731b26559d01cd047ccf8b1684febd703579905a09011620723f15,2026-07-24T18:03:20+08:00,2026-07-24T18:03:20+08:00,0.6387597020366229,3,-47.895877838134766,-9.579175567626953,0.008952762931585312,True,0,
A0_seed_14005,A0,14005,success,1,0,/data/dxl/results/budget_aware_gating/development/generation/A0/14005/generated_crystals.extxyz,7f6ddd20086f9e23707d7473422784eff50e5a7a6099678085dbf08e16bd2482,/data/dxl/results/budget_aware_gating/development/relaxed/A0/14005/relaxed_structure.extxyz,ee12eb46f7b055c54ad3034f6d2a96b9bc7437b50497abfb583b4074d82bdbc4,3,1,2885525,2885525,/data/dxl/mattersim_weights/mattersim-v1.0.0-5M.pth,e3df9fa708725e3d453140646c7d1838324b347a3d1214cf1440522146f872b5,7f03d6f264731b26559d01cd047ccf8b1684febd703579905a09011620723f15,2026-07-24T18:03:20+08:00,2026-07-24T18:03:21+08:00,0.8341004690155387,5,-29.323686599731445,-7.330921649932861,0.007941611111164093,True,0,
A0_seed_14006,A0,14006,success,1,0,/data/dxl/results/budget_aware_gating/development/generation/A0/14006/generated_crystals.extxyz,870b7cdb92ae7511d240daa8ed33d23cc0abe8d7afb32ab1a25984a3ba711b4d,/data/dxl/results/budget_aware_gating/development/relaxed/A0/14006/relaxed_structure.extxyz,5c4b2c5c80601dae585d8456936de7f85c2d8947c8c2d3f0cb24fbc9a365f2aa,2,0,2885522,2885522,/data/dxl/mattersim_weights/mattersim-v1.0.0-5M.pth,e3df9fa708725e3d453140646c7d1838324b347a3d1214cf1440522146f872b5,7f03d6f264731b26559d01cd047ccf8b1684febd703579905a09011620723f15,2026-07-24T18:03:20+08:00,2026-07-24T18:03:22+08:00,1.055544873001054,23,-45.49583435058594,-7.582639058430989,0.04960983619093895,True,0,
A0_seed_14007,A0,14007,success,1,0,/data/dxl/results/budget_aware_gating/development/generation/A0/14007/generated_crystals.extxyz,cd813515367caeb78a2d7855690b5ffc742becdb22106e897032595210ca6693,/data/dxl/results/budget_aware_gating/development/relaxed/A0/14007/relaxed_structure.extxyz,a27611e24055cba2d8076b03eb79875c188e7215187b75cca0d45f7245e847ec,3,0,2885524,2885524,/data/dxl/mattersim_weights/mattersim-v1.0.0-5M.pth,e3df9fa708725e3d453140646c7d1838324b347a3d1214cf1440522146f872b5,7f03d6f264731b26559d01cd047ccf8b1684febd703579905a09011620723f15,2026-07-24T18:03:21+08:00,2026-07-24T18:03:22+08:00,1.287424732989166,21,-86.57189178466797,-9.61909908718533,0.040603891015052795,True,0,
A0_seed_14008,A0,14008,success,1,0,/data/dxl/results/budget_aware_gating/development/generation/A0/14008/generated_crystals.extxyz,dacde25bb3f281afa23d92700aa677bbb1d37c800c831e87208dbd9503dca2b0,/data/dxl/results/budget_aware_gating/development/relaxed/A0/14008/relaxed_structure.extxyz,80e71d33c8ec139cf51ea4371f58d3d2059acca9bf98d9e2172bcb762793dd7d,1,0,2885520,2885520,/data/dxl/mattersim_weights/mattersim-v1.0.0-5M.pth,e3df9fa708725e3d453140646c7d1838324b347a3d1214cf1440522146f872b5,7f03d6f264731b26559d01cd047ccf8b1684febd703579905a09011620723f15,2026-07-24T18:03:21+08:00,2026-07-24T18:03:24+08:00,2.9116870560101233,88,-151.508544921875,-8.41714138454861,0.04882944002747536,True,0,
A0_seed_14009,A0,14009,success,1,0,/data/dxl/results/budget_aware_gating/development/generation/A0/14009/generated_crystals.extxyz,cb817025e734805aec514662c21978b5c5bfaf3959a7b56286531fcb58440f0a,/data/dxl/results/budget_aware_gating/development/relaxed/A0/14009/relaxed_structure.extxyz,fb3dd834442ffafd033f1dd55d8248ee579d313d9d7e38d748325716d7fbd5f6,6,0,2885530,2885530,/data/dxl/mattersim_weights/mattersim-v1.0.0-5M.pth,e3df9fa708725e3d453140646c7d1838324b347a3d1214cf1440522146f872b5,7f03d6f264731b26559d01cd047ccf8b1684febd703579905a09011620723f15,2026-07-24T18:03:21+08:00,2026-07-24T18:03:26+08:00,5.328788117971271,143,-71.94393920898438,-8.992992401123047,0.0507243312895298,True,0,
A0_seed_14010,A0,14010,success,1,0,/data/dxl/results/budget_aware_gating/development/generation/A0/14010/generated_crystals.extxyz,64e1e867172bb2b068485c36e3964e5d3ee7fea6310ff37522ea9dbd1db04f21,/data/dxl/results/budget_aware_gating/development/relaxed/A0/14010/relaxed_structure.extxyz,7668265ad251ab3c868c1bf23f3fa999e9c113bab8360702c1602fd4111f03e2,4,0,2885526,2885526,/data/dxl/mattersim_weights/mattersim-v1.0.0-5M.pth,e3df9fa708725e3d453140646c7d1838324b347a3d1214cf1440522146f872b5,7f03d6f264731b26559d01cd047ccf8b1684febd703579905a09011620723f15,2026-07-24T18:03:21+08:00,2026-07-24T18:03:22+08:00,1.2393928570090793,17,-94.36763763427734,-9.436763763427734,0.047696612775325775,True,0,
A0_seed_14011,A0,14011,success,1,0,/data/dxl/results/budget_aware_gating/development/generation/A0/14011/generated_crystals.extxyz,a0ef2a0313d85ac969ad2e8daf18dc3306ac2da762e66d56e1f55bb9a4818d9d,/data/dxl/results/budget_aware_gating/development/relaxed/A0/14011/relaxed_structure.extxyz,f9086c3df5f8f11397db4ec6ba1a8dd0b8c36b34e9c80adaf0d119a556fa7d39,1,1,2885521,2885521,/data/dxl/mattersim_weights/mattersim-v1.0.0-5M.pth,e3df9fa708725e3d453140646c7d1838324b347a3d1214cf1440522146f872b5,7f03d6f264731b26559d01cd047ccf8b1684febd703579905a09011620723f15,2026-07-24T18:03:21+08:00,2026-07-24T18:03:22+08:00,0.7554113239748403,6,-37.48310470581055,-7.496620941162109,0.032194506376981735,True,0,
A0_seed_14012,A0,14012,success,1,0,/data/dxl/results/budget_aware_gating/development/generation/A0/14012/generated_crystals.extxyz,6b6da99ecff79688e065a9a98e5a78775b1ad5d72f5273184c15eef6666bf191,/data/dxl/results/budget_aware_gating/development/relaxed/A0/14012/relaxed_structure.extxyz,0023f78d2a96a1de0788d02a0ac47a6f875fb0092cf138ebe14d10a4e476cd25,0,1,2885519,2885519,/data/dxl/mattersim_weights/mattersim-v1.0.0-5M.pth,e3df9fa708725e3d453140646c7d1838324b347a3d1214cf1440522146f872b5,7f03d6f264731b26559d01cd047ccf8b1684febd703579905a09011620723f15,2026-07-24T18:03:21+08:00,2026-07-24T18:03:22+08:00,1.058568409003783,18,-35.46440505981445,-5.910734176635742,0.04308676719665527,True,0,
A0_seed_14013,A0,14013,success,1,0,/data/dxl/results/budget_aware_gating/development/generation/A0/14013/generated_crystals.extxyz,db8fae91f0113caaa3d7f5b977305c10d13212ce819addd7c94fcebe0cd8e2a1,/data/dxl/results/budget_aware_gating/development/relaxed/A0/14013/relaxed_structure.extxyz,9bee48f4863643c717355e55ea690cbd945fd08ba7e88f14563aca2c17edafc8,5,1,2885529,2885529,/data/dxl/mattersim_weights/mattersim-v1.0.0-5M.pth,e3df9fa708725e3d453140646c7d1838324b347a3d1214cf1440522146f872b5,7f03d6f264731b26559d01cd047ccf8b1684febd703579905a09011620723f15,2026-07-24T18:03:21+08:00,2026-07-24T18:03:23+08:00,2.0020294620189816,48,-91.22782897949219,-7.602319081624349,0.04559551179409027,True,0,
A0_seed_14014,A0,14014,success,1,0,/data/dxl/results/budget_aware_gating/development/generation/A0/14014/generated_crystals.extxyz,cf94de414235e2a2caaed4c6634a5142a5576f90e6ac85fb39ba4fb5cd25aad9,/data/dxl/results/budget_aware_gating/development/relaxed/A0/14014/relaxed_structure.extxyz,faa9a0ae5624746c3d59dbcc447cdf5f1696eb097b8e0877e6f3a9bcb6e94508,7,0,2885532,2885532,/data/dxl/mattersim_weights/mattersim-v1.0.0-5M.pth,e3df9fa708725e3d453140646c7d1838324b347a3d1214cf1440522146f872b5,7f03d6f264731b26559d01cd047ccf8b1684febd703579905a09011620723f15,2026-07-24T18:03:21+08:00,2026-07-24T18:03:22+08:00,0.7289398959837854,8,-48.041603088378906,-12.010400772094727,0.005787964444607496,True,0,
A0_seed_14015,A0,14015,success,1,0,/data/dxl/results/budget_aware_gating/development/generation/A0/14015/generated_crystals.extxyz,10650e535ace4f9220c022e5165ecc35b9dd1570109e6fe673482431790988f7,/data/dxl/results/budget_aware_gating/development/relaxed/A0/14015/relaxed_structure.extxyz,6bf2f1685ba98ae0656f44bd877832b6610875ea99269ec83a93f67967ac380f,2,1,2885523,2885523,/data/dxl/mattersim_weights/mattersim-v1.0.0-5M.pth,e3df9fa708725e3d453140646c7d1838324b347a3d1214cf1440522146f872b5,7f03d6f264731b26559d01cd047ccf8b1684febd703579905a09011620723f15,2026-07-24T18:03:21+08:00,2026-07-24T18:03:22+08:00,1.3367262259707786,22,-82.5801773071289,-6.881681442260742,0.040906332433223724,True,0,
A0_seed_14016,A0,14016,success,1,0,/data/dxl/results/budget_aware_gating/development/generation/A0/14016/generated_crystals.extxyz,8dc5a124cee36a581b7ec9d4653ef194e8f51ce925068ca8942297869f417834,/data/dxl/results/budget_aware_gating/development/relaxed/A0/14016/relaxed_structure.extxyz,350088d336bceef10fb9b774c4377035699f109d525e0893dd43fe7e1d1127e1,6,1,2885531,2885531,/data/dxl/mattersim_weights/mattersim-v1.0.0-5M.pth,e3df9fa708725e3d453140646c7d1838324b347a3d1214cf1440522146f872b5,7f03d6f264731b26559d01cd047ccf8b1684febd703579905a09011620723f15,2026-07-24T18:03:21+08:00,2026-07-24T18:03:24+08:00,2.709232665016316,58,-153.62130737304688,-8.534517076280382,0.04824037104845047,True,0,
A0_seed_14017,A0,14017,success,1,0,/data/dxl/results/budget_aware_gating/development/generation/A0/14017/generated_crystals.extxyz,8da8916d128164addc87a598aa55e00e17edb3c5dec740309e12545478b324a7,/data/dxl/results/budget_aware_gating/development/relaxed/A0/14017/relaxed_structure.extxyz,53d6cff3a3ab92545ce4dff2481213aac191b7e28e3c26d87aed97434d0822e9,7,1,2885533,2885533,/data/dxl/mattersim_weights/mattersim-v1.0.0-5M.pth,e3df9fa708725e3d453140646c7d1838324b347a3d1214cf1440522146f872b5,7f03d6f264731b26559d01cd047ccf8b1684febd703579905a09011620723f15,2026-07-24T18:03:21+08:00,2026-07-24T18:03:22+08:00,0.9091131780296564,9,-27.283355712890625,-6.820838928222656,0.03006494790315628,True,0,
A0_seed_14018,A0,14018,success,1,0,/data/dxl/results/budget_aware_gating/development/generation/A0/14018/generated_crystals.extxyz,1987e9821577beae398cc566e1c7616c1d4065a57016d8a88100ec275b425fa5,/data/dxl/results/budget_aware_gating/development/relaxed/A0/14018/relaxed_structure.extxyz,df3948da21a84e7bb7233f0bf0d584901ab0689cede6e7217c151b7dce7de3d2,5,0,2885528,2885528,/data/dxl/mattersim_weights/mattersim-v1.0.0-5M.pth,e3df9fa708725e3d453140646c7d1838324b347a3d1214cf1440522146f872b5,7f03d6f264731b26559d01cd047ccf8b1684febd703579905a09011620723f15,2026-07-24T18:03:21+08:00,2026-07-24T18:03:22+08:00,0.7693360670236871,7,-104.28441619873047,-10.428441619873047,0.04270422086119652,True,0,
A0_seed_14019,A0,14019,success,1,0,/data/dxl/results/budget_aware_gating/development/generation/A0/14019/generated_crystals.extxyz,b87a1ac4ec91e410a7e4bcaafed677fcbf0c06e9d30596a9d3a926d9a0121517,/data/dxl/results/budget_aware_gating/development/relaxed/A0/14019/relaxed_structure.extxyz,a1edf825d4e42fa7a6fd8d27fbcbcb774d454202c9df53158e5f21383a8e3a0e,3,1,2885525,2885525,/data/dxl/mattersim_weights/mattersim-v1.0.0-5M.pth,e3df9fa708725e3d453140646c7d1838324b347a3d1214cf1440522146f872b5,7f03d6f264731b26559d01cd047ccf8b1684febd703579905a09011620723f15,2026-07-24T18:03:21+08:00,2026-07-24T18:03:22+08:00,0.950784410990309,28,-73.54415893554688,-8.171573215060764,0.01936689205467701,True,0,
A0_seed_14020,A0,14020,success,1,0,/data/dxl/results/budget_aware_gating/development/generation/A0/14020/generated_crystals.extxyz,14529d66f916fa077277c324b86930d2e57d97c136bf8e753b21faefda56d75c,/data/dxl/results/budget_aware_gating/development/relaxed/A0/14020/relaxed_structure.extxyz,08630d0fd70666aba700f3c865430c6028acabeed503ee7c1ca805ba1895ff4e,4,1,2885527,2885527,/data/dxl/mattersim_weights/mattersim-v1.0.0-5M.pth,e3df9fa708725e3d453140646c7d1838324b347a3d1214cf1440522146f872b5,7f03d6f264731b26559d01cd047ccf8b1684febd703579905a09011620723f15,2026-07-24T18:03:21+08:00,2026-07-24T18:03:22+08:00,0.9109667880111374,31,-22.077505111694336,-5.519376277923584,0.047176048159599304,True,0,
A0_seed_14021,A0,14021,success,1,0,/data/dxl/results/budget_aware_gating/development/generation/A0/14021/generated_crystals.extxyz,f2a65f27d916f1713960155175357e7484b6e97acee29e0acc48a10087ddabee,/data/dxl/results/budget_aware_gating/development/relaxed/A0/14021/relaxed_structure.extxyz,c3cafc29eddf175ec89296318ab4ae7b9f2fc6c6fae7f77ef72f23572c763c57,2,0,2885522,2885522,/data/dxl/mattersim_weights/mattersim-v1.0.0-5M.pth,e3df9fa708725e3d453140646c7d1838324b347a3d1214cf1440522146f872b5,7f03d6f264731b26559d01cd047ccf8b1684febd703579905a09011620723f15,2026-07-24T18:03:22+08:00,2026-07-24T18:03:23+08:00,1.285401338012889,49,-73.44239807128906,-8.160266452365452,0.03699280321598053,True,0,
A0_seed_14022,A0,14022,success,1,0,/data/dxl/results/budget_aware_gating/development/generation/A0/14022/generated_crystals.extxyz,83e4975337ef724543f82cac2eae725402d28d15b4a61ac86b9d664034bcd03e,/data/dxl/results/budget_aware_gating/development/relaxed/A0/14022/relaxed_structure.extxyz,08594fd9e3366329c9fd02e73a5ed7efa8207cea1d58e4eeff0b8c32000b4802,1,1,2885521,2885521,/data/dxl/mattersim_weights/mattersim-v1.0.0-5M.pth,e3df9fa708725e3d453140646c7d1838324b347a3d1214cf1440522146f872b5,7f03d6f264731b26559d01cd047ccf8b1684febd703579905a09011620723f15,2026-07-24T18:03:22+08:00,2026-07-24T18:03:23+08:00,1.535274005960673,40,-44.43824005126953,-7.406373341878255,0.03901376202702522,True,0,
A0_seed_14023,A0,14023,success,1,0,/data/dxl/results/budget_aware_gating/development/generation/A0/14023/generated_crystals.extxyz,1b69cb2e45d557747e85a4bc42f8b9ec812fb0ad583c513ba028ad391102449e,/data/dxl/results/budget_aware_gating/development/relaxed/A0/14023/relaxed_structure.extxyz,79210cc271d68c67f4f215f92bc6300e8a8a3af5cd284934f4286af0b54f3637,7,0,2885532,2885532,/data/dxl/mattersim_weights/mattersim-v1.0.0-5M.pth,e3df9fa708725e3d453140646c7d1838324b347a3d1214cf1440522146f872b5,7f03d6f264731b26559d01cd047ccf8b1684febd703579905a09011620723f15,2026-07-24T18:03:22+08:00,2026-07-24T18:03:22+08:00,0.6604223540052772,20,-79.63353729248047,-7.239412481134588,0.041685376316308975,True,0,
A0_seed_14024,A0,14024,success,1,0,/data/dxl/results/budget_aware_gating/development/generation/A0/14024/generated_crystals.extxyz,ea4b4dc3de1fdb8b6f1999ec3149b978a350a8ebe862b9888503de312b253d9d,/data/dxl/results/budget_aware_gating/development/relaxed/A0/14024/relaxed_structure.extxyz,c3785d45cf1ea57fb58891519747119f747d7747e3ea18a837b651c176fdb119,5,0,2885528,2885528,/data/dxl/mattersim_weights/mattersim-v1.0.0-5M.pth,e3df9fa708725e3d453140646c7d1838324b347a3d1214cf1440522146f872b5,7f03d6f264731b26559d01cd047ccf8b1684febd703579905a09011620723f15,2026-07-24T18:03:22+08:00,2026-07-24T18:03:24+08:00,1.7300996099947952,56,-87.05810546875,-7.254842122395833,0.044808611273765564,True,0,
A0_seed_14025,A0,14025,success,1,0,/data/dxl/results/budget_aware_gating/development/generation/A0/14025/generated_crystals.extxyz,db1d218e02e64ea647d410f98a393d9637a41558466eda86c508d13df149b193,/data/dxl/results/budget_aware_gating/development/relaxed/A0/14025/relaxed_structure.extxyz,cb2c389b80af91c58318c3f432eac5a749f77a5f9603a1da5d3b2367a2d37014,3,0,2885524,2885524,/data/dxl/mattersim_weights/mattersim-v1.0.0-5M.pth,e3df9fa708725e3d453140646c7d1838324b347a3d1214cf1440522146f872b5,7f03d6f264731b26559d01cd047ccf8b1684febd703579905a09011620723f15,2026-07-24T18:03:22+08:00,2026-07-24T18:03:22+08:00,0.21014370798366144,3,-32.433807373046875,-8.108451843261719,0.009794166311621666,True,0,
A0_seed_14026,A0,14026,success,1,0,/data/dxl/results/budget_aware_gating/development/generation/A0/14026/generated_crystals.extxyz,1211a19e2f5e05e3a9eedb13eb7e05f793439ec59c4b137258064f979a3fa87f,/data/dxl/results/budget_aware_gating/development/relaxed/A0/14026/relaxed_structure.extxyz,caa0ea6259fb583fa5cd7201f665a1bbee9c5509765901aab8df80a8db2a4845,7,1,2885533,2885533,/data/dxl/mattersim_weights/mattersim-v1.0.0-5M.pth,e3df9fa708725e3d453140646c7d1838324b347a3d1214cf1440522146f872b5,7f03d6f264731b26559d01cd047ccf8b1684febd703579905a09011620723f15,2026-07-24T18:03:22+08:00,2026-07-24T18:03:23+08:00,1.0451924999943003,27,-68.53529357910156,-6.853529357910157,0.04235682263970375,True,0,
A0_seed_14027,A0,14027,success,1,0,/data/dxl/results/budget_aware_gating/development/generation/A0/14027/generated_crystals.extxyz,76e7c285cfcc53e5844f445c0ffb5e49de66afb43a5b21106a4fbf815b3f6870,/data/dxl/results/budget_aware_gating/development/relaxed/A0/14027/relaxed_structure.extxyz,68a017d416090ff88a8ce7a2a405129ee3c8e084d7a12846f3b3634277685e5b,0,1,2885519,2885519,/data/dxl/mattersim_weights/mattersim-v1.0.0-5M.pth,e3df9fa708725e3d453140646c7d1838324b347a3d1214cf1440522146f872b5,7f03d6f264731b26559d01cd047ccf8b1684febd703579905a09011620723f15,2026-07-24T18:03:22+08:00,2026-07-24T18:03:24+08:00,1.861223798012361,50,-94.07466888427734,-7.839555740356445,0.048383381217718124,True,0,
A0_seed_14028,A0,14028,success,1,0,/data/dxl/results/budget_aware_gating/development/generation/A0/14028/generated_crystals.extxyz,a6a213e50c124443641673040bb7253b3ba452c3656cfd44bf8ba8944cad555e,/data/dxl/results/budget_aware_gating/development/relaxed/A0/14028/relaxed_structure.extxyz,e4af20a97d4b7695cc23e4ad45edabc99f4d266f6d5605fcd2c7d5a4d9de43f8,4,0,2885526,2885526,/data/dxl/mattersim_weights/mattersim-v1.0.0-5M.pth,e3df9fa708725e3d453140646c7d1838324b347a3d1214cf1440522146f872b5,7f03d6f264731b26559d01cd047ccf8b1684febd703579905a09011620723f15,2026-07-24T18:03:22+08:00,2026-07-24T18:03:22+08:00,0.3521279609994963,4,-28.134498596191406,-7.033624649047852,0.006333038676530123,True,0,
A0_seed_14029,A0,14029,success,1,0,/data/dxl/results/budget_aware_gating/development/generation/A0/14029/generated_crystals.extxyz,b11663f18c52bbfd332c00c097fcdf81c9c0dad8c02d006fdca086a0cb8a3b22,/data/dxl/results/budget_aware_gating/development/relaxed/A0/14029/relaxed_structure.extxyz,eddf16489b7e0a298997ead23488192ef1b271580cce739c0e18148b5e66014d,3,1,2885525,2885525,/data/dxl/mattersim_weights/mattersim-v1.0.0-5M.pth,e3df9fa708725e3d453140646c7d1838324b347a3d1214cf1440522146f872b5,7f03d6f264731b26559d01cd047ccf8b1684febd703579905a09011620723f15,2026-07-24T18:03:22+08:00,2026-07-24T18:03:23+08:00,0.5768194560077973,12,-62.22523880004883,-7.7781548500061035,0.04250243678689003,True,0,
A0_seed_14030,A0,14030,success,1,0,/data/dxl/results/budget_aware_gating/development/generation/A0/14030/generated_crystals.extxyz,022fec51b63a28d37f0505bd835628d9d997bd9cbd7a22a73b9b65c28efa3d30,/data/dxl/results/budget_aware_gating/development/relaxed/A0/14030/relaxed_structure.extxyz,a654d53c383e01f5698ef89ba77eee165e673216ab7d583b39df87061e827d10,3,0,2885524,2885524,/data/dxl/mattersim_weights/mattersim-v1.0.0-5M.pth,e3df9fa708725e3d453140646c7d1838324b347a3d1214cf1440522146f872b5,7f03d6f264731b26559d01cd047ccf8b1684febd703579905a09011620723f15,2026-07-24T18:03:22+08:00,2026-07-24T18:03:23+08:00,0.8608730889973231,22,-34.785701751708984,-8.696425437927246,0.02595408260822296,True,0,
A0_seed_14031,A0,14031,success,1,0,/data/dxl/results/budget_aware_gating/development/generation/A0/14031/generated_crystals.extxyz,6bbf1a17ca9cdf8498dfdf1ea698a8ca4073719afd051f86f95d46d26882b6d3,/data/dxl/results/budget_aware_gating/development/relaxed/A0/14031/relaxed_structure.extxyz,0a726376c6e9a0308c597b6e605104bbba843ea2ac210950c61fd26115569b14,4,1,2885527,2885527,/data/dxl/mattersim_weights/mattersim-v1.0.0-5M.pth,e3df9fa708725e3d453140646c7d1838324b347a3d1214cf1440522146f872b5,7f03d6f264731b26559d01cd047ccf8b1684febd703579905a09011620723f15,2026-07-24T18:03:22+08:00,2026-07-24T18:03:23+08:00,0.7190033079823479,25,-55.926448822021484,-6.9908061027526855,0.045178160071372986,True,0,
G1_seed_14000,G1,14000,success,1,0,/data/dxl/results/budget_aware_gating/development/generation/G1/14000/generated_crystals.extxyz,fd2da93dbde0ca0f42b7af1d4dd816a9d4b5d393b23c4b84856d13e737bfa2c8,/data/dxl/results/budget_aware_gating/development/relaxed/G1/14000/relaxed_structure.extxyz,6b2e2af04db121dec55eef15d385e08984aadf85ae13051ca13555f6a37e7188,2,1,2885523,2885523,/data/dxl/mattersim_weights/mattersim-v1.0.0-5M.pth,e3df9fa708725e3d453140646c7d1838324b347a3d1214cf1440522146f872b5,7f03d6f264731b26559d01cd047ccf8b1684febd703579905a09011620723f15,2026-07-24T18:03:22+08:00,2026-07-24T18:03:25+08:00,2.582016210013535,82,-185.96046447753906,-9.298023223876953,0.049118898808956146,True,0,
G1_seed_14001,G1,14001,success,1,0,/data/dxl/results/budget_aware_gating/development/generation/G1/14001/generated_crystals.extxyz,3d0a4a2b81135376faeea22e0031bf9571dd73bc51ea857a9d0e697aff62e831,/data/dxl/results/budget_aware_gating/development/relaxed/G1/14001/relaxed_structure.extxyz,c45779717519318c968f0b3a0fe2acd7475151db4abba0c8646286ece6330b2a,7,0,2885532,2885532,/data/dxl/mattersim_weights/mattersim-v1.0.0-5M.pth,e3df9fa708725e3d453140646c7d1838324b347a3d1214cf1440522146f872b5,7f03d6f264731b26559d01cd047ccf8b1684febd703579905a09011620723f15,2026-07-24T18:03:22+08:00,2026-07-24T18:03:23+08:00,0.8419019849970937,21,-59.239009857177734,-7.404876232147217,0.039592184126377106,True,0,
G1_seed_14002,G1,14002,success,1,0,/data/dxl/results/budget_aware_gating/development/generation/G1/14002/generated_crystals.extxyz,7ee1c40e2cbc2a8f5da8fe129a0d509fdefc47d4944e19ab4afc559c9f397e1d,/data/dxl/results/budget_aware_gating/development/relaxed/G1/14002/relaxed_structure.extxyz,0928c90d3492fa07f7893ba0f5ab655b6050ec049091fcb6a2ff0884bbc1cc2a,4,0,2885526,2885526,/data/dxl/mattersim_weights/mattersim-v1.0.0-5M.pth,e3df9fa708725e3d453140646c7d1838324b347a3d1214cf1440522146f872b5,7f03d6f264731b26559d01cd047ccf8b1684febd703579905a09011620723f15,2026-07-24T18:03:22+08:00,2026-07-24T18:03:23+08:00,0.7230317019857466,25,-64.12274932861328,-8.01534366607666,0.04492330551147461,True,0,
G1_seed_14003,G1,14003,success,1,0,/data/dxl/results/budget_aware_gating/development/generation/G1/14003/generated_crystals.extxyz,5dc1b4808e8d8b9b782122d07df2b7a9822b4b3f225b24f3e7f234a9d00ac327,/data/dxl/results/budget_aware_gating/development/relaxed/G1/14003/relaxed_structure.extxyz,162e2ece352cdf5ce703be83b318052557c623042a5143f9ac2a9b6dc1327944,3,1,2885525,2885525,/data/dxl/mattersim_weights/mattersim-v1.0.0-5M.pth,e3df9fa708725e3d453140646c7d1838324b347a3d1214cf1440522146f872b5,7f03d6f264731b26559d01cd047ccf8b1684febd703579905a09011620723f15,2026-07-24T18:03:23+08:00,2026-07-24T18:03:23+08:00,0.5492543680011295,19,-75.74993896484375,-7.574993896484375,0.048520538955926895,True,0,
G1_seed_14004,G1,14004,success,1,0,/data/dxl/results/budget_aware_gating/development/generation/G1/14004/generated_crystals.extxyz,afcf0a919f331d252fc04fb301611ddeb2b90be2a312f12ae32df190e222be73,/data/dxl/results/budget_aware_gating/development/relaxed/G1/14004/relaxed_structure.extxyz,c7d0c9b8a55e3a93820cb05f6c34f04b9e745886757c7e316adc63b0296e8acc,2,0,2885522,2885522,/data/dxl/mattersim_weights/mattersim-v1.0.0-5M.pth,e3df9fa708725e3d453140646c7d1838324b347a3d1214cf1440522146f872b5,7f03d6f264731b26559d01cd047ccf8b1684febd703579905a09011620723f15,2026-07-24T18:03:23+08:00,2026-07-24T18:03:24+08:00,0.8146383480052464,29,-43.25144958496094,-8.650289916992188,0.04493052139878273,True,0,
G1_seed_14005,G1,14005,success,1,0,/data/dxl/results/budget_aware_gating/development/generation/G1/14005/generated_crystals.extxyz,55bb5a2d681d50d2db1c9fde3ec8e80fceb3b0b7f7349b73c00b5e6f18887586,/data/dxl/results/budget_aware_gating/development/relaxed/G1/14005/relaxed_structure.extxyz,b60051d8afbb6874747d0332b670893d2a5760d0e6746a6a55dbc2a73726f637,5,1,2885529,2885529,/data/dxl/mattersim_weights/mattersim-v1.0.0-5M.pth,e3df9fa708725e3d453140646c7d1838324b347a3d1214cf1440522146f872b5,7f03d6f264731b26559d01cd047ccf8b1684febd703579905a09011620723f15,2026-07-24T18:03:23+08:00,2026-07-24T18:03:23+08:00,0.40175176598131657,12,-29.099376678466797,-7.274844169616699,0.037815291434526443,True,0,
G1_seed_14006,G1,14006,success,1,0,/data/dxl/results/budget_aware_gating/development/generation/G1/14006/generated_crystals.extxyz,821c309f3b70f1c7ec2c139f7419f1cae4f9f28ff69b0607b478b4dbeda2977e,/data/dxl/results/budget_aware_gating/development/relaxed/G1/14006/relaxed_structure.extxyz,6b47f5483c2254fadfac15e9963a2dec79e5c2b4f20ccb4594196e0d501d5299,4,1,2885527,2885527,/data/dxl/mattersim_weights/mattersim-v1.0.0-5M.pth,e3df9fa708725e3d453140646c7d1838324b347a3d1214cf1440522146f872b5,7f03d6f264731b26559d01cd047ccf8b1684febd703579905a09011620723f15,2026-07-24T18:03:23+08:00,2026-07-24T18:03:24+08:00,0.7244525740388781,25,-38.06022262573242,-6.34337043762207,0.04734287038445473,True,0,
G1_seed_14007,G1,14007,success,1,0,/data/dxl/results/budget_aware_gating/development/generation/G1/14007/generated_crystals.extxyz,a877c3b869de4f3afdbb90343adeee6e5832ebaf9166f86345bebc8dc2de9909,/data/dxl/results/budget_aware_gating/development/relaxed/G1/14007/relaxed_structure.extxyz,2b5b2bd7df5036ff4fc5dcb5c0ffb1db34f9cd446afaf0f421fd7db256b45401,3,0,2885524,2885524,/data/dxl/mattersim_weights/mattersim-v1.0.0-5M.pth,e3df9fa708725e3d453140646c7d1838324b347a3d1214cf1440522146f872b5,7f03d6f264731b26559d01cd047ccf8b1684febd703579905a09011620723f15,2026-07-24T18:03:23+08:00,2026-07-24T18:03:23+08:00,0.08284366899169981,3,-86.57188415527344,-9.619098239474827,0.04228759557008743,True,0,
G1_seed_14008,G1,14008,success,1,0,/data/dxl/results/budget_aware_gating/development/generation/G1/14008/generated_crystals.extxyz,d5e633a1b8b25dd37c957a1b8a1709cf6b212a82b0cd3c6fbe1928ab12e32ccd,/data/dxl/results/budget_aware_gating/development/relaxed/G1/14008/relaxed_structure.extxyz,315b380012d110f5394b2d5fed5e1522ed02646a5a16db41252d91408556aa53,7,1,2885533,2885533,/data/dxl/mattersim_weights/mattersim-v1.0.0-5M.pth,e3df9fa708725e3d453140646c7d1838324b347a3d1214cf1440522146f872b5,7f03d6f264731b26559d01cd047ccf8b1684febd703579905a09011620723f15,2026-07-24T18:03:23+08:00,2026-07-24T18:03:38+08:00,15.382202195003629,500,-172.87908935546875,-9.604393853081596,0.04523148015141487,False,0,
G1_seed_14009,G1,14009,success,1,0,/data/dxl/results/budget_aware_gating/development/generation/G1/14009/generated_crystals.extxyz,14cbba181fb02af967c28e27374fbff08948c5e5b48c86f7e019cf680e9a4025,/data/dxl/results/budget_aware_gating/development/relaxed/G1/14009/relaxed_structure.extxyz,d077201a2437f0e1a29bf526624420ea3dcaab9f6f5f8f90b5d18faab5904b16,3,0,2885524,2885524,/data/dxl/mattersim_weights/mattersim-v1.0.0-5M.pth,e3df9fa708725e3d453140646c7d1838324b347a3d1214cf1440522146f872b5,7f03d6f264731b26559d01cd047ccf8b1684febd703579905a09011620723f15,2026-07-24T18:03:23+08:00,2026-07-24T18:03:24+08:00,1.4245066599687561,50,-55.977806091308594,-6.997225761413574,0.029521385207772255,True,0,
G1_seed_14010,G1,14010,success,1,0,/data/dxl/results/budget_aware_gating/development/generation/G1/14010/generated_crystals.extxyz,623c879ecbc2ecb1b9f01bb3f00ab5d1f80d8e4b4967b2ea4a72ff882273051f,/data/dxl/results/budget_aware_gating/development/relaxed/G1/14010/relaxed_structure.extxyz,e83af80dce0fa05d5715fcfd9915f7005dcda4957ac71127c1ab88fea0520a99,4,0,2885526,2885526,/data/dxl/mattersim_weights/mattersim-v1.0.0-5M.pth,e3df9fa708725e3d453140646c7d1838324b347a3d1214cf1440522146f872b5,7f03d6f264731b26559d01cd047ccf8b1684febd703579905a09011620723f15,2026-07-24T18:03:23+08:00,2026-07-24T18:03:24+08:00,0.973856808966957,33,-78.00679016113281,-7.800679016113281,0.027800260111689568,True,0,
G1_seed_14011,G1,14011,success,1,0,/data/dxl/results/budget_aware_gating/development/generation/G1/14011/generated_crystals.extxyz,c3b8de7fc7d6c67b86e7093751c68de2e39e9a3e3ebe2684180549cc5a8f694f,/data/dxl/results/budget_aware_gating/development/relaxed/G1/14011/relaxed_structure.extxyz,0a41bd416ff56070f37e445f452903751ac25396ddebaef16054d5943f29a934,1,1,2885521,2885521,/data/dxl/mattersim_weights/mattersim-v1.0.0-5M.pth,e3df9fa708725e3d453140646c7d1838324b347a3d1214cf1440522146f872b5,7f03d6f264731b26559d01cd047ccf8b1684febd703579905a09011620723f15,2026-07-24T18:03:23+08:00,2026-07-24T18:03:24+08:00,0.4824048970476724,16,-40.80864334106445,-8.161728668212891,0.03270765766501427,True,0,
G1_seed_14012,G1,14012,success,1,0,/data/dxl/results/budget_aware_gating/development/generation/G1/14012/generated_crystals.extxyz,44ebf564bdf00552a8713fc4d225b83094d2edd434ee4684a965b96d64ec30cd,/data/dxl/results/budget_aware_gating/development/relaxed/G1/14012/relaxed_structure.extxyz,975608111933bbc8b793087e132e03463709747911c7686cdc49bacc68f7f39f,3,1,2885525,2885525,/data/dxl/mattersim_weights/mattersim-v1.0.0-5M.pth,e3df9fa708725e3d453140646c7d1838324b347a3d1214cf1440522146f872b5,7f03d6f264731b26559d01cd047ccf8b1684febd703579905a09011620723f15,2026-07-24T18:03:23+08:00,2026-07-24T18:03:24+08:00,0.7051148299942724,25,-36.490482330322266,-6.081747055053711,0.048716530203819275,True,0,
G1_seed_14013,G1,14013,success,1,0,/data/dxl/results/budget_aware_gating/development/generation/G1/14013/generated_crystals.extxyz,04e9cca05e72ea0b753e55084c8299cd5c316dc5b16e774620cddb8ebb525ced,/data/dxl/results/budget_aware_gating/development/relaxed/G1/14013/relaxed_structure.extxyz,43a81fd0c73d22860df60a5f8e72732e4b1d8ac92386e43c624e5e93d5ad4afd,7,0,2885532,2885532,/data/dxl/mattersim_weights/mattersim-v1.0.0-5M.pth,e3df9fa708725e3d453140646c7d1838324b347a3d1214cf1440522146f872b5,7f03d6f264731b26559d01cd047ccf8b1684febd703579905a09011620723f15,2026-07-24T18:03:23+08:00,2026-07-24T18:03:24+08:00,0.9733466129982844,34,-89.27020263671875,-7.4391835530598955,0.048675764352083206,True,0,
G1_seed_14014,G1,14014,success,1,0,/data/dxl/results/budget_aware_gating/development/generation/G1/14014/generated_crystals.extxyz,089451b75d7bb8cd003d38fc61e1845739adf84ac05a8d789c554f73875af5b9,/data/dxl/results/budget_aware_gating/development/relaxed/G1/14014/relaxed_structure.extxyz,e3293103add18e5ba6c9e999de61e2ddf8df78870f55d5325724e795af9ae2fa,5,1,2885529,2885529,/data/dxl/mattersim_weights/mattersim-v1.0.0-5M.pth,e3df9fa708725e3d453140646c7d1838324b347a3d1214cf1440522146f872b5,7f03d6f264731b26559d01cd047ccf8b1684febd703579905a09011620723f15,2026-07-24T18:03:23+08:00,2026-07-24T18:03:24+08:00,0.9620084509951994,31,-40.18901824951172,-10.04725456237793,0.016651755198836327,True,0,
G1_seed_14015,G1,14015,success,1,0,/data/dxl/results/budget_aware_gating/development/generation/G1/14015/generated_crystals.extxyz,aa563a01d9833eafdd73dd4dbc372a2de70d31fed1996f716c0fdb699005c153,/data/dxl/results/budget_aware_gating/development/relaxed/G1/14015/relaxed_structure.extxyz,9d37256810ae43e84733cdc98f45ebf3def49e4d720fda49c2af50b75fcaa5b8,5,0,2885528,2885528,/data/dxl/mattersim_weights/mattersim-v1.0.0-5M.pth,e3df9fa708725e3d453140646c7d1838324b347a3d1214cf1440522146f872b5,7f03d6f264731b26559d01cd047ccf8b1684febd703579905a09011620723f15,2026-07-24T18:03:24+08:00,2026-07-24T18:03:24+08:00,0.7428600830025971,18,-83.39454650878906,-6.949545542399089,0.01735265739262104,True,0,
G1_seed_14016,G1,14016,success,1,0,/data/dxl/results/budget_aware_gating/development/generation/G1/14016/generated_crystals.extxyz,1768b6b1ec02f0546d888a19615b8b19dcd4f343650fe68c01a9fe54dd2b7212,/data/dxl/results/budget_aware_gating/development/relaxed/G1/14016/relaxed_structure.extxyz,4dc311ee881ca131b12ad24e7c95dfede905ef44ce363e4a89f3cb3ac442808a,2,0,2885522,2885522,/data/dxl/mattersim_weights/mattersim-v1.0.0-5M.pth,e3df9fa708725e3d453140646c7d1838324b347a3d1214cf1440522146f872b5,7f03d6f264731b26559d01cd047ccf8b1684febd703579905a09011620723f15,2026-07-24T18:03:24+08:00,2026-07-24T18:03:25+08:00,1.6424835310317576,60,-161.8008270263672,-8.988934834798178,0.02655877359211445,True,0,
G1_seed_14017,G1,14017,success,1,0,/data/dxl/results/budget_aware_gating/development/generation/G1/14017/generated_crystals.extxyz,d24529ed2b0db2612af201d84bd33f92c958e4bd80910378f48a1ed934769310,/data/dxl/results/budget_aware_gating/development/relaxed/G1/14017/relaxed_structure.extxyz,53c1556f6a74056225d2b7a5587a70d0f6a303cd039e7bdee81857f58f43584c,1,1,2885521,2885521,/data/dxl/mattersim_weights/mattersim-v1.0.0-5M.pth,e3df9fa708725e3d453140646c7d1838324b347a3d1214cf1440522146f872b5,7f03d6f264731b26559d01cd047ccf8b1684febd703579905a09011620723f15,2026-07-24T18:03:24+08:00,2026-07-24T18:03:24+08:00,0.14238071703584865,5,-27.30988121032715,-6.827470302581787,0.0053843348287045956,True,0,
G1_seed_14018,G1,14018,success,1,0,/data/dxl/results/budget_aware_gating/development/generation/G1/14018/generated_crystals.extxyz,f343db3bfd4621f9b9dc4641ba38d7fb075ce922e27a07c233a1bd7b60b5b53f,/data/dxl/results/budget_aware_gating/development/relaxed/G1/14018/relaxed_structure.extxyz,72e1f7736f83953d286faee0961e75f5364f59864b0800773901ee9741f37f11,1,0,2885520,2885520,/data/dxl/mattersim_weights/mattersim-v1.0.0-5M.pth,e3df9fa708725e3d453140646c7d1838324b347a3d1214cf1440522146f872b5,7f03d6f264731b26559d01cd047ccf8b1684febd703579905a09011620723f15,2026-07-24T18:03:24+08:00,2026-07-24T18:03:25+08:00,1.1638088710024022,40,-97.81057739257812,-9.781057739257813,0.04446490854024887,True,0,
G1_seed_14019,G1,14019,success,1,0,/data/dxl/results/budget_aware_gating/development/generation/G1/14019/generated_crystals.extxyz,e956966b836c7ffe897dc7e79a7e87291f3db3ea96fd735184c6840c42425108,/data/dxl/results/budget_aware_gating/development/relaxed/G1/14019/relaxed_structure.extxyz,745f8c5ee6e36d0581060944c5e468c844707c3e4ff8b8f6d9bff2afa1786239,4,1,2885527,2885527,/data/dxl/mattersim_weights/mattersim-v1.0.0-5M.pth,e3df9fa708725e3d453140646c7d1838324b347a3d1214cf1440522146f872b5,7f03d6f264731b26559d01cd047ccf8b1684febd703579905a09011620723f15,2026-07-24T18:03:24+08:00,2026-07-24T18:03:24+08:00,0.5974247120320797,20,-59.99461364746094,-6.666068183051215,0.04748765751719475,True,0,
G1_seed_14020,G1,14020,success,1,0,/data/dxl/results/budget_aware_gating/development/generation/G1/14020/generated_crystals.extxyz,cd0a235ac64bf28319c10c2e62e481832c59454b36dbeaee91e19c4188060ee9,/data/dxl/results/budget_aware_gating/development/relaxed/G1/14020/relaxed_structure.extxyz,8179468dd116a6d11e16bece576ac9d249d87b289d4fcee39c7b9cd7d9e11a3f,6,1,2885531,2885531,/data/dxl/mattersim_weights/mattersim-v1.0.0-5M.pth,e3df9fa708725e3d453140646c7d1838324b347a3d1214cf1440522146f872b5,7f03d6f264731b26559d01cd047ccf8b1684febd703579905a09011620723f15,2026-07-24T18:03:24+08:00,2026-07-24T18:03:24+08:00,0.06170765502611175,2,-34.19550704956055,-8.548876762390137,0.0016274251975119114,True,0,
G1_seed_14021,G1,14021,success,1,0,/data/dxl/results/budget_aware_gating/development/generation/G1/14021/generated_crystals.extxyz,2d596df7b9ba90132f8514ca34ffebc720179b7334440cf3feeb1515f9d2f7e0,/data/dxl/results/budget_aware_gating/development/relaxed/G1/14021/relaxed_structure.extxyz,f56786f5f8138d84db564fed2c5c5dd7fb87d5993c452a6de273fd1a482c4444,6,1,2885531,2885531,/data/dxl/mattersim_weights/mattersim-v1.0.0-5M.pth,e3df9fa708725e3d453140646c7d1838324b347a3d1214cf1440522146f872b5,7f03d6f264731b26559d01cd047ccf8b1684febd703579905a09011620723f15,2026-07-24T18:03:24+08:00,2026-07-24T18:03:24+08:00,0.6737466149497777,21,-75.75279998779297,-8.41697777642144,0.03139737248420715,True,0,
G1_seed_14022,G1,14022,success,1,0,/data/dxl/results/budget_aware_gating/development/generation/G1/14022/generated_crystals.extxyz,ff01297659afbd7b3874f5d44680dc2d6957d1fa7579aaf6df3d1113f2b4a247,/data/dxl/results/budget_aware_gating/development/relaxed/G1/14022/relaxed_structure.extxyz,6f7fb8b4facb287466351c0cf9452390b6421712d72f1c1c1aaf6cb85ee6164d,1,1,2885521,2885521,/data/dxl/mattersim_weights/mattersim-v1.0.0-5M.pth,e3df9fa708725e3d453140646c7d1838324b347a3d1214cf1440522146f872b5,7f03d6f264731b26559d01cd047ccf8b1684febd703579905a09011620723f15,2026-07-24T18:03:24+08:00,2026-07-24T18:03:24+08:00,0.2871565179666504,10,-44.29450988769531,-7.382418314615886,0.03298677131533623,True,0,
G1_seed_14023,G1,14023,success,1,0,/data/dxl/results/budget_aware_gating/development/generation/G1/14023/generated_crystals.extxyz,d7a75d46daf094bd08bf813d8e92b41fd1f22bbc848343f91ad3d93b95951fb0,/data/dxl/results/budget_aware_gating/development/relaxed/G1/14023/relaxed_structure.extxyz,90b58c7e3402e901d07f20ea11e03dbbbec7fcefcc6ebb819f264e61da38270a,0,1,2885519,2885519,/data/dxl/mattersim_weights/mattersim-v1.0.0-5M.pth,e3df9fa708725e3d453140646c7d1838324b347a3d1214cf1440522146f872b5,7f03d6f264731b26559d01cd047ccf8b1684febd703579905a09011620723f15,2026-07-24T18:03:24+08:00,2026-07-24T18:03:26+08:00,2.395095034968108,84,-70.76080322265625,-6.43280029296875,0.04636365547776222,True,0,
G1_seed_14024,G1,14024,success,1,0,/data/dxl/results/budget_aware_gating/development/generation/G1/14024/generated_crystals.extxyz,fa2ab3c994d454dfa516a47f16bc8ccc0d9413d7afa644a82b9381406fc55fde,/data/dxl/results/budget_aware_gating/development/relaxed/G1/14024/relaxed_structure.extxyz,ad101747a49610a34910d1b97915dacde6495129d439abd1796642f2ea6f9a27,3,1,2885525,2885525,/data/dxl/mattersim_weights/mattersim-v1.0.0-5M.pth,e3df9fa708725e3d453140646c7d1838324b347a3d1214cf1440522146f872b5,7f03d6f264731b26559d01cd047ccf8b1684febd703579905a09011620723f15,2026-07-24T18:03:24+08:00,2026-07-24T18:03:26+08:00,2.1406677839695476,77,-87.69926452636719,-7.308272043863933,0.04863036796450615,True,0,
G1_seed_14025,G1,14025,success,1,0,/data/dxl/results/budget_aware_gating/development/generation/G1/14025/generated_crystals.extxyz,228af5e5485236cc546fe92cfc351e37496c7633c2bca5f4a2049222dc63f86b,/data/dxl/results/budget_aware_gating/development/relaxed/G1/14025/relaxed_structure.extxyz,228af5e5485236cc546fe92cfc351e37496c7633c2bca5f4a2049222dc63f86b,1,1,2885521,2885521,/data/dxl/mattersim_weights/mattersim-v1.0.0-5M.pth,e3df9fa708725e3d453140646c7d1838324b347a3d1214cf1440522146f872b5,7f03d6f264731b26559d01cd047ccf8b1684febd703579905a09011620723f15,2026-07-24T18:03:24+08:00,2026-07-24T18:03:24+08:00,0.028878237993922085,1,-32.39111328125,-8.0977783203125,0.0013568593421950936,True,0,
G1_seed_14026,G1,14026,success,1,0,/data/dxl/results/budget_aware_gating/development/generation/G1/14026/generated_crystals.extxyz,a3f35b39a4223167047a3942304d9de44bf20d2729f7c07116f7e329afefddac,/data/dxl/results/budget_aware_gating/development/relaxed/G1/14026/relaxed_structure.extxyz,f87af5971e565698ac011a1382c451ec126faa5095e9225b49519fe62f9b9c5c,4,0,2885526,2885526,/data/dxl/mattersim_weights/mattersim-v1.0.0-5M.pth,e3df9fa708725e3d453140646c7d1838324b347a3d1214cf1440522146f872b5,7f03d6f264731b26559d01cd047ccf8b1684febd703579905a09011620723f15,2026-07-24T18:03:24+08:00,2026-07-24T18:03:25+08:00,0.5929279249976389,20,-68.24317932128906,-6.824317932128906,0.025745786726474762,True,0,
G1_seed_14027,G1,14027,success,1,0,/data/dxl/results/budget_aware_gating/development/generation/G1/14027/generated_crystals.extxyz,4fdadeabdc518eb8c9f3dcf6d61d6c7ce1907e1d4c08bc08aedc020556df4a1c,/data/dxl/results/budget_aware_gating/development/relaxed/G1/14027/relaxed_structure.extxyz,1fd06c441caed2d673e5d30723a75d2ef5ab106d8a52edd414c602f493ad0a6d,1,1,2885521,2885521,/data/dxl/mattersim_weights/mattersim-v1.0.0-5M.pth,e3df9fa708725e3d453140646c7d1838324b347a3d1214cf1440522146f872b5,7f03d6f264731b26559d01cd047ccf8b1684febd703579905a09011620723f15,2026-07-24T18:03:24+08:00,2026-07-24T18:03:31+08:00,6.5007630420150235,252,-97.20932006835938,-8.100776672363281,0.04338403791189194,True,0,
G1_seed_14028,G1,14028,success,1,0,/data/dxl/results/budget_aware_gating/development/generation/G1/14028/generated_crystals.extxyz,8e1b2979ecd4bd6338d3f30d941c95c0ce73e8d1a7cca9836e72847f04eaf42d,/data/dxl/results/budget_aware_gating/development/relaxed/G1/14028/relaxed_structure.extxyz,4b77a595203e572a741d7cbf665cc88e4b3ae5bb606a0377764a06a01968855a,7,0,2885532,2885532,/data/dxl/mattersim_weights/mattersim-v1.0.0-5M.pth,e3df9fa708725e3d453140646c7d1838324b347a3d1214cf1440522146f872b5,7f03d6f264731b26559d01cd047ccf8b1684febd703579905a09011620723f15,2026-07-24T18:03:24+08:00,2026-07-24T18:03:24+08:00,0.16906536498572677,6,-36.358089447021484,-9.089522361755371,0.002336538629606366,True,0,
G1_seed_14029,G1,14029,success,1,0,/data/dxl/results/budget_aware_gating/development/generation/G1/14029/generated_crystals.extxyz,8d47c02cbf72db8cfc1f9abfa01452676e5cb8dbb2090f0ba56d9b3c178b737c,/data/dxl/results/budget_aware_gating/development/relaxed/G1/14029/relaxed_structure.extxyz,b8d3cb8603da0f91984e5702e3bcf89856b1b815e18b7907b7abed2494cc88ce,4,1,2885527,2885527,/data/dxl/mattersim_weights/mattersim-v1.0.0-5M.pth,e3df9fa708725e3d453140646c7d1838324b347a3d1214cf1440522146f872b5,7f03d6f264731b26559d01cd047ccf8b1684febd703579905a09011620723f15,2026-07-24T18:03:24+08:00,2026-07-24T18:03:26+08:00,1.2666618909570388,43,-56.01327896118164,-7.001659870147705,0.044864263385534286,True,0,
G1_seed_14030,G1,14030,success,1,0,/data/dxl/results/budget_aware_gating/development/generation/G1/14030/generated_crystals.extxyz,98ed8ada3c439dd99de3947cc551a07a0388b9d55130929c16a104a88c72566e,/data/dxl/results/budget_aware_gating/development/relaxed/G1/14030/relaxed_structure.extxyz,5e930a310369413b23c40c7b17eff9551b989e94332e4677a0d37be14f9869b5,5,1,2885529,2885529,/data/dxl/mattersim_weights/mattersim-v1.0.0-5M.pth,e3df9fa708725e3d453140646c7d1838324b347a3d1214cf1440522146f872b5,7f03d6f264731b26559d01cd047ccf8b1684febd703579905a09011620723f15,2026-07-24T18:03:24+08:00,2026-07-24T18:03:25+08:00,0.2863372979918495,9,-33.801048278808594,-8.450262069702148,0.0065794438123703,True,0,
G1_seed_14031,G1,14031,success,1,0,/data/dxl/results/budget_aware_gating/development/generation/G1/14031/generated_crystals.extxyz,f610a225103b7c069fc9e8eb54f89c86ee8948bc357a569722ab10052b479fea,/data/dxl/results/budget_aware_gating/development/relaxed/G1/14031/relaxed_structure.extxyz,08b2cf8609040c861e2a076579290ab5422d258645407b7d4289107861f70a8e,5,0,2885528,2885528,/data/dxl/mattersim_weights/mattersim-v1.0.0-5M.pth,e3df9fa708725e3d453140646c7d1838324b347a3d1214cf1440522146f872b5,7f03d6f264731b26559d01cd047ccf8b1684febd703579905a09011620723f15,2026-07-24T18:03:24+08:00,2026-07-24T18:03:26+08:00,1.8187371109961532,62,-54.503787994384766,-6.812973499298096,0.030026033520698547,True,0,
G2_seed_14000,G2,14000,success,1,0,/data/dxl/results/budget_aware_gating/development/generation/G2/14000/generated_crystals.extxyz,30858e0bb4d19afd0624c34a38d5050ee0ebba8ec6af9ee6cb407404f36dc601,/data/dxl/results/budget_aware_gating/development/relaxed/G2/14000/relaxed_structure.extxyz,ae0feb27043bb869bf0d138529c37a2c23d2544e82908e0ebfb377ab75b5ecd6,7,0,2885532,2885532,/data/dxl/mattersim_weights/mattersim-v1.0.0-5M.pth,e3df9fa708725e3d453140646c7d1838324b347a3d1214cf1440522146f872b5,7f03d6f264731b26559d01cd047ccf8b1684febd703579905a09011620723f15,2026-07-24T18:03:24+08:00,2026-07-24T18:03:27+08:00,2.187343224999495,76,-186.41326904296875,-9.320663452148438,0.04913409799337387,True,0,
G2_seed_14001,G2,14001,success,1,0,/data/dxl/results/budget_aware_gating/development/generation/G2/14001/generated_crystals.extxyz,135d7eeeaa8041adef1b9ce10518b3dadd51fa6faf0bb82e5904835531177bc9,/data/dxl/results/budget_aware_gating/development/relaxed/G2/14001/relaxed_structure.extxyz,f74ba320eb9a0d88acd74b1c6d993ab45ff173678852321084e466ed457a51a3,6,1,2885531,2885531,/data/dxl/mattersim_weights/mattersim-v1.0.0-5M.pth,e3df9fa708725e3d453140646c7d1838324b347a3d1214cf1440522146f872b5,7f03d6f264731b26559d01cd047ccf8b1684febd703579905a09011620723f15,2026-07-24T18:03:24+08:00,2026-07-24T18:03:25+08:00,0.8340193670010194,27,-54.15792465209961,-6.769740581512451,0.044132184237241745,True,0,
G2_seed_14002,G2,14002,success,1,0,/data/dxl/results/budget_aware_gating/development/generation/G2/14002/generated_crystals.extxyz,15a7612f2588efc2ddee0c86c2a989ce1049c26bc6e5c0b86b5b28cf4214c938,/data/dxl/results/budget_aware_gating/development/relaxed/G2/14002/relaxed_structure.extxyz,e2d1800324f10d3883b5f07189e4c231e614a837c5774f86284e626de790c96f,3,0,2885524,2885524,/data/dxl/mattersim_weights/mattersim-v1.0.0-5M.pth,e3df9fa708725e3d453140646c7d1838324b347a3d1214cf1440522146f872b5,7f03d6f264731b26559d01cd047ccf8b1684febd703579905a09011620723f15,2026-07-24T18:03:24+08:00,2026-07-24T18:03:25+08:00,0.44946306198835373,16,-73.33778381347656,-9.16722297668457,0.049654770642519,True,0,
G2_seed_14003,G2,14003,success,1,0,/data/dxl/results/budget_aware_gating/development/generation/G2/14003/generated_crystals.extxyz,6c70eb22ccd652d878a939b668b26bade49dee3ee163dc97f62ccac9ad8c072c,/data/dxl/results/budget_aware_gating/development/relaxed/G2/14003/relaxed_structure.extxyz,646adaf995eb6d598b24ee41151be799dfc43a2d649b93beb1ba2656fd2bb335,5,1,2885529,2885529,/data/dxl/mattersim_weights/mattersim-v1.0.0-5M.pth,e3df9fa708725e3d453140646c7d1838324b347a3d1214cf1440522146f872b5,7f03d6f264731b26559d01cd047ccf8b1684febd703579905a09011620723f15,2026-07-24T18:03:25+08:00,2026-07-24T18:03:26+08:00,1.0434736909810454,35,-95.7891616821289,-9.57891616821289,0.0440719909965992,True,0,
G2_seed_14004,G2,14004,success,1,0,/data/dxl/results/budget_aware_gating/development/generation/G2/14004/generated_crystals.extxyz,b8c4c4766583b708c17af53f7e29ed621fcf00b067d00fd249949ec93747ad78,/data/dxl/results/budget_aware_gating/development/relaxed/G2/14004/relaxed_structure.extxyz,917e523e81d35a0df133e958f3a4e92f83c919a5a859a34695012a96e5341b38,4,0,2885526,2885526,/data/dxl/mattersim_weights/mattersim-v1.0.0-5M.pth,e3df9fa708725e3d453140646c7d1838324b347a3d1214cf1440522146f872b5,7f03d6f264731b26559d01cd047ccf8b1684febd703579905a09011620723f15,2026-07-24T18:03:25+08:00,2026-07-24T18:03:25+08:00,0.17136023798957467,6,-40.33709716796875,-8.06741943359375,0.014103654772043228,True,0,
G2_seed_14005,G2,14005,success,1,0,/data/dxl/results/budget_aware_gating/development/generation/G2/14005/generated_crystals.extxyz,854774a9dcbed0c5d6286b2bc448ff8a63c5974fec510e1133dfa37cf7953baf,/data/dxl/results/budget_aware_gating/development/relaxed/G2/14005/relaxed_structure.extxyz,c6b4b2b1aea1ef3d0709095173f32ef8fd62b5dd29aabaecf6107259753ec195,1,0,2885520,2885520,/data/dxl/mattersim_weights/mattersim-v1.0.0-5M.pth,e3df9fa708725e3d453140646c7d1838324b347a3d1214cf1440522146f872b5,7f03d6f264731b26559d01cd047ccf8b1684febd703579905a09011620723f15,2026-07-24T18:03:25+08:00,2026-07-24T18:03:25+08:00,0.26424406096339226,9,-28.412975311279297,-7.103243827819824,0.027369720861315727,True,0,
G2_seed_14006,G2,14006,success,1,0,/data/dxl/results/budget_aware_gating/development/generation/G2/14006/generated_crystals.extxyz,33df6c60d85754e4e57e6078e637582e62e8d79845b75b5f906fce7ec398fea0,/data/dxl/results/budget_aware_gating/development/relaxed/G2/14006/relaxed_structure.extxyz,c90f81a69d14ecfc14f7ade0ad3023856246a64af2f15d1df6e5d1ca303e6632,4,0,2885526,2885526,/data/dxl/mattersim_weights/mattersim-v1.0.0-5M.pth,e3df9fa708725e3d453140646c7d1838324b347a3d1214cf1440522146f872b5,7f03d6f264731b26559d01cd047ccf8b1684febd703579905a09011620723f15,2026-07-24T18:03:25+08:00,2026-07-24T18:03:25+08:00,0.11420396104222164,4,-43.43429183959961,-7.2390486399332685,0.04924307018518448,True,0,
G2_seed_14007,G2,14007,success,1,0,/data/dxl/results/budget_aware_gating/development/generation/G2/14007/generated_crystals.extxyz,92665aea9194efbf143b0fb91e3dd75745fad24f74c4223ee0bed1ccc0d96bd6,/data/dxl/results/budget_aware_gating/development/relaxed/G2/14007/relaxed_structure.extxyz,0a4f36772a58b4385b1ffa32899c0798d7d39b1bc185d13cb8bf563fc0c9abee,2,1,2885523,2885523,/data/dxl/mattersim_weights/mattersim-v1.0.0-5M.pth,e3df9fa708725e3d453140646c7d1838324b347a3d1214cf1440522146f872b5,7f03d6f264731b26559d01cd047ccf8b1684febd703579905a09011620723f15,2026-07-24T18:03:25+08:00,2026-07-24T18:03:28+08:00,2.6455965449567884,89,-76.66946411132812,-8.518829345703125,0.04932618886232376,True,0,
G2_seed_14008,G2,14008,success,1,0,/data/dxl/results/budget_aware_gating/development/generation/G2/14008/generated_crystals.extxyz,3794b875318d2ff83b8d8fb131a0bf9c7eee0fc9a9d34e81868e9f59247354ee,/data/dxl/results/budget_aware_gating/development/relaxed/G2/14008/relaxed_structure.extxyz,6868a53b9262a8b9c97326da886f44f25d7fd74a2130495a694e3ecbe662c8d1,3,0,2885524,2885524,/data/dxl/mattersim_weights/mattersim-v1.0.0-5M.pth,e3df9fa708725e3d453140646c7d1838324b347a3d1214cf1440522146f872b5,7f03d6f264731b26559d01cd047ccf8b1684febd703579905a09011620723f15,2026-07-24T18:03:25+08:00,2026-07-24T18:03:30+08:00,5.265770938014612,202,-126.18238067626953,-7.010132259792751,0.040373485535383224,True,0,
G2_seed_14009,G2,14009,success,1,0,/data/dxl/results/budget_aware_gating/development/generation/G2/14009/generated_crystals.extxyz,f97c1b0fe3d2eb3678c0ff49fad8e75e16a2a64deac85780890201af267e510e,/data/dxl/results/budget_aware_gating/development/relaxed/G2/14009/relaxed_structure.extxyz,65b20ca62bfc6e68c9f19b26be72465e74399b578dfd4ab269b2669e0b9e8d27,4,0,2885526,2885526,/data/dxl/mattersim_weights/mattersim-v1.0.0-5M.pth,e3df9fa708725e3d453140646c7d1838324b347a3d1214cf1440522146f872b5,7f03d6f264731b26559d01cd047ccf8b1684febd703579905a09011620723f15,2026-07-24T18:03:25+08:00,2026-07-24T18:03:26+08:00,1.3180494830012321,44,-61.10468673706055,-7.638085842132568,0.034192223101854324,True,0,
G2_seed_14010,G2,14010,success,1,0,/data/dxl/results/budget_aware_gating/development/generation/G2/14010/generated_crystals.extxyz,45aed24819cfa756695e2d12e3b8653bb3f5f043de56bf81dcace9b8b9988162,/data/dxl/results/budget_aware_gating/development/relaxed/G2/14010/relaxed_structure.extxyz,400c72f6203fefa3c8e79e7ef400545f5d8ce148f52cf810668e63d7bdde5855,1,0,2885520,2885520,/data/dxl/mattersim_weights/mattersim-v1.0.0-5M.pth,e3df9fa708725e3d453140646c7d1838324b347a3d1214cf1440522146f872b5,7f03d6f264731b26559d01cd047ccf8b1684febd703579905a09011620723f15,2026-07-24T18:03:25+08:00,2026-07-24T18:03:27+08:00,1.459089217998553,52,-89.97544860839844,-8.997544860839843,0.05035049095749855,True,0,
G2_seed_14011,G2,14011,success,1,0,/data/dxl/results/budget_aware_gating/development/generation/G2/14011/generated_crystals.extxyz,cc436baf1345dd6f5b3049fb5c72d39d3089981891f975c01b28493b99654a3c,/data/dxl/results/budget_aware_gating/development/relaxed/G2/14011/relaxed_structure.extxyz,7c1bf2fe75c7494fcee5cf9f33f8b09f981aee71cdfaeb33c3c9f0f12898798c,2,0,2885522,2885522,/data/dxl/mattersim_weights/mattersim-v1.0.0-5M.pth,e3df9fa708725e3d453140646c7d1838324b347a3d1214cf1440522146f872b5,7f03d6f264731b26559d01cd047ccf8b1684febd703579905a09011620723f15,2026-07-24T18:03:25+08:00,2026-07-24T18:03:26+08:00,0.42970758001320064,16,-34.19066619873047,-6.838133239746094,0.032177384942770004,True,0,
G2_seed_14012,G2,14012,success,1,0,/data/dxl/results/budget_aware_gating/development/generation/G2/14012/generated_crystals.extxyz,e64eb045934e66146b56a5eed8931933d756bb6b25c47717c4c68f219ab5da05,/data/dxl/results/budget_aware_gating/development/relaxed/G2/14012/relaxed_structure.extxyz,96937c0c6978f5c97b6460b906294abdca0a0f91843c3b532b9a488f12c4c2b0,6,1,2885531,2885531,/data/dxl/mattersim_weights/mattersim-v1.0.0-5M.pth,e3df9fa708725e3d453140646c7d1838324b347a3d1214cf1440522146f872b5,7f03d6f264731b26559d01cd047ccf8b1684febd703579905a09011620723f15,2026-07-24T18:03:25+08:00,2026-07-24T18:03:26+08:00,0.7208694579894654,24,-42.40727615356445,-7.067879358927409,0.04925783723592758,True,0,
G2_seed_14013,G2,14013,success,1,0,/data/dxl/results/budget_aware_gating/development/generation/G2/14013/generated_crystals.extxyz,de89936e96d4d8d8cedf315496dd025b7a978c38467c6c2552c4b94ed969f15c,/data/dxl/results/budget_aware_gating/development/relaxed/G2/14013/relaxed_structure.extxyz,be45084550dd4871dda6347f2f2e942560941dfa9f61610648b9f35b65e4a7a9,4,1,2885527,2885527,/data/dxl/mattersim_weights/mattersim-v1.0.0-5M.pth,e3df9fa708725e3d453140646c7d1838324b347a3d1214cf1440522146f872b5,7f03d6f264731b26559d01cd047ccf8b1684febd703579905a09011620723f15,2026-07-24T18:03:26+08:00,2026-07-24T18:03:26+08:00,0.477956942981109,16,-92.85858917236328,-7.7382157643636065,0.035735491663217545,True,0,
G2_seed_14014,G2,14014,success,1,0,/data/dxl/results/budget_aware_gating/development/generation/G2/14014/generated_crystals.extxyz,d851deb7f4a17082b1fcf6e5ca933cf2dcfd597a79295bbe2d94b097c3e192f5,/data/dxl/results/budget_aware_gating/development/relaxed/G2/14014/relaxed_structure.extxyz,de81839ed29f120c80f5ba92c98c65f185e588778629e157a238ed67f0f98713,5,1,2885529,2885529,/data/dxl/mattersim_weights/mattersim-v1.0.0-5M.pth,e3df9fa708725e3d453140646c7d1838324b347a3d1214cf1440522146f872b5,7f03d6f264731b26559d01cd047ccf8b1684febd703579905a09011620723f15,2026-07-24T18:03:26+08:00,2026-07-24T18:03:26+08:00,0.5442661740235053,18,-33.73215866088867,-8.433039665222168,0.03273310884833336,True,0,
G2_seed_14015,G2,14015,success,1,0,/data/dxl/results/budget_aware_gating/development/generation/G2/14015/generated_crystals.extxyz,e3e071c8917cf316d7ef8abb5ca868fb8ebffa2a3d8f94c6eb80a0c3cf6fbe6b,/data/dxl/results/budget_aware_gating/development/relaxed/G2/14015/relaxed_structure.extxyz,043a89f048e30f9405e4bd4b96c72716446009d7896ac169a56498f4b0d35873,2,0,2885522,2885522,/data/dxl/mattersim_weights/mattersim-v1.0.0-5M.pth,e3df9fa708725e3d453140646c7d1838324b347a3d1214cf1440522146f872b5,7f03d6f264731b26559d01cd047ccf8b1684febd703579905a09011620723f15,2026-07-24T18:03:26+08:00,2026-07-24T18:03:27+08:00,1.3608749270206317,48,-74.63623809814453,-6.219686508178711,0.048472411930561066,True,0,
G2_seed_14016,G2,14016,success,1,0,/data/dxl/results/budget_aware_gating/development/generation/G2/14016/generated_crystals.extxyz,92ee0a124f3222d6489e0828576973dd62341aa58c0053e2d2e8936b39b24699,/data/dxl/results/budget_aware_gating/development/relaxed/G2/14016/relaxed_structure.extxyz,20de2982407488933f8bfeeaaf16d8d669adef66b89e0776491dcdda512dd454,6,1,2885531,2885531,/data/dxl/mattersim_weights/mattersim-v1.0.0-5M.pth,e3df9fa708725e3d453140646c7d1838324b347a3d1214cf1440522146f872b5,7f03d6f264731b26559d01cd047ccf8b1684febd703579905a09011620723f15,2026-07-24T18:03:26+08:00,2026-07-24T18:03:27+08:00,1.3927271690336056,47,-146.0062713623047,-8.111459520128038,0.0490548238158226,True,0,
G2_seed_14017,G2,14017,success,1,0,/data/dxl/results/budget_aware_gating/development/generation/G2/14017/generated_crystals.extxyz,ab739ef69dbd90d1571b46c8bb80c409ae3ded67812da209a638a51215e7f9e9,/data/dxl/results/budget_aware_gating/development/relaxed/G2/14017/relaxed_structure.extxyz,a6df686fb5de9e6a154b524a3d84fb6863232deb03aefcee019480c26b606386,4,1,2885527,2885527,/data/dxl/mattersim_weights/mattersim-v1.0.0-5M.pth,e3df9fa708725e3d453140646c7d1838324b347a3d1214cf1440522146f872b5,7f03d6f264731b26559d01cd047ccf8b1684febd703579905a09011620723f15,2026-07-24T18:03:26+08:00,2026-07-24T18:03:27+08:00,0.5340867100167088,18,-34.18798065185547,-8.546995162963867,0.04605512320995331,True,0,
G2_seed_14018,G2,14018,success,1,0,/data/dxl/results/budget_aware_gating/development/generation/G2/14018/generated_crystals.extxyz,52ce19647b5f274f7aaa509f75925aa7b919bc892717c61752025e1ada7898ac,/data/dxl/results/budget_aware_gating/development/relaxed/G2/14018/relaxed_structure.extxyz,7d3c9153d47004ff333959462385118824f9f0b6bf4cfd8dbb4b98c2e0f83da4,6,0,2885530,2885530,/data/dxl/mattersim_weights/mattersim-v1.0.0-5M.pth,e3df9fa708725e3d453140646c7d1838324b347a3d1214cf1440522146f872b5,7f03d6f264731b26559d01cd047ccf8b1684febd703579905a09011620723f15,2026-07-24T18:03:26+08:00,2026-07-24T18:03:27+08:00,0.867100371979177,29,-77.32146453857422,-7.732146453857422,0.049685943871736526,True,0,
G2_seed_14019,G2,14019,success,1,0,/data/dxl/results/budget_aware_gating/development/generation/G2/14019/generated_crystals.extxyz,378e0f457cd25d5f86df352b6ef96f3d7085802d1f3241d81fa5ff7fae5a65fb,/data/dxl/results/budget_aware_gating/development/relaxed/G2/14019/relaxed_structure.extxyz,56eed23b3708fd5fa35016b03157fe6af53fa44e9e2d6ba7bcfb87c8fba85583,3,1,2885525,2885525,/data/dxl/mattersim_weights/mattersim-v1.0.0-5M.pth,e3df9fa708725e3d453140646c7d1838324b347a3d1214cf1440522146f872b5,7f03d6f264731b26559d01cd047ccf8b1684febd703579905a09011620723f15,2026-07-24T18:03:26+08:00,2026-07-24T18:03:26+08:00,0.2768274999689311,10,-66.09696960449219,-7.344107733832465,0.028621984645724297,True,0,
G2_seed_14020,G2,14020,success,1,0,/data/dxl/results/budget_aware_gating/development/generation/G2/14020/generated_crystals.extxyz,254c879275d0a865c0eefb75b6473d50a1c649e45be9b4c9d98ffb11ba805f8c,/data/dxl/results/budget_aware_gating/development/relaxed/G2/14020/relaxed_structure.extxyz,6c3d227daa2fdd3c2122cdcbb1eb67ea33234cee7974e24301aedf6b5a1ef402,5,0,2885528,2885528,/data/dxl/mattersim_weights/mattersim-v1.0.0-5M.pth,e3df9fa708725e3d453140646c7d1838324b347a3d1214cf1440522146f872b5,7f03d6f264731b26559d01cd047ccf8b1684febd703579905a09011620723f15,2026-07-24T18:03:26+08:00,2026-07-24T18:03:27+08:00,0.5158745850203559,17,-26.463937759399414,-6.6159844398498535,0.048121485859155655,True,0,
G2_seed_14021,G2,14021,success,1,0,/data/dxl/results/budget_aware_gating/development/generation/G2/14021/generated_crystals.extxyz,baa28bcac4b87109d4bb5a77e45734a898ffad12558ff5496e10c8a95dd7df77,/data/dxl/results/budget_aware_gating/development/relaxed/G2/14021/relaxed_structure.extxyz,4eaace85af5cdb0fb05204d485971d0e61c673206ab1574af17b9e0c1c5f56a0,5,1,2885529,2885529,/data/dxl/mattersim_weights/mattersim-v1.0.0-5M.pth,e3df9fa708725e3d453140646c7d1838324b347a3d1214cf1440522146f872b5,7f03d6f264731b26559d01cd047ccf8b1684febd703579905a09011620723f15,2026-07-24T18:03:26+08:00,2026-07-24T18:03:27+08:00,0.4849228750099428,16,-80.7488021850586,-8.972089131673178,0.05013909190893173,True,0,
G2_seed_14022,G2,14022,success,1,0,/data/dxl/results/budget_aware_gating/development/generation/G2/14022/generated_crystals.extxyz,44db53b10d55906828c7647425c1313bb7bac7c49897080a748d09972f07f5f2,/data/dxl/results/budget_aware_gating/development/relaxed/G2/14022/relaxed_structure.extxyz,19f3472e00a36d78cbae66cd7424c1d722c0e9841346dce07276dbc21607134c,0,1,2885519,2885519,/data/dxl/mattersim_weights/mattersim-v1.0.0-5M.pth,e3df9fa708725e3d453140646c7d1838324b347a3d1214cf1440522146f872b5,7f03d6f264731b26559d01cd047ccf8b1684febd703579905a09011620723f15,2026-07-24T18:03:26+08:00,2026-07-24T18:03:27+08:00,0.38631832000100985,13,-62.22161102294922,-10.37026850382487,0.04686884209513664,True,0,
G2_seed_14023,G2,14023,success,1,0,/data/dxl/results/budget_aware_gating/development/generation/G2/14023/generated_crystals.extxyz,9ff33f159e05802e392c13226df4064edf3a3c657692b899cf271a48524a7ce7,/data/dxl/results/budget_aware_gating/development/relaxed/G2/14023/relaxed_structure.extxyz,5cd917d7698b2a7b18bce97c01a2eee74e768a2ed905392abca1e606281f3acf,4,0,2885526,2885526,/data/dxl/mattersim_weights/mattersim-v1.0.0-5M.pth,e3df9fa708725e3d453140646c7d1838324b347a3d1214cf1440522146f872b5,7f03d6f264731b26559d01cd047ccf8b1684febd703579905a09011620723f15,2026-07-24T18:03:26+08:00,2026-07-24T18:03:27+08:00,0.784374981012661,27,-69.08238220214844,-6.280216563831676,0.036063991487026215,True,0,
G2_seed_14024,G2,14024,success,1,0,/data/dxl/results/budget_aware_gating/development/generation/G2/14024/generated_crystals.extxyz,23c0d00be280a05b8ecc383f9118b7c360657ba08ef1867e1485876565b868f3,/data/dxl/results/budget_aware_gating/development/relaxed/G2/14024/relaxed_structure.extxyz,6dcad86901302521ecae4160b63bb0f024924606173121116c68ebdcc0939e93,3,1,2885525,2885525,/data/dxl/mattersim_weights/mattersim-v1.0.0-5M.pth,e3df9fa708725e3d453140646c7d1838324b347a3d1214cf1440522146f872b5,7f03d6f264731b26559d01cd047ccf8b1684febd703579905a09011620723f15,2026-07-24T18:03:26+08:00,2026-07-24T18:03:27+08:00,1.0798511509783566,38,-87.69248962402344,-7.30770746866862,0.04798542335629463,True,0,
G2_seed_14025,G2,14025,success,1,0,/data/dxl/results/budget_aware_gating/development/generation/G2/14025/generated_crystals.extxyz,a18ec311dd48afb49621a46670fd324e1530eaa9c2cee524fc9f4a3d967ca99c,/data/dxl/results/budget_aware_gating/development/relaxed/G2/14025/relaxed_structure.extxyz,d170dfc5da9e2479194da7fdc541230988594e3822dbb26a419bd4b4aa02ad91,1,0,2885520,2885520,/data/dxl/mattersim_weights/mattersim-v1.0.0-5M.pth,e3df9fa708725e3d453140646c7d1838324b347a3d1214cf1440522146f872b5,7f03d6f264731b26559d01cd047ccf8b1684febd703579905a09011620723f15,2026-07-24T18:03:27+08:00,2026-07-24T18:03:27+08:00,0.4074343719985336,15,-23.8017578125,-5.950439453125,0.048987437039613724,True,0,
G2_seed_14026,G2,14026,success,1,0,/data/dxl/results/budget_aware_gating/development/generation/G2/14026/generated_crystals.extxyz,cc314610d78a651f0aeafec6535d6ef549c14b5e4b7ba818e5dba927f2c7803e,/data/dxl/results/budget_aware_gating/development/relaxed/G2/14026/relaxed_structure.extxyz,90b77cfa4920e9d9f813309c6aa57b1b6db0721469eaa0b8dbe7269f24d8c100,7,0,2885532,2885532,/data/dxl/mattersim_weights/mattersim-v1.0.0-5M.pth,e3df9fa708725e3d453140646c7d1838324b347a3d1214cf1440522146f872b5,7f03d6f264731b26559d01cd047ccf8b1684febd703579905a09011620723f15,2026-07-24T18:03:27+08:00,2026-07-24T18:03:33+08:00,6.797816249018069,207,-69.90279388427734,-6.9902793884277346,0.04790163412690163,True,0,
G2_seed_14027,G2,14027,success,1,0,/data/dxl/results/budget_aware_gating/development/generation/G2/14027/generated_crystals.extxyz,7d372a43ef188357ce0835e7c77a42f53c292ea44039fc73baa412deeefef177,/data/dxl/results/budget_aware_gating/development/relaxed/G2/14027/relaxed_structure.extxyz,b11e6aabbaee51f4a94c8d7baca102a11e57d01629f6084976edde19e75accc4,4,1,2885527,2885527,/data/dxl/mattersim_weights/mattersim-v1.0.0-5M.pth,e3df9fa708725e3d453140646c7d1838324b347a3d1214cf1440522146f872b5,7f03d6f264731b26559d01cd047ccf8b1684febd703579905a09011620723f15,2026-07-24T18:03:27+08:00,2026-07-24T18:03:28+08:00,1.212943933031056,41,-95.69161224365234,-7.974301020304362,0.04926116764545441,True,0,
G2_seed_14028,G2,14028,success,1,0,/data/dxl/results/budget_aware_gating/development/generation/G2/14028/generated_crystals.extxyz,2a8772e7e5f02c99c6330fcc8fe017174e3d0e7b1a7d8040da22f91816eb0033,/data/dxl/results/budget_aware_gating/development/relaxed/G2/14028/relaxed_structure.extxyz,2a8772e7e5f02c99c6330fcc8fe017174e3d0e7b1a7d8040da22f91816eb0033,0,1,2885519,2885519,/data/dxl/mattersim_weights/mattersim-v1.0.0-5M.pth,e3df9fa708725e3d453140646c7d1838324b347a3d1214cf1440522146f872b5,7f03d6f264731b26559d01cd047ccf8b1684febd703579905a09011620723f15,2026-07-24T18:03:27+08:00,2026-07-24T18:03:27+08:00,0.030916938034351915,1,-36.35804748535156,-9.08951187133789,0.004233517684042454,True,0,
G2_seed_14029,G2,14029,success,1,0,/data/dxl/results/budget_aware_gating/development/generation/G2/14029/generated_crystals.extxyz,db814e41d4affa7044b36503510836c770360f6c5b7ada991b556ff4b65fb91d,/data/dxl/results/budget_aware_gating/development/relaxed/G2/14029/relaxed_structure.extxyz,721531dff0b3e8e136f35f38eb5c0f9f89e6bdfdfbd6b05322666b69ef9327ef,5,0,2885528,2885528,/data/dxl/mattersim_weights/mattersim-v1.0.0-5M.pth,e3df9fa708725e3d453140646c7d1838324b347a3d1214cf1440522146f872b5,7f03d6f264731b26559d01cd047ccf8b1684febd703579905a09011620723f15,2026-07-24T18:03:27+08:00,2026-07-24T18:03:27+08:00,0.4564377060160041,15,-50.96828842163086,-6.371036052703857,0.017872193828225136,True,0,
G2_seed_14030,G2,14030,success,1,0,/data/dxl/results/budget_aware_gating/development/generation/G2/14030/generated_crystals.extxyz,68bbcda2ad40bf62bad26f0ef0402892e1bef70fa1b4547dd8575b7a69702614,/data/dxl/results/budget_aware_gating/development/relaxed/G2/14030/relaxed_structure.extxyz,56fe1ecd8dc026aafe2d9ca04488f7d3adb6553a66370c7dea46f286b95b7b47,0,1,2885519,2885519,/data/dxl/mattersim_weights/mattersim-v1.0.0-5M.pth,e3df9fa708725e3d453140646c7d1838324b347a3d1214cf1440522146f872b5,7f03d6f264731b26559d01cd047ccf8b1684febd703579905a09011620723f15,2026-07-24T18:03:27+08:00,2026-07-24T18:03:27+08:00,0.18401684699347243,6,-29.327394485473633,-7.331848621368408,0.005676909349858761,True,0,
G2_seed_14031,G2,14031,success,1,0,/data/dxl/results/budget_aware_gating/development/generation/G2/14031/generated_crystals.extxyz,2fd911babdc928e38e63560996690f5a038508ab1a41f735d6a39fd7c5c458ff,/data/dxl/results/budget_aware_gating/development/relaxed/G2/14031/relaxed_structure.extxyz,b26992a3f4c51ff0cff01e6861d9b8fb9521c44516018a40306e9b5568a834e2,5,1,2885529,2885529,/data/dxl/mattersim_weights/mattersim-v1.0.0-5M.pth,e3df9fa708725e3d453140646c7d1838324b347a3d1214cf1440522146f872b5,7f03d6f264731b26559d01cd047ccf8b1684febd703579905a09011620723f15,2026-07-24T18:03:27+08:00,2026-07-24T18:03:27+08:00,0.6562525369809009,22,-57.386600494384766,-7.173325061798096,0.016170062124729156,True,0,
