method,evaluation_index,seed,input_path,output_path,gate_probability,gate_applied,accepted_steps,fallback_count,backtracking_count,maximum_wrapped_displacement_angstrom,minimum_distance_angstrom,input_hash,output_hash,atomic_numbers_unchanged,cell_unchanged,exact_baseline_fallback
A0_E3G,0,41000,/data/dxl/results/a0_e3g_compat64/generation/A0/41000/generated_crystals.extxyz,/data/dxl/results/a0_e3g_compat64/refined/A0_E3G/00/refined_structure.extxyz,0.8250877384166742,True,5,0,0,0.002471422069699708,3.334937220425899,a798cb00f3d1390c5dab92fc988bf0144346d7e6044cdb40300928afec27cd57,5e70c9a2ccd72455c715ebdabcc01bccd9820e5eb16ad8e4853088afb17579ff,True,True,False
A0_E3G,1,41001,/data/dxl/results/a0_e3g_compat64/generation/A0/41001/generated_crystals.extxyz,/data/dxl/results/a0_e3g_compat64/refined/A0_E3G/01/refined_structure.extxyz,0.8780240294051863,True,5,0,0,0.008020139679494359,2.525723913647236,99bc3884a5eb3c85098d912a24f9cae17e10fb92be2952ed01450aa4effe1321,4172bb3c34fc9871fb80c3a2866c9446f6aa7681090ba7010ffbf1e18a893049,True,True,False
A0_E3G,2,41002,/data/dxl/results/a0_e3g_compat64/generation/A0/41002/generated_crystals.extxyz,/data/dxl/results/a0_e3g_compat64/refined/A0_E3G/02/refined_structure.extxyz,0.9442040219331483,True,5,0,0,0.01313855004168291,3.0505254172453107,886ff681c6fa299ed5de5b3e228167539ff7899c64ea1ca87e511041b26744e8,7651261a06eef20a275163d297c1eb46bc12f38336ec06220fe24b2d67071bfc,True,True,False
A0_E3G,3,41003,/data/dxl/results/a0_e3g_compat64/generation/A0/41003/generated_crystals.extxyz,/data/dxl/results/a0_e3g_compat64/refined/A0_E3G/03/refined_structure.extxyz,0.9569695634417594,True,5,0,0,0.011933422300199722,2.9760100065711557,dbf6394b69d9d43069eb47fe7815fd9b44977aed6fd3781be560ff9a9beedda2,a2410258efba2a554a01c492037d8d1b42df1ffa17959db1b76a5ecbb86d2b80,True,True,False
A0_E3G,4,41004,/data/dxl/results/a0_e3g_compat64/generation/A0/41004/generated_crystals.extxyz,/data/dxl/results/a0_e3g_compat64/refined/A0_E3G/04/refined_structure.extxyz,0.9731955653273368,True,1,4,0,4.098688814668972e-05,2.5836902190093776,a6f00e9ff64eb4ec0de2ce1d90ee627766042eaf7b125271145e67998749b685,c48c50628716fa40c607314ae2a70d57a1503d38e33febb2b03e0dd47e162d56,True,True,False
A0_E3G,5,41005,/data/dxl/results/a0_e3g_compat64/generation/A0/41005/generated_crystals.extxyz,/data/dxl/results/a0_e3g_compat64/refined/A0_E3G/05/refined_structure.extxyz,0.8146837793092754,True,5,0,0,0.009552912996222756,1.8554800967372582,6928ca6c9f42cb0cc6d2aafc1204d5a7e9f01ce9091fc2c07d1c377505aaf484,ddd6b2297e1be56730d13fdca8bbd266d3689cf320cd3c659917a817b0d024a8,True,True,False
A0_E3G,6,41006,/data/dxl/results/a0_e3g_compat64/generation/A0/41006/generated_crystals.extxyz,/data/dxl/results/a0_e3g_compat64/refined/A0_E3G/06/refined_structure.extxyz,0.48177678687364817,False,0,0,0,0.0,1.9161322015121662,5f5d669bcd7bd0b88b4549f9e52d2490ed9702e829034277e2adb80a74650fa5,5f5d669bcd7bd0b88b4549f9e52d2490ed9702e829034277e2adb80a74650fa5,True,True,True
A0_E3G,7,41007,/data/dxl/results/a0_e3g_compat64/generation/A0/41007/generated_crystals.extxyz,/data/dxl/results/a0_e3g_compat64/refined/A0_E3G/07/refined_structure.extxyz,0.9422385794343542,True,5,0,0,0.01759083425186538,1.6439822944734976,f281702f45ca22b56f336482acf97794ba3144dd679c83ce6f44d470faa92ab7,99b162e598dd01ce47ee3fa9805972937432dbc09e3aca898ef31395384e4dc7,True,True,False
A0_E3G,8,41008,/data/dxl/results/a0_e3g_compat64/generation/A0/41008/generated_crystals.extxyz,/data/dxl/results/a0_e3g_compat64/refined/A0_E3G/08/refined_structure.extxyz,0.9612279991787401,True,5,0,0,0.017035683271636112,1.8542488020325647,8032679275018bd1964475082d0858dbd28f86cb81e55b9fd167023261cb7b3f,cbfe7316ba35bc8deadc911bf5a53125d9880f82f576f0268eee401c7bb20937,True,True,False
A0_E3G,9,41009,/data/dxl/results/a0_e3g_compat64/generation/A0/41009/generated_crystals.extxyz,/data/dxl/results/a0_e3g_compat64/refined/A0_E3G/09/refined_structure.extxyz,0.6274459662752692,True,5,0,0,0.008619116049433379,2.389061499911468,d9f41279ba105b92da814e2ae07e47706539df2d540c8051803d11217fb94d76,01fa9041ca34001c3ee18972c8ee04d75b9351c659ab35eccfaa61657a8560bf,True,True,False
A0_E3G,10,41010,/data/dxl/results/a0_e3g_compat64/generation/A0/41010/generated_crystals.extxyz,/data/dxl/results/a0_e3g_compat64/refined/A0_E3G/10/refined_structure.extxyz,0.3775803634791619,False,0,0,0,0.0,3.353898386140204,5bcb5a809eb204c1cacc45e111b0037b22797c75d6fc6e7783b47fe40c2d67e8,5bcb5a809eb204c1cacc45e111b0037b22797c75d6fc6e7783b47fe40c2d67e8,True,True,True
A0_E3G,11,41011,/data/dxl/results/a0_e3g_compat64/generation/A0/41011/generated_crystals.extxyz,/data/dxl/results/a0_e3g_compat64/refined/A0_E3G/11/refined_structure.extxyz,0.6832903279131476,True,5,0,0,0.004641754648632317,2.479841696689333,a476eba6caa0331a60d5acf2d883ed1260673e4038f5e66fc8cbb924b0f94986,723a740bd43f0b566223335425ed71a68d3bf0f4638b9663e9423cdd7769f526,True,True,False
A0_E3G,12,41012,/data/dxl/results/a0_e3g_compat64/generation/A0/41012/generated_crystals.extxyz,/data/dxl/results/a0_e3g_compat64/refined/A0_E3G/12/refined_structure.extxyz,0.6683729095007442,True,5,0,0,0.004000533322870778,2.862358415067439,137793da4cf759a80bacd435d0b9822d629dd30560b6901e5b287758301201ba,5781642384a3a8c6e289b26547d40c717e1433024ffd882d9e9b0465f60d4dfa,True,True,False
A0_E3G,13,41013,/data/dxl/results/a0_e3g_compat64/generation/A0/41013/generated_crystals.extxyz,/data/dxl/results/a0_e3g_compat64/refined/A0_E3G/13/refined_structure.extxyz,0.8331042360940717,True,5,0,0,0.016515161711194503,1.8701200563812057,840fe95059ddf5eb5b810e832e70b2135a573b7cee9feb1b3a5800fd670664f0,911749ce19ec8485a6fd88bfb88ba20fb95a600d3f8e1f24d38f7fc1f1750829,True,True,False
A0_E3G,14,41014,/data/dxl/results/a0_e3g_compat64/generation/A0/41014/generated_crystals.extxyz,/data/dxl/results/a0_e3g_compat64/refined/A0_E3G/14/refined_structure.extxyz,0.6372310340471841,True,5,0,0,0.010748613494497865,2.438532511176703,6b717b361df6259cc964007987b52f893c8920fe25075dbf5042a6bd811a12aa,1ea176ebc1d754e70c367d5013aaa873593814009c45126bae577e993cba6a46,True,True,False
A0_E3G,15,41015,/data/dxl/results/a0_e3g_compat64/generation/A0/41015/generated_crystals.extxyz,/data/dxl/results/a0_e3g_compat64/refined/A0_E3G/15/refined_structure.extxyz,0.8826555532275159,True,5,0,0,0.004307184283624255,2.4516169339733764,5396a46c4bb09960e4a82e23312e02c2f638ab199de2f34edba4d96caba994a2,661e12cc706818dc8af73161495c650b066489bec45286634fefe146b053b67e,True,True,False
A0_E3G,16,41016,/data/dxl/results/a0_e3g_compat64/generation/A0/41016/generated_crystals.extxyz,/data/dxl/results/a0_e3g_compat64/refined/A0_E3G/16/refined_structure.extxyz,0.4966105321036238,False,0,0,0,0.0,2.3256327061551616,5773ad64547faad4c29da6694b90780924ef1cf55ebb7e9a0b4974d3d849dcc6,5773ad64547faad4c29da6694b90780924ef1cf55ebb7e9a0b4974d3d849dcc6,True,True,True
A0_E3G,17,41017,/data/dxl/results/a0_e3g_compat64/generation/A0/41017/generated_crystals.extxyz,/data/dxl/results/a0_e3g_compat64/refined/A0_E3G/17/refined_structure.extxyz,0.9257768901366047,True,5,0,0,0.002271680791088457,2.0290809897161077,ab99e9837a16958636fe5053389f35c2c55a31a5a32b0e249d3dc66dca3c20bd,99f4d67887529afd7bf5cf15b1aff3506d0e8e237b2b8e7a62439a915ae3b3c7,True,True,False
A0_E3G,18,41018,/data/dxl/results/a0_e3g_compat64/generation/A0/41018/generated_crystals.extxyz,/data/dxl/results/a0_e3g_compat64/refined/A0_E3G/18/refined_structure.extxyz,0.8002390846079064,True,5,0,0,0.003557503063849681,2.3852251822336537,4e6228f8ba9831156673df7edf5adafdef3058e1dbcdccc3cd3af2e480043bda,9e2accc7b70cc904bf80f2c48e821d6e5974999532040b80d6692fccbeba63a8,True,True,False
A0_E3G,19,41019,/data/dxl/results/a0_e3g_compat64/generation/A0/41019/generated_crystals.extxyz,/data/dxl/results/a0_e3g_compat64/refined/A0_E3G/19/refined_structure.extxyz,0.2924995525227437,False,0,0,0,0.0,1.8288001750758804,f492f5aa798bc847edb5045705e3e72f46e4989e25f0135219020657ea3c1939,f492f5aa798bc847edb5045705e3e72f46e4989e25f0135219020657ea3c1939,True,True,True
A0_E3G,20,41020,/data/dxl/results/a0_e3g_compat64/generation/A0/41020/generated_crystals.extxyz,/data/dxl/results/a0_e3g_compat64/refined/A0_E3G/20/refined_structure.extxyz,0.8124714236656448,True,5,0,0,0.000880200034423881,1.9826438889861449,e8eff884461f015e2f5af24e61e780066c7a5dc8b930bfd69809399da53c93f9,fb05c645d97d5acbead3dd8bd41cc85b8d255a6ba002418f3a58a5f4e9c0c259,True,True,False
A0_E3G,21,41021,/data/dxl/results/a0_e3g_compat64/generation/A0/41021/generated_crystals.extxyz,/data/dxl/results/a0_e3g_compat64/refined/A0_E3G/21/refined_structure.extxyz,0.9706493427401305,True,5,0,0,0.0013508201051578275,2.724229098381925,5254ec7682123d6a5e32814879988ffee43f2fd4ba82cf5748971f1f228256ae,0d5f9bbeb00d0844b5c89c78c7e7b7018a49dd870043531db0adbfc45ff80041,True,True,False
A0_E3G,22,41022,/data/dxl/results/a0_e3g_compat64/generation/A0/41022/generated_crystals.extxyz,/data/dxl/results/a0_e3g_compat64/refined/A0_E3G/22/refined_structure.extxyz,0.21583354983454964,False,0,0,0,0.0,2.2312197316443996,33452a2e78308ed963a0728c1ec42b9eb01ecc1f38de63ef68efe1115a178771,33452a2e78308ed963a0728c1ec42b9eb01ecc1f38de63ef68efe1115a178771,True,True,True
A0_E3G,23,41023,/data/dxl/results/a0_e3g_compat64/generation/A0/41023/generated_crystals.extxyz,/data/dxl/results/a0_e3g_compat64/refined/A0_E3G/23/refined_structure.extxyz,0.9890157396065669,True,5,0,0,0.0018908454062932622,2.5002305742749464,870f0fd4b1e2aee847810c78ae912a047a0bc5d5d82dc326c432531c2993a557,c3dd35641c842cb73ba8529eab23045de25b4bda81e15a844fd2c6740ff5d610,True,True,False
A0_E3G,24,41024,/data/dxl/results/a0_e3g_compat64/generation/A0/41024/generated_crystals.extxyz,/data/dxl/results/a0_e3g_compat64/refined/A0_E3G/24/refined_structure.extxyz,0.607228873506201,True,5,0,0,0.01130611516779691,1.896387776440277,c174b3285b2fd428ef6f1336325753833ecf0a24942d901723489f26d8254921,0f9dbfa07d60dc9c77c90ec046a0540ccd94c84ab3e5d0efc105dda9237a7015,True,True,False
A0_E3G,25,41025,/data/dxl/results/a0_e3g_compat64/generation/A0/41025/generated_crystals.extxyz,/data/dxl/results/a0_e3g_compat64/refined/A0_E3G/25/refined_structure.extxyz,0.1073964070099825,False,0,0,0,0.0,2.558563968352995,cb2f3df6668fcd9fdc34a469581c9fe734aaeb0e45129fe51eab2e40bd48d6da,cb2f3df6668fcd9fdc34a469581c9fe734aaeb0e45129fe51eab2e40bd48d6da,True,True,True
A0_E3G,26,41026,/data/dxl/results/a0_e3g_compat64/generation/A0/41026/generated_crystals.extxyz,/data/dxl/results/a0_e3g_compat64/refined/A0_E3G/26/refined_structure.extxyz,0.5308795070965356,True,5,0,0,0.020776262940822746,2.192108678982337,5ad42255f0e2ff22bfb9a3b1e4ddda6cf4a1ee50e4d94ba8f5989c0bdc0a7b86,4637b3f838fa7fd69719413d5681109dc46d235bcf35df61b8cfb923e5c0ca45,True,True,False
A0_E3G,27,41027,/data/dxl/results/a0_e3g_compat64/generation/A0/41027/generated_crystals.extxyz,/data/dxl/results/a0_e3g_compat64/refined/A0_E3G/27/refined_structure.extxyz,0.9858309556068523,True,5,0,0,0.013951371354891724,1.6938258474646148,d4b03cdeaef56a161878c6f8d4af888869a9ced369750bd10119958847d8a297,3b79c91a6b13fc7df0c75acf0b79b406481e72bb8985e7e286db3421b7cc287d,True,True,False
A0_E3G,28,41028,/data/dxl/results/a0_e3g_compat64/generation/A0/41028/generated_crystals.extxyz,/data/dxl/results/a0_e3g_compat64/refined/A0_E3G/28/refined_structure.extxyz,0.6411216157981559,True,5,0,0,0.02652754047043517,1.8185172886449095,ed7433686b3084caa8c03e4524ead451a4816604854346fcb353ed2c8dd8d080,2775eaed22accd9cd68173b51f67236ec1eb760bfe7f1521fc79d3defc3770b0,True,True,False
A0_E3G,29,41029,/data/dxl/results/a0_e3g_compat64/generation/A0/41029/generated_crystals.extxyz,/data/dxl/results/a0_e3g_compat64/refined/A0_E3G/29/refined_structure.extxyz,0.825923326771434,True,5,0,0,0.013246713377260973,1.8872537668676708,dfbef272d59ad8f74e46a0531c2cc4e7a5f497f80ebe4f05e6b63e83d643c6aa,857e2ed711f79ed9383a7151ea9a3e2e20ae3e6ffe1a5ed18cf0a1e47ba34e11,True,True,False
A0_E3G,30,41030,/data/dxl/results/a0_e3g_compat64/generation/A0/41030/generated_crystals.extxyz,/data/dxl/results/a0_e3g_compat64/refined/A0_E3G/30/refined_structure.extxyz,0.5063658933630957,True,5,0,0,0.004307544749367339,2.4689577210603932,efd7b507f9e3b4c9a8076a5b54ac6c0a68ffce64fe1d7dc1198d21aae4ab6aa2,b6a47372380d3bf56488a8d48b0467d0ebf3eb9cd4a3e2a4fa4f1e81e9f15ab7,True,True,False
A0_E3G,31,41031,/data/dxl/results/a0_e3g_compat64/generation/A0/41031/generated_crystals.extxyz,/data/dxl/results/a0_e3g_compat64/refined/A0_E3G/31/refined_structure.extxyz,0.056364767458210015,False,0,0,0,0.0,2.434476032692605,21826aef9b0ce82f52fd8e3e597b7ec18f4ea5bad48ec0ed5d954a3383f687bc,21826aef9b0ce82f52fd8e3e597b7ec18f4ea5bad48ec0ed5d954a3383f687bc,True,True,True
A0_E3G,32,41032,/data/dxl/results/a0_e3g_compat64/generation/A0/41032/generated_crystals.extxyz,/data/dxl/results/a0_e3g_compat64/refined/A0_E3G/32/refined_structure.extxyz,0.8122505357282335,True,5,0,2,0.00023428776195035845,2.556334245572804,7ab9f05b66707151a0de8c01adefe25d968fb6c36b0f763a07e2375210221f65,eb830ca7191343480bbc86b322370c646d5f0a90caea212efbc41f58c87388da,True,True,False
A0_E3G,33,41033,/data/dxl/results/a0_e3g_compat64/generation/A0/41033/generated_crystals.extxyz,/data/dxl/results/a0_e3g_compat64/refined/A0_E3G/33/refined_structure.extxyz,0.20787358652706353,False,0,0,0,0.0,3.382675305782885,129dc33aaa0d3a57b103b1b23e75cbbf7a0d0bf162bf52914f2b8c3516e1bec2,129dc33aaa0d3a57b103b1b23e75cbbf7a0d0bf162bf52914f2b8c3516e1bec2,True,True,True
A0_E3G,34,41034,/data/dxl/results/a0_e3g_compat64/generation/A0/41034/generated_crystals.extxyz,/data/dxl/results/a0_e3g_compat64/refined/A0_E3G/34/refined_structure.extxyz,0.4753412938102305,False,0,0,0,0.0,2.435238499838918,7a3f5e9fdcaa3c58cea887e1cfd71b5f2a7bffd9d7c9edfb0cdea1c1b9df83a5,7a3f5e9fdcaa3c58cea887e1cfd71b5f2a7bffd9d7c9edfb0cdea1c1b9df83a5,True,True,True
A0_E3G,35,41035,/data/dxl/results/a0_e3g_compat64/generation/A0/41035/generated_crystals.extxyz,/data/dxl/results/a0_e3g_compat64/refined/A0_E3G/35/refined_structure.extxyz,0.038441579922617555,False,0,0,0,0.0,2.4251226648535145,f7ef6d9421bea77cf64fc0893266af90ee8fad1c4d104f92539c6d8db4098295,f7ef6d9421bea77cf64fc0893266af90ee8fad1c4d104f92539c6d8db4098295,True,True,True
A0_E3G,36,41036,/data/dxl/results/a0_e3g_compat64/generation/A0/41036/generated_crystals.extxyz,/data/dxl/results/a0_e3g_compat64/refined/A0_E3G/36/refined_structure.extxyz,0.9330754566747685,True,5,0,0,0.019269422204222703,1.6203185727754978,4267b867be170d9a699a315596a107ceca4e2e0998b25b9a075d92796f56331b,e464950537dc9c5192816f5953857b9db7ff83c49de5ad68b81f3507120571be,True,True,False
A0_E3G,37,41037,/data/dxl/results/a0_e3g_compat64/generation/A0/41037/generated_crystals.extxyz,/data/dxl/results/a0_e3g_compat64/refined/A0_E3G/37/refined_structure.extxyz,0.7684962518911596,True,5,0,0,0.004976500634080626,2.6960525908773283,9c761f9feb9aa3601b07aedb4f5f69710724dc1ef9cfa1246aa588af11ac7de5,e259fe05eb683b21df7bcd34a699d30d888bd10dca754e42056d633e4603f91b,True,True,False
A0_E3G,38,41038,/data/dxl/results/a0_e3g_compat64/generation/A0/41038/generated_crystals.extxyz,/data/dxl/results/a0_e3g_compat64/refined/A0_E3G/38/refined_structure.extxyz,0.8890476494778707,True,5,0,0,0.0019403385565928796,3.3454654159337895,2889e99e28b13956c1e41ac6f8a120d41272db1f7a805d3cd29b33380c683326,ba1faeb1b3ef961105456b0b0638e47a2f7c151eafaf066bee2b02386f47e0e9,True,True,False
A0_E3G,39,41039,/data/dxl/results/a0_e3g_compat64/generation/A0/41039/generated_crystals.extxyz,/data/dxl/results/a0_e3g_compat64/refined/A0_E3G/39/refined_structure.extxyz,0.9096234843047112,True,5,0,0,0.0010006733945202948,3.771085596511219,56688c92f3bd577412fdc1e5a53483b16eb94fe47fdf3d7ec176479f05467a26,1ac29264510f0d1e854c870a90de50eec6513abbeb966e617c54143097b5e9b9,True,True,False
A0_E3G,40,41040,/data/dxl/results/a0_e3g_compat64/generation/A0/41040/generated_crystals.extxyz,/data/dxl/results/a0_e3g_compat64/refined/A0_E3G/40/refined_structure.extxyz,0.9349112700132572,True,5,0,0,0.0018059241229906391,3.7988820226970708,2bb6164a2784c8708384aa9162e80f7d5e29db2e0c9024049f7644d706a8e577,f5c4a2980bc337657356ab220e5541957ce62f28ca8147634cd2c3be4a4f3e5f,True,True,False
A0_E3G,41,41041,/data/dxl/results/a0_e3g_compat64/generation/A0/41041/generated_crystals.extxyz,/data/dxl/results/a0_e3g_compat64/refined/A0_E3G/41/refined_structure.extxyz,0.6954457631168536,True,5,0,0,0.01665649123087453,2.4327092771214667,2b5fcbb13617d22a00e7ccd96be02e6d43fa52296cff6cb151901f4cc6495847,77c7ccc7507d94fb1986adfe6f74def6ffcddff86dbeebf7380cd23732961e82,True,True,False
A0_E3G,42,41042,/data/dxl/results/a0_e3g_compat64/generation/A0/41042/generated_crystals.extxyz,/data/dxl/results/a0_e3g_compat64/refined/A0_E3G/42/refined_structure.extxyz,0.9855376049095883,True,5,0,0,0.04079950940907184,2.2714173380630283,4f99e5da2c8afb301eaf431fd2f27ac5646d96c5f511853b4faadaf700decfcd,96540732695b3ff43c0b9605adcc3b028f99f835689882a2ec72f886b8f81e17,True,True,False
A0_E3G,43,41043,/data/dxl/results/a0_e3g_compat64/generation/A0/41043/generated_crystals.extxyz,/data/dxl/results/a0_e3g_compat64/refined/A0_E3G/43/refined_structure.extxyz,0.01514424517545329,False,0,0,0,0.0,3.722447815574439,4047ac1731cde6d12408104a42d2eaa5f0335a014d37a1e415249764c4a6ba32,4047ac1731cde6d12408104a42d2eaa5f0335a014d37a1e415249764c4a6ba32,True,True,True
A0_E3G,44,41044,/data/dxl/results/a0_e3g_compat64/generation/A0/41044/generated_crystals.extxyz,/data/dxl/results/a0_e3g_compat64/refined/A0_E3G/44/refined_structure.extxyz,0.07960899410645104,False,0,0,0,0.0,4.0446191179281294,f5de445b7be25426d249eae72d9a2b790980eae7a9b7e2028d47a32b956c4be1,f5de445b7be25426d249eae72d9a2b790980eae7a9b7e2028d47a32b956c4be1,True,True,True
A0_E3G,45,41045,/data/dxl/results/a0_e3g_compat64/generation/A0/41045/generated_crystals.extxyz,/data/dxl/results/a0_e3g_compat64/refined/A0_E3G/45/refined_structure.extxyz,0.08480443608840174,False,0,0,0,0.0,2.879854489580322,90e372b9b3a49266df5eb16b6d2474e054d28728659c0879483c43028481c5b4,90e372b9b3a49266df5eb16b6d2474e054d28728659c0879483c43028481c5b4,True,True,True
A0_E3G,46,41046,/data/dxl/results/a0_e3g_compat64/generation/A0/41046/generated_crystals.extxyz,/data/dxl/results/a0_e3g_compat64/refined/A0_E3G/46/refined_structure.extxyz,0.9349415945176823,True,5,0,0,0.014532549787979503,2.040254851463175,dff7e05c768ff4975d386611091e4c429df8d2f9c4785ac2bd1069d2f1939935,0b7fdcf4234a2628bc314531b2e603c1c9cdf20833e97209412cdf5ecb844ce4,True,True,False
A0_E3G,47,41047,/data/dxl/results/a0_e3g_compat64/generation/A0/41047/generated_crystals.extxyz,/data/dxl/results/a0_e3g_compat64/refined/A0_E3G/47/refined_structure.extxyz,0.7094413169953431,True,5,0,0,0.008719787552073494,1.9143536249756892,503e2ba2ea7f38f285457905b6361a7d5a2d6315629592f72228c6de892fe74d,5203fff0f8c48e3af849d5bf7e2b2de18665d1a60c067b7dd7acf90afed499db,True,True,False
A0_E3G,48,41048,/data/dxl/results/a0_e3g_compat64/generation/A0/41048/generated_crystals.extxyz,/data/dxl/results/a0_e3g_compat64/refined/A0_E3G/48/refined_structure.extxyz,0.9772324532280634,True,5,0,0,0.012872278946115655,2.624225021426179,c5a6996022946b2042acfea2f8136d61d20be7d67f9d778094bc067adf2b6695,af04c16fbe8ad892101c6df7747d425e94dccc168221b4468d5e405d1587c339,True,True,False
A0_E3G,49,41049,/data/dxl/results/a0_e3g_compat64/generation/A0/41049/generated_crystals.extxyz,/data/dxl/results/a0_e3g_compat64/refined/A0_E3G/49/refined_structure.extxyz,0.8331329934382371,True,5,0,0,0.0028206076654683733,2.376423174075278,91b7b4b1af3fc790865a4fd04f616ed5c0b17ded7fabbffc2f16629047cc9e50,17b4249ceeacd12c2b2f5276af2be1063bbb6409368f25da669742432ff6634d,True,True,False
A0_E3G,50,41050,/data/dxl/results/a0_e3g_compat64/generation/A0/41050/generated_crystals.extxyz,/data/dxl/results/a0_e3g_compat64/refined/A0_E3G/50/refined_structure.extxyz,0.9824766009984643,True,5,0,0,0.019865593368336973,2.216255310478132,f8e08c4085551c531a30ae6501eb0ad975ba3b30eed7e3e6bd91d9533fdbdb3b,8d05794af2802203fd480c3a8f70ee990ff7310bccb9e6e5e33ef6de45cd5af7,True,True,False
A0_E3G,51,41051,/data/dxl/results/a0_e3g_compat64/generation/A0/41051/generated_crystals.extxyz,/data/dxl/results/a0_e3g_compat64/refined/A0_E3G/51/refined_structure.extxyz,0.1295965246107461,False,0,0,0,0.0,1.9429956434324083,aa963627eff89a37f3ebbe0879183175bdfe9451bd34cc411a527e99b4a027c3,aa963627eff89a37f3ebbe0879183175bdfe9451bd34cc411a527e99b4a027c3,True,True,True
A0_E3G,52,41052,/data/dxl/results/a0_e3g_compat64/generation/A0/41052/generated_crystals.extxyz,/data/dxl/results/a0_e3g_compat64/refined/A0_E3G/52/refined_structure.extxyz,0.9618321661779204,True,5,0,0,0.01128237869497815,3.449131730704515,c85f2497aae1beac4813212f34e4f6dd34aa116e803b8afe982f396c17622234,1e3510d428480ab95b4380437cbc058b2b86111cfc967e6cfc001265971f79e7,True,True,False
A0_E3G,53,41053,/data/dxl/results/a0_e3g_compat64/generation/A0/41053/generated_crystals.extxyz,/data/dxl/results/a0_e3g_compat64/refined/A0_E3G/53/refined_structure.extxyz,0.8902908917152464,True,5,0,0,0.014304756280084213,1.345433416138763,eea2b0b5e6118d240e5e816aae20624aa5fd8abcc8481382920e7e6e37d2898b,9bd4b628f639cb6331a8af3fce970bce661a7b26fa523398594a72bc4f397b30,True,True,False
A0_E3G,54,41054,/data/dxl/results/a0_e3g_compat64/generation/A0/41054/generated_crystals.extxyz,/data/dxl/results/a0_e3g_compat64/refined/A0_E3G/54/refined_structure.extxyz,0.05228396322463349,False,0,0,0,0.0,2.448932388456169,c5bcbe0f420edf6ebeb152c2d9e9a213796dd85fa74f93620c7a2cf609807af5,c5bcbe0f420edf6ebeb152c2d9e9a213796dd85fa74f93620c7a2cf609807af5,True,True,True
A0_E3G,55,41055,/data/dxl/results/a0_e3g_compat64/generation/A0/41055/generated_crystals.extxyz,/data/dxl/results/a0_e3g_compat64/refined/A0_E3G/55/refined_structure.extxyz,0.7666487887140697,True,5,0,0,0.020137862167601456,2.127313092792237,444e1bac62db4cbc5a39dc89db6b2fdf248ee2f1d7a4322012860e53e97e556d,a6d4e8f3d2e2b596bbfae046fff58a959153650514dd04c9d6d117ad702951f2,True,True,False
A0_E3G,56,41056,/data/dxl/results/a0_e3g_compat64/generation/A0/41056/generated_crystals.extxyz,/data/dxl/results/a0_e3g_compat64/refined/A0_E3G/56/refined_structure.extxyz,0.04779186225325555,False,0,0,0,0.0,3.409949232919084,a00f6d5bb41aeb23dee7a3ea4d129a62ceccfec825221cd367f38371c981ac26,a00f6d5bb41aeb23dee7a3ea4d129a62ceccfec825221cd367f38371c981ac26,True,True,True
A0_E3G,57,41057,/data/dxl/results/a0_e3g_compat64/generation/A0/41057/generated_crystals.extxyz,/data/dxl/results/a0_e3g_compat64/refined/A0_E3G/57/refined_structure.extxyz,0.058998558397246166,False,0,0,0,0.0,2.4321474853291947,1b2c17de84d290d19d96d1b0cfe49fa9e567bfa7e56683ec7261d58080f8c0ec,1b2c17de84d290d19d96d1b0cfe49fa9e567bfa7e56683ec7261d58080f8c0ec,True,True,True
A0_E3G,58,41058,/data/dxl/results/a0_e3g_compat64/generation/A0/41058/generated_crystals.extxyz,/data/dxl/results/a0_e3g_compat64/refined/A0_E3G/58/refined_structure.extxyz,0.04649856377994025,False,0,0,0,0.0,2.444981255722538,951df1dfa6843341ac8e90158c9b810eeb94c901e34fdd11ebb1450b579120d5,951df1dfa6843341ac8e90158c9b810eeb94c901e34fdd11ebb1450b579120d5,True,True,True
A0_E3G,59,41059,/data/dxl/results/a0_e3g_compat64/generation/A0/41059/generated_crystals.extxyz,/data/dxl/results/a0_e3g_compat64/refined/A0_E3G/59/refined_structure.extxyz,0.7829877800267983,True,5,0,0,0.016496559546945292,2.546693227698026,ccca6ef195f68f63f79162c6e6e940e76c5e1f8ccc534105ea1c31c39e81821d,a8e3522da72b9d6da71868cd99cfb1cb99be8865f58c2eb84f8c656e121e5e1a,True,True,False
A0_E3G,60,41060,/data/dxl/results/a0_e3g_compat64/generation/A0/41060/generated_crystals.extxyz,/data/dxl/results/a0_e3g_compat64/refined/A0_E3G/60/refined_structure.extxyz,0.9960288355111377,True,5,0,0,0.025432852907188407,1.628595961683789,f723d591ce1626bcba1f9369683ed984b149c952a3a553d83eef7604c8740e61,7217dfefa01d45a1c39b59c25d465fd02d346f006319a928ccbe6951d592e349,True,True,False
A0_E3G,61,41061,/data/dxl/results/a0_e3g_compat64/generation/A0/41061/generated_crystals.extxyz,/data/dxl/results/a0_e3g_compat64/refined/A0_E3G/61/refined_structure.extxyz,0.8558099527574816,True,5,0,0,0.016589969041442644,2.8951996554516657,190d74ce89a9b20ebb5db4d2a612192879cd731d449243e6e83cf018438a9e38,3bb2d13264819e3674e374d95ee0d5dfe53eed1848e27fef03d6e0871174aa33,True,True,False
A0_E3G,62,41062,/data/dxl/results/a0_e3g_compat64/generation/A0/41062/generated_crystals.extxyz,/data/dxl/results/a0_e3g_compat64/refined/A0_E3G/62/refined_structure.extxyz,0.48863276050804183,False,0,0,0,0.0,3.5695256878934742,0ab457f2caf87904c32962f6bbc88053c0483cc9729edf236345841be828ba99,0ab457f2caf87904c32962f6bbc88053c0483cc9729edf236345841be828ba99,True,True,True
A0_E3G,63,41063,/data/dxl/results/a0_e3g_compat64/generation/A0/41063/generated_crystals.extxyz,/data/dxl/results/a0_e3g_compat64/refined/A0_E3G/63/refined_structure.extxyz,0.9486191859817205,True,5,0,0,0.0005754835207023154,2.4573860860038237,b1b8c12a6ca2b4fcc01c2fc70da77064b9d3a2fa4f7f1a5d04880b1f74b4ddb7,b7c2181137701784926c327e729b54f399372d4dc4e0de50fde7bab257422e42,True,True,False
