method,seed,pool_id,candidate_seed,energy_ev,energy_per_atom_ev,maximum_force_ev_ang,pre_relax_max_force_ev_ang,converged,relax_elapsed_seconds,steps,formula,chemical_system,pre_relax_minimum_distance_angstrom,pre_relax_short_bond,pre_relax_abnormal_cell,energy_above_hull_per_atom,rmsd_from_relaxation,novel_unique_stable,stable,comp_validity,structure_comp_validity,structure_validity,novel,novel_unique,unique,is_unique,is_novel,is_explored,energy_above_hull,self_consistent_energy_above_hull,formal_seed
A0_E3G,0,0,20000,-68.97468566894531,-8.621835708618164,0.0291996207088232,0.1543538888181873,True,0.768282947014086,25,Eu2InN,Eu-In-N,2.48757951592198,False,False,0.0641767065410743,0.024431522570626,True,True,True,True,True,True,True,True,True,True,True,0.0641767065410743,0.0641767065410743,20000
A0_E3G,1,1,20001,-106.71725463867188,-8.893104553222656,0.0355884358286857,0.2194778427725968,True,1.238083353033289,38,Eu7Au3N2,Au-Eu-N,2.353738153908854,False,False,0.1584488180387389,0.0347598673997072,False,False,False,False,True,True,True,True,True,True,True,0.1584488180387389,0.1584488180387389,20001
A0_E3G,2,2,20002,-24.12936782836914,-6.032341957092285,0.0331848673522472,0.0394946304245908,True,0.3961989440722391,3,Eu2MgZn,Eu-Mg-Zn,3.2606462128987785,False,False,0.0111244541042472,0.0017613366489677,False,True,True,True,True,False,False,True,True,False,True,0.0111244541042472,0.0111244541042472,20002
A0_E3G,3,3,20003,-57.96380615234375,-6.440422905815972,0.0279280897229909,0.2395420854504195,True,2.5216461509699,75,Fe3Ni2Ge3Pt,Fe-Ge-Ni-Pt,2.3539546657418926,False,False,0.1496510417475685,0.100934813234891,False,False,True,True,True,True,True,True,True,True,False,0.1496510417475685,0.1496510417475685,20003
A0_E3G,4,4,20004,-28.96510887145996,-7.24127721786499,0.0339448563754558,0.1398700944381372,True,1.617096550995484,42,FeCo2Pt,Co-Fe-Pt,2.350238714059517,False,False,0.0782386502880925,1.1708509388233512,False,True,True,True,True,False,False,True,True,False,True,0.0782386502880925,0.0782386502880925,20004
A0_E3G,5,5,20005,-61.89351272583008,-6.8770569695366754,0.031366728246212,0.0751200605348093,True,0.6554386159405112,21,EuGaPd,Eu-Ga-Pd,2.747919465844824,False,False,0.0359248765666961,0.0109399668344811,False,True,True,True,True,False,False,True,True,False,True,0.0359248765666961,0.0,20005
A0_E3G,6,6,20006,-95.9123306274414,-6.8508807591029575,0.0468446798622608,0.0557651254005327,True,0.3056970459874719,6,Mg2Mn4NiO7,Mg-Mn-Ni-O,2.13696396628346,False,False,0.1771744495867864,0.0004770018114462,False,False,True,True,True,True,True,True,True,True,True,0.1771744495867864,0.1771744495867864,20006
A0_E3G,7,7,20007,-101.42262268066406,-8.451885223388672,0.0480443872511386,0.2974162196230696,True,1.8935449119890109,50,EuGd2F9,Eu-F-Gd,2.1912729852036144,False,False,0.0856510941120216,0.0343689932033605,True,True,True,True,True,True,True,True,True,True,False,0.0856510941120216,0.0856510941120181,20007
A0_E3G,8,8,20008,-26.37723159790039,-6.594307899475098,0.0188925098627805,0.0324633400735009,True,0.5153198130428791,15,Eu2HgAu,Au-Eu-Hg,3.094320416183657,False,False,0.1560061582065914,0.0014312369310948,False,False,True,True,True,True,True,True,True,True,True,0.1560061582065914,0.1560061582065914,20008
A0_E3G,9,9,20009,-34.025428771972656,-8.506357192993164,0.0048282267525792,0.0248089520647876,True,0.5885269419522956,12,Eu3Tl,Eu-Tl,3.3564732945247098,False,False,0.0460546870235756,0.0045209587150278,True,True,True,True,True,True,True,True,True,True,True,0.0460546870235756,0.0167875118763287,20009
A0_E3G,10,10,20010,-72.75274658203125,-7.275274658203125,0.0469850338995456,0.3631735960951412,True,1.5160988939460367,67,EuO4,Eu-O,1.3600790424177305,False,False,0.192117321225604,0.0599490532680701,False,False,True,True,True,True,True,True,True,True,True,0.192117321225604,0.0,20010
A0_E3G,11,11,20011,-42.57560348510742,-8.515120697021484,0.0062409774400293,0.0064713624660725,True,0.2187037320109084,3,Eu3HgN,Eu-Hg-N,2.5518080203471225,False,False,0.0988838013801913,0.0014671588070994,False,True,False,False,True,False,False,True,True,False,True,0.0988838013801913,0.0988838013801913,20011
A0_E3G,12,12,20012,-63.132110595703125,-7.891513824462891,0.0488796830177307,0.1143168690775167,True,0.9140983980614692,30,Eu5MgAu2,Au-Eu-Mg,2.8805068943100443,False,False,0.0325565551480337,0.061903748448715,True,True,True,True,True,True,True,True,True,True,True,0.0325565551480337,0.0325565551480337,20012
A0_E3G,13,13,20013,-32.84022903442383,-8.210057258605957,0.007497290149331,0.0100637839285313,True,0.3545700641116127,8,Mn2PtRh,Mn-Pt-Rh,2.6613185163116806,False,False,0.0126187448546009,0.000561430505536,False,True,True,True,True,False,False,True,True,False,True,0.0126187448546009,0.0,20013
A0_E3G,14,14,20014,-117.89408111572266,-6.549671173095703,0.0411840975284576,0.1302953060207488,True,1.2097537859808654,27,Mn2OF3,F-Mn-O,1.8677776863288853,False,False,0.1648826156274605,0.0122827665106945,False,False,True,True,True,True,True,True,True,True,True,0.1648826156274605,0.1648826156274605,20014
A0_E3G,15,15,20015,-179.27259826660156,-8.963629913330077,0.0369672924280166,0.1789865454226097,True,1.5117071450222284,37,Gd2MgSbO6,Gd-Mg-O-Sb,2.109608472460823,False,False,0.223843097768869,0.0078721219432426,False,False,True,True,True,True,True,True,True,True,False,0.223843097768869,0.223843097768869,20015
A0_E3G,16,16,20016,-59.7423210144043,-7.467790126800537,0.0462893508374691,0.0680526321062358,True,0.4833333400310948,12,BeFe5Si2,Be-Fe-Si,2.319244759135515,False,False,0.0080965854000041,0.0023528176985867,True,True,False,False,True,True,True,True,True,True,True,0.0080965854000041,0.0,20016
A0_E3G,17,17,20017,-116.28648376464844,-6.460360209147136,0.048025656491518,0.3528483313271017,True,3.0159829809563234,89,Mn5FeO5F7,F-Fe-Mn-O,1.872032390085824,False,False,0.27361125725559,0.0482270000241402,False,False,True,True,True,True,True,True,True,True,False,0.27361125725559,0.27361125725559,20017
A0_E3G,18,18,20018,-114.39219665527344,-7.14951229095459,0.0493580028414726,0.5838458752646329,True,1.7651411469560117,68,LiMn3O4,Li-Mn-O,1.9930089418900216,False,False,0.2147593763698161,0.0402791226930498,False,False,True,True,True,True,True,True,True,True,True,0.2147593763698161,0.1720302514260634,20018
A0_E3G,19,19,20019,-90.22134399414062,-7.518445332845052,0.0386156104505062,0.1800978550552021,True,2.0344863899517804,62,FeCo2,Co-Fe,2.420613424644224,False,False,0.0986740393076832,0.0783088930797914,False,True,True,True,True,False,False,True,True,False,True,0.0986740393076832,0.0768197948940887,20019
A0_E3G,20,20,20020,-102.29351806640624,-6.393344879150391,0.0437035448849201,0.1156836366790601,True,1.1106923759216445,28,CaMn2FeS4,Ca-Fe-Mn-S,2.507883289263376,False,False,0.2643647606838675,0.0058506005180113,False,False,True,True,True,True,True,True,True,True,False,0.2643647606838675,0.2643647606838675,20020
A0_E3G,21,21,20021,-83.72383117675781,-8.372383117675781,0.0401985980570316,0.6759954933436004,True,1.2488322400022298,43,Mn7HN2,H-Mn-N,1.884489191163932,False,False,0.2841967059591219,0.0359264420607653,False,False,True,True,True,True,True,True,True,True,True,0.2841967059591219,0.2841967059591219,20021
A0_E3G,22,22,20022,-70.6782455444336,-8.8347806930542,0.0111026894301176,0.0179645770902749,True,0.3014518159907311,6,PrEu3,Eu-Pr,3.843828272861112,False,False,0.0943245989259473,0.0048431028618341,False,True,True,True,True,False,False,True,True,False,True,0.0943245989259473,0.0943245989259473,20022
A0_E3G,23,23,20023,-105.69358825683594,-7.046239217122396,0.0491103157401084,0.446535766382177,True,2.331775591010228,74,V2Fe4O9,Fe-O-V,1.6798901841025122,False,False,0.2833738412647264,0.0528808965121951,False,False,True,True,True,True,True,True,True,True,True,0.2833738412647264,0.28337384126473,20023
A0_E3G,24,24,20024,-29.15857315063477,-7.289643287658691,0.0360133610665798,0.1644265218690846,True,0.6108435249188915,18,Fe2NiPt,Fe-Ni-Pt,2.5698559646772066,False,False,0.0860560080941699,0.0461417746050734,False,True,True,True,True,False,False,True,True,False,True,0.0860560080941699,0.0642493299041699,20024
A0_E3G,25,25,20025,-158.4576873779297,-7.922884368896485,0.1583128720521927,0.4950814901289159,False,13.841656610020436,500,Fe7SiB2,B-Fe-Si,1.992454455850755,False,False,0.2183559004746964,0.2454947121681223,False,False,True,True,True,True,True,True,True,True,True,0.2183559004746964,0.2183559004746964,20025
A0_E3G,26,26,20026,-90.4863510131836,-6.463310786655971,0.0471855998039245,0.8028762705133115,True,7.203086222987622,252,Li3Fe2Si2O7,Fe-Li-O-Si,1.6166456954828776,False,False,0.3652497934480445,0.2390318629441905,False,False,True,True,True,True,True,True,True,True,True,0.3652497934480445,0.3517080584380405,20026
A0_E3G,27,27,20027,-57.14186477661133,-6.349096086290148,0.0495709553360939,0.0695570153513996,True,0.9445503669558092,27,CaEuSi,Ca-Eu-Si,2.990653588766764,False,False,0.0026289268899635,0.0031988637159376,True,True,True,True,True,True,True,True,True,True,True,0.0026289268899635,0.0026289268899635,20027
A0_E3G,28,28,20028,-177.68844604492188,-8.884422302246094,0.0498949214816093,0.315620775235542,True,1.4255928300553933,55,Gd2FeCuO6,Cu-Fe-Gd-O,1.8402633572996,False,False,0.219095741559828,0.025976863334932,False,False,True,True,True,True,True,True,True,True,True,0.219095741559828,0.219095741559828,20028
A0_E3G,29,29,20029,-45.16565704345703,-9.033131408691409,0.0286980830132961,0.0315592780595535,True,0.3009037841111421,2,Eu3PtRh,Eu-Pt-Rh,2.7185480926628407,False,False,0.4982898777899205,0.0027156361862999,False,False,True,True,True,True,True,True,True,True,False,0.4982898777899205,0.4982898777899205,20029
A0_E3G,30,30,20030,-79.63943481445312,-6.636619567871094,0.0418669916689395,0.1048892255259211,True,0.4594373370055109,19,ZnFe3,Fe-Zn,2.4458099929086767,False,False,0.0514581044604955,0.0085431308636772,True,True,True,True,True,True,True,True,True,True,True,0.0514581044604955,0.0349237136188289,20030
A0_E3G,31,31,20031,-39.05057907104492,-7.810115814208984,0.0122219314798712,0.1209657094503108,True,0.3689346769824624,15,Eu3H2,Eu-H,2.404207063508211,False,False,0.0834091571104451,0.0028212660016002,True,True,False,False,True,True,True,True,True,True,True,0.0834091571104451,0.0415071717120856,20031
A0_E3G,32,32,20032,-71.82774353027344,-7.9808603922526045,0.0468105114996433,0.2476285423167964,True,2.165169215993956,85,EuFeGe,Eu-Fe-Ge,2.5055542889414606,False,False,0.3099043529107845,0.2535072017374947,False,False,True,True,True,True,True,True,True,True,True,0.3099043529107845,0.3099043529107845,20032
A0_E3G,33,33,20033,-47.384376525878906,-6.769196646554129,0.0029057958163321,0.0049434653685342,True,0.3020275300368666,12,Eu3PbI3,Eu-I-Pb,3.2934664455441127,False,False,0.078663251060167,0.001794352358376,True,True,False,False,True,True,True,True,True,True,True,0.078663251060167,0.078663251060167,20033
A0_E3G,34,34,20034,-90.23025512695312,-7.519187927246094,0.0497218258678913,0.1224265759482383,True,0.6065108450129628,27,ErFe3,Er-Fe,2.456758820174868,False,False,0.0829042813146614,0.0056651797643804,True,True,True,True,True,True,True,True,True,True,True,0.0829042813146614,0.0,20034
A0_E3G,35,35,20035,-63.09818649291992,-7.010909610324436,0.0490893349051475,0.1545495488738984,True,0.8823449449846521,35,Fe5Pd4,Fe-Pd,2.5812675955331223,False,False,0.0734707089649688,0.0137739785181096,True,True,True,True,True,True,True,True,True,True,True,0.0734707089649688,0.0,20035
A0_E3G,36,36,20036,-50.57992172241211,-12.644980430603027,0.0123917926102876,0.0151377807247766,True,0.0985459979856386,4,Gd2NO,Gd-N-O,2.466867404992912,False,False,0.0306727464118452,0.0010479734815673,False,True,True,True,True,False,False,True,True,False,True,0.0306727464118452,0.0,20036
A0_E3G,37,37,20037,-90.88031005859376,-7.573359171549479,0.0467938855290412,0.1310382871948987,True,0.4291985769523307,17,Nd2DyMn2Fe7,Dy-Fe-Mn-Nd,2.4165540607615448,False,False,0.1066798212585791,0.005305949342214,False,False,True,True,True,True,True,True,True,True,False,0.1066798212585791,0.1066798212585791,20037
A0_E3G,38,38,20038,-117.0541000366211,-6.503005557590061,0.0466220788657665,0.3303301576210137,True,1.0681336909765378,39,Mn3OF5,F-Mn-O,1.9431474910563704,False,False,0.1495133611085446,0.0069768126655788,False,False,True,True,True,False,False,True,True,False,True,0.1495133611085446,0.1495133611085446,20038
A0_E3G,39,39,20039,-94.45802307128906,-5.903626441955566,0.0439146868884563,0.4917981829605581,True,1.5392107309307903,55,Li3MnFe2(HO4)2,Fe-H-Li-Mn-O,0.9815510520132612,False,False,0.1732956839076083,0.0697923942714127,False,False,True,True,True,True,True,True,True,True,False,0.1732956839076083,0.1732956839076083,20039
A0_E3G,40,40,20040,-23.74653625488281,-5.936634063720703,0.0019399127922952,0.0021763234153467,True,0.2028812010539695,7,Eu2ZnHg,Eu-Hg-Zn,3.333191280682788,False,False,0.0244505836674608,0.0014023938154514,False,True,True,True,True,False,False,True,True,False,True,0.0244505836674608,0.0244505836674608,20040
A0_E3G,41,41,20041,-42.63379287719727,-7.105632146199544,0.022853335365653,0.1012551365413988,True,0.4162263029720634,16,FeCoNi,Co-Fe-Ni,2.4533894118408988,False,False,0.0949392025792406,0.0084240861912884,False,True,True,True,True,False,False,True,True,False,True,0.0949392025792406,0.0942537104022402,20041
A0_E3G,42,42,20042,-80.81260681152344,-8.979178534613716,0.049351867288351,0.0527928883241536,True,0.2483556710649281,9,Eu6CuAs2,As-Cu-Eu,3.0786158559921537,False,False,0.0870654131128194,0.0036385853550168,True,True,False,False,True,True,True,True,True,True,True,0.0870654131128194,0.0870654131128194,20042
A0_E3G,43,43,20043,-49.71504592895508,-8.28584098815918,0.0492248944938182,0.122676866572183,True,0.6123869010480121,22,GdCuPd,Cu-Gd-Pd,2.820613701077629,False,False,0.121315834754629,0.011946526814398,False,False,True,True,True,True,True,True,True,True,True,0.121315834754629,0.103739849492296,20043
A0_E3G,44,44,20044,-24.20569610595703,-6.051424026489258,0.0352270975708961,0.0424701388198569,True,0.0552745640743523,2,FeCuNi2,Cu-Fe-Ni,2.468106280393079,False,False,0.0474922175849013,0.0008919344160696,False,True,True,True,True,False,False,True,True,False,True,0.0474922175849013,0.0474922175849013,20044
A0_E3G,45,45,20045,-86.42652893066406,-7.202210744222005,0.0485041439533233,0.1314019737016792,True,1.3309309200849384,48,TmFe3Co8,Co-Fe-Tm,2.3279046609687013,False,False,0.1556890067214666,0.0234546446734591,False,False,True,True,True,True,True,True,True,True,True,0.1556890067214666,0.1521424356352252,20045
A0_E3G,46,46,20046,-90.1112823486328,-9.011128234863282,0.0381518490612506,0.0579492079935191,True,0.7884353729896247,30,Eu3FeO6,Eu-Fe-O,2.0505222963779053,False,False,0.2125601811014839,0.0100417964520124,False,False,True,True,True,True,True,True,True,True,True,0.2125601811014839,0.1745066983634835,20046
A0_E3G,47,47,20047,-26.739280700683597,-6.684820175170898,0.0228118952363729,0.0250994430734815,True,0.071628289995715,3,SmEu2Mg,Eu-Mg-Sm,3.5144044968952146,False,False,0.1046360129906442,0.0007575729097239,False,False,True,True,True,True,True,True,True,True,True,0.1046360129906442,0.1046360129906442,20047
A0_E3G,48,48,20048,-86.75778198242188,-8.675778198242188,0.0482203662395477,0.1533569371888065,True,0.6761381529504433,25,NaEu2ReO6,Eu-Na-O-Re,1.9152552369855684,False,False,0.1006408057356562,0.0207957590032022,False,False,True,True,True,False,False,True,True,False,True,0.1006408057356562,0.074113313926551,20048
A0_E3G,49,49,20049,-91.87850189208984,-7.65654182434082,0.0416504368185997,0.057964090059445,True,1.0662033240078015,38,EuCo4B,B-Co-Eu,2.040369260158311,False,False,0.0903492994037051,0.0074644387987101,True,True,False,False,True,True,True,True,True,True,True,0.0903492994037051,0.0542147912165233,20049
A0_E3G,50,50,20050,-75.68343353271484,-7.5683433532714846,0.0489259697496891,0.227943746653314,True,1.1311337560182435,45,EuCu2ReO6,Cu-Eu-O-Re,1.920561723347272,False,False,0.1878543133191978,0.0174410409000855,False,False,True,True,True,True,True,True,True,True,False,0.1878543133191978,0.1878543133191978,20050
A0_E3G,51,51,20051,-60.92597961425781,-8.703711373465401,0.0378249883651733,0.1924378223586911,True,0.6270180640276521,25,Eu3(PPt)2,Eu-P-Pt,2.287802487660741,False,False,0.0997167536774767,0.0148242618843396,True,True,False,False,True,True,True,True,True,True,True,0.0997167536774767,0.0285694041889019,20051
A0_E3G,52,52,20052,-73.7889175415039,-5.270636967250279,0.0455003157258033,0.3481568127215548,True,1.2110824410337957,43,MgFe(NiO2)4,Fe-Mg-Ni-O,1.9082585418606264,False,False,0.3167878577624066,0.0251007222365849,False,False,True,True,True,True,True,True,True,True,True,0.3167878577624066,0.3167878577624066,20052
A0_E3G,53,53,20053,-27.67681312561035,-6.919203281402588,0.003352927044034,0.005544875071505,True,0.4188583130016923,15,Eu2CdSn,Cd-Eu-Sn,3.437256702197862,False,False,0.0454871739559328,0.0015175134010206,False,True,True,True,True,False,False,True,True,False,True,0.0454871739559328,0.0043579206821826,20053
A0_E3G,54,54,20054,-44.81954193115234,-7.469923655192058,0.0522326119244098,0.049800102543603,True,0.6348776560043916,26,EuNi2,Eu-Ni,2.6800597126016648,False,False,0.0212077882805203,0.0016642496107989,False,True,True,True,True,False,False,True,True,False,True,0.0212077882805203,0.0,20054
A0_E3G,55,55,20055,-103.58939361572266,-8.632449467976889,0.0478012040257453,0.218920371143953,True,0.5896985589060932,23,CrFe5,Cr-Fe,2.432413609418228,False,False,0.0384950061749425,0.0160565802775271,False,True,True,True,True,False,False,True,True,False,True,0.0384950061749425,0.0384950061749425,20055
A0_E3G,56,56,20056,-41.406982421875,-10.35174560546875,0.0272379554808139,0.2248769101865198,True,0.4144958370598033,16,GdScO2,Gd-O-Sc,2.191053226349217,False,False,0.2286543108483343,0.0060585700621183,False,False,True,True,True,False,False,True,True,False,True,0.2286543108483343,0.2286543108483343,20056
A0_E3G,57,57,20057,-62.62005615234375,-7.827507019042969,0.0427675656974315,0.1818330243772092,True,0.7228276359383017,27,FeCo,Co-Fe,2.4439782789963704,False,False,0.0327813666203908,0.0055756135517152,False,True,True,True,True,False,False,True,True,False,True,0.0327813666203908,0.0,20057
A0_E3G,58,58,20058,-29.077938079833984,-9.692646026611328,0.0075503839179873,0.0066222491240854,True,0.0468232129933312,2,GdHO,Gd-H-O,2.330431656503253,False,False,0.0412102425413163,0.0009254993331898,False,True,True,True,True,False,False,True,True,False,True,0.0412102425413163,0.0018282132390954,20058
A0_E3G,59,59,20059,-99.78217315673828,-9.978217315673827,0.047253705561161,0.1899180689520704,True,0.9005682970164344,35,Eu3ZrO6,Eu-O-Zr,2.102894655958324,False,False,-0.0072213023649361,0.029457949271384,True,True,True,True,True,True,True,True,True,True,True,-0.0072213023649361,0.0,20059
A0_E3G,60,60,20060,-61.4350814819336,-7.679385185241699,0.0519305393099784,0.1746251541975873,True,2.521268715034239,96,LiEu3F4,Eu-F-Li,1.9138984267910204,False,False,0.2851691450796974,0.711433801561854,False,False,False,False,True,True,True,True,True,True,True,0.2851691450796974,0.2851691450796974,20060
A0_E3G,61,61,20061,-66.54087829589844,-6.654087829589844,0.0450000427663326,0.6615970667923068,True,1.808627492049709,69,MnVFeO7,Fe-Mn-O-V,1.6205657419651645,False,False,0.4368803970159529,0.0587362309118919,False,False,True,True,True,True,True,True,True,True,True,0.4368803970159529,0.4368803970159529,20061
A0_E3G,62,62,20062,-69.31641387939453,-6.931641387939453,0.0383917093276977,0.0711373468334631,True,0.3037122780224308,11,MnSnO3,Mn-O-Sn,2.0725761276102705,False,False,0.0911233204230868,0.0009338505022285,False,True,True,True,True,False,False,True,True,False,True,0.0911233204230868,0.0604055405990884,20062
A0_E3G,63,63,20063,-36.246952056884766,-4.530869007110596,0.0430058240890502,0.0467352439947841,True,0.4477592749753967,17,EuMg2Cu,Cu-Eu-Mg,2.75520602907625,False,False,-0.0136408029360399,0.0057936527124564,False,True,True,True,True,False,False,True,True,False,True,-0.0136408029360399,0.0,20063
A0_E3G,64,64,20064,-50.0837516784668,-6.26046895980835,0.0494662895798683,0.0561239422997639,True,0.163629708928056,6,Eu4Zn3Ga,Eu-Ga-Zn,2.6476922549231143,False,False,0.0831149083523481,0.0032182279000466,True,True,True,True,True,True,True,True,True,True,True,0.0831149083523481,0.0780100479985979,20064
A0_E3G,65,65,20065,-32.37553024291992,-8.09388256072998,0.0089148413389921,0.0096294376276073,True,0.0588406440801918,3,SrEu3,Eu-Sr,4.000948217287421,False,False,0.0588239057045143,0.0002350018672041,False,True,True,True,True,False,False,True,True,False,True,0.0588239057045143,0.0588239057045143,20065
A0_E3G,66,66,20066,-136.7550048828125,-6.837750244140625,0.0842612460255622,1.5318041428149671,False,13.659517930937,500,Li3Mn6BClO9,B-Cl-Li-Mn-O,1.3902005619160875,False,False,0.3151853792331831,0.3310732703596407,False,False,True,True,True,True,True,True,True,True,False,0.3151853792331831,0.3151853792331831,20066
A0_E3G,67,67,20067,-68.64985656738281,-6.240896051580256,0.0453576035797596,0.1770346287937097,True,1.606123207020573,67,Eu3MnGa2AgSn4,Ag-Eu-Ga-Mn-Sn,2.771595154063834,False,False,0.1747326884539459,0.1638602915981842,False,False,True,True,True,True,True,True,True,True,False,0.1747326884539459,0.1747326884539459,20067
A0_E3G,68,68,20068,-70.6632080078125,-7.06632080078125,0.0496549122035503,0.8844240108110125,True,1.1396963419392705,42,Mn4ZnO5,Mn-O-Zn,1.8925117757660488,False,False,0.2523989094623768,0.0400324728273836,False,False,True,True,True,True,True,True,True,True,True,0.2523989094623768,0.2523989094623768,20068
A0_E3G,69,69,20069,-31.160377502441406,-7.790094375610352,0.0444778352975845,0.1570413477226029,True,0.5749456139747053,24,Eu2PdI,Eu-I-Pd,2.976325223693072,False,False,0.0475901708187311,0.0163465099493034,False,True,False,False,True,False,False,True,True,False,True,0.0475901708187311,0.0475901708187311,20069
A0_E3G,70,70,20070,-86.85504150390625,-8.685504150390624,0.0489883981645107,0.0256952267233231,True,0.4463636699365452,18,Eu3PtO6,Eu-O-Pt,1.9957691823916337,False,False,0.3057203743984349,0.0028614702729255,False,False,True,True,True,True,True,True,True,True,True,0.3057203743984349,0.259550838542685,20070
A0_E3G,71,71,20071,-33.25051498413086,-6.650102996826172,0.0440302528440952,0.217534378439839,True,0.6503380319336429,25,Mn2FeH2,Fe-H-Mn,1.8216147432941387,False,False,0.1158397883272694,0.0208098219675566,False,False,False,False,True,True,True,True,True,True,True,0.1158397883272694,0.1158397883272694,20071
A0_E3G,72,72,20072,-118.43450927734376,-6.57969495985243,0.0498144440352916,0.4739279130761952,True,1.3036226970143616,49,Mn3(OF2)2,F-Mn-O,1.8975662875337824,False,False,0.1986910164001756,0.0337411613861238,False,False,True,True,True,True,True,True,True,True,True,0.1986910164001756,0.1986910164001756,20072
A0_E3G,73,73,20073,-192.36428833007807,-9.618214416503909,0.05000901222229,0.3019372029467689,True,4.077859192970209,145,EuGd3P2CO13,C-Eu-Gd-O-P,1.278211903272262,False,False,0.0664428482826728,0.0476023551386303,True,True,True,True,True,True,True,True,True,True,False,0.0664428482826728,0.0664428482826728,20073
A0_E3G,74,74,20074,-77.03834533691406,-6.419862111409505,0.0392700843513011,0.0239724980429597,True,0.6092402508947998,22,EuNi9B2,B-Eu-Ni,2.014664451024498,False,False,0.1277241924516055,0.0015924282127768,False,False,False,False,True,True,True,True,True,True,True,0.1277241924516055,0.1277241924516046,20074
A0_E3G,75,75,20075,-31.935035705566406,-7.983758926391602,0.0145079409703612,0.1997868542018812,True,0.2700636610388756,10,Eu2SbBr,Br-Eu-Sb,3.188944532763347,False,False,0.0399913403262139,0.0331843135322074,True,True,True,True,True,True,True,True,True,True,True,0.0399913403262139,0.0306033482652487,20075
A0_E3G,76,76,20076,-112.9189910888672,-10.265362826260654,0.0503866672515869,0.5086659819820192,True,1.2301897890865805,46,Eu2Gd2O7,Eu-Gd-O,2.1670189069769066,False,False,0.2337746482274383,0.0177246617434239,False,False,True,True,True,True,True,True,True,True,False,0.2337746482274383,0.2337746482274383,20076
A0_E3G,77,77,20077,-29.28158950805664,-7.32039737701416,0.0162223558872938,0.0523079989651725,True,0.2798937610350549,11,Fe2NiPt,Fe-Ni-Pt,2.451802761134531,False,False,0.0519804770883105,0.0028169137723633,False,True,True,True,True,False,False,False,False,False,True,0.0519804770883105,0.0301737988983106,20077
A0_E3G,78,78,20078,-66.37133026123047,-8.296416282653809,0.038229014724493,0.8216216709838106,True,1.077273724018596,42,MnFeCoC,C-Co-Fe-Mn,1.8807802166492984,False,False,0.2874759574009946,0.0314963689385035,False,False,True,True,True,True,True,True,True,True,False,0.2874759574009946,0.2874759574009946,20078
A0_E3G,79,79,20079,-45.378639221191406,-7.563106536865234,0.0267973374575376,0.0793371613989615,True,0.5743099210085347,21,Fe2Co3Rh,Co-Fe-Rh,2.412136390454494,False,False,0.0964622591033226,0.0241206743535964,True,True,True,True,True,True,True,True,True,True,True,0.0964622591033226,0.0964622591033226,20079
A0_E3G,80,80,20080,-32.824913024902344,-8.206228256225586,0.0322319194674491,0.0123835282237065,True,1.292415972915478,53,Fe3Rh,Fe-Rh,2.6207266531041618,False,False,0.0301917632220511,0.030408911520074,False,True,True,True,True,False,False,True,True,False,True,0.0301917632220511,0.0,20080
A0_E3G,81,81,20081,-46.624610900878906,-7.770768483479817,0.0071040336042642,0.0162402236462062,True,0.3208050940884277,12,EuCo3B2,B-Co-Eu,2.0790630279508027,False,False,0.0722690163743617,0.0005558078253445,False,True,True,True,True,False,False,True,True,False,True,0.0722690163743617,0.0,20081
A0_E3G,82,82,20082,-92.6467514038086,-8.422431945800781,0.0476751215755939,0.1233260232605494,True,1.1272495279554278,43,Eu2GdF8,Eu-F-Gd,2.315056655407805,False,False,-0.0818209858418068,0.0079178742604605,True,True,True,True,True,True,True,True,True,True,False,-0.0818209858418068,0.0,20082
A0_E3G,83,83,20083,-111.49665069580078,-10.136059154163709,0.0507196709513664,0.173225789473803,True,1.1885604979470372,43,Eu5VN5,Eu-N-V,1.9494357124031785,False,False,0.1608401288047964,0.0171384629498898,False,False,True,True,True,True,True,True,True,True,True,0.1608401288047964,0.1411768657866137,20083
A0_E3G,84,84,20084,-44.16421890258789,-5.520527362823486,0.0439012013375759,0.121049086194236,True,0.4207081169588491,16,EuZnSb2,Eu-Sb-Zn,2.804040582523188,False,False,0.0401710861315764,0.0214424028685022,False,True,True,True,True,False,False,True,True,False,True,0.0401710861315764,0.0,20084
A0_E3G,85,85,20085,-74.55581665039062,-6.212984720865886,0.0367198623716831,0.0823842735078742,True,0.4343844479881227,16,EuH2,Eu-H,2.347659379938875,False,False,0.0698366423305998,0.0174687654171014,False,True,True,True,True,False,False,True,True,False,True,0.0698366423305998,0.0,20085
A0_E3G,86,86,20086,-48.23807907104492,-6.029759883880615,0.0448574125766754,0.0758139490351029,True,0.6298824419500306,24,LiEu,Eu-Li,2.950753074524904,False,False,0.0824733810736111,0.013126550909066,True,True,True,True,True,True,True,True,True,True,True,0.0824733810736111,0.0824733810736111,20086
A0_E3G,87,87,20087,-111.22406005859376,-5.853897897820724,0.0466093160212039,0.4991445586386624,True,2.887983981985599,108,Fe7(OF2)4,F-Fe-O,1.9274152750364903,False,False,0.3326015241272682,0.0595087396699868,False,False,False,False,True,True,True,True,True,True,True,0.3326015241272682,0.3326015241272682,20087
A0_E3G,88,88,20088,-23.305179595947266,-5.826294898986816,0.0057119256816804,0.071661425662401,True,0.1697438429109752,7,FeNi2H,Fe-H-Ni,1.7832601012138078,False,False,0.1020324788376072,0.0053129750120546,False,False,False,False,True,True,True,True,True,True,True,0.1020324788376072,0.1020324788376072,20088
A0_E3G,89,89,20089,-48.98201751708984,-8.16366958618164,0.0301861651241779,0.0836995595460513,True,0.3138038890901953,12,Fe3NiIr2,Fe-Ir-Ni,2.548594534151509,False,False,0.052089023435931,0.0346359434650132,True,True,True,True,True,True,True,True,True,True,True,0.052089023435931,0.052089023435931,20089
A0_E3G,90,90,20090,-210.9727478027344,-10.54863739013672,0.0453711785376071,0.2583997722820421,True,2.2787789250724018,80,Gd5DyV2O12,Dy-Gd-O-V,2.0218544696708687,False,False,0.1523970364840163,0.0231164511724819,False,False,True,True,True,True,True,True,True,True,False,0.1523970364840163,0.1523970364840163,20090
A0_E3G,91,91,20091,-108.90666961669922,-9.075555801391602,0.0502063035964965,1.047727867692963,True,9.843465790967455,386,Na2Gd3O7,Gd-Na-O,1.4409752851118995,False,False,0.1641446400997743,0.4209106027132247,False,False,True,True,True,True,True,True,True,True,True,0.1641446400997743,0.1430711139097695,20091
A0_E3G,92,92,20092,-63.24559783935547,-5.270466486612956,0.0489359460771083,0.1697950097853305,True,1.437596801086329,55,EuNiH4,Eu-H-Ni,1.5436556062793687,False,False,0.085163586112845,0.1645907470480626,True,True,True,True,True,True,True,True,True,True,True,0.085163586112845,0.0,20092
A0_E3G,93,93,20093,-31.259632110595703,-7.814908027648926,0.0247535854578018,0.2500961884928118,True,0.4332787980092689,16,Mn2CoNi,Co-Mn-Ni,2.4709078478117434,False,False,0.0445489582603926,0.0154513432986435,False,True,True,True,True,False,False,True,True,False,True,0.0445489582603926,0.0445489582603926,20093
A0_E3G,94,94,20094,-27.48335075378418,-6.870837688446045,0.0490708872675895,0.0723054214362075,True,0.1564994909567758,6,Fe2HRh,Fe-H-Rh,1.8744958241535967,False,False,0.0976505305667805,0.0023422749980877,False,True,True,True,True,False,False,True,True,False,True,0.0976505305667805,0.0976505305667805,20094
A0_E3G,95,95,20095,-94.92472076416016,-9.492472076416016,0.0452808998525142,0.1985176625974479,True,1.1575473059201613,43,Eu5Pt3O2,Eu-O-Pt,2.382885185034255,False,False,0.2008890317270566,0.0455042542271863,False,False,False,False,True,True,True,True,True,True,True,0.2008890317270566,0.2008890317270566,20095
A0_E3G,96,96,20096,-66.54608154296875,-8.318260192871094,0.0498104467988014,0.0771009199375327,True,0.5739937459584326,22,Fe7Co,Co-Fe,2.471159189930701,False,False,0.006199896134829,0.0023655651845296,False,True,True,True,True,False,False,True,True,False,True,0.006199896134829,0.0016647644086038,20096
A0_E3G,97,97,20097,-50.54267120361328,-8.423778533935547,0.0442119948565959,0.0874930180205863,True,0.6175598120316863,24,Eu4CdPt,Cd-Eu-Pt,3.153380079945246,False,False,0.1339402746327476,0.0181026078142966,False,False,True,True,True,True,True,True,True,True,True,0.1339402746327476,0.1339402746327476,20097
A0_E3G,98,98,20098,-44.74940490722656,-6.392772129603794,0.0390675738453865,0.7132791822262977,True,0.8219013758935034,32,Fe3O3F,F-Fe-O,1.9738442659880664,False,False,0.2596069256704236,0.0734937338672963,False,False,False,False,True,True,True,True,True,True,True,0.2596069256704236,0.2596069256704236,20098
A0_E3G,99,99,20099,-82.91439819335938,-6.909533182779948,0.0397889167070388,0.0754361169937533,True,0.7551240230677649,27,NdFeCo2,Co-Fe-Nd,2.42382733669416,False,False,0.0296997357485677,0.0041835610992284,True,True,True,True,True,True,True,True,True,True,True,0.0296997357485677,0.0296997357485677,20099
A0_E3G,100,100,20100,-66.20710754394531,-6.620710754394532,0.0454326048493385,0.5257595934083984,True,0.7420355359790847,27,MnFe2AsO6,As-Fe-Mn-O,1.8880128119831183,False,False,0.3230124850728568,0.0149128668567478,False,False,True,True,True,True,True,True,True,True,True,0.3230124850728568,0.3230124850728568,20100
A0_E3G,101,101,20101,-69.10828399658203,-8.638535499572754,0.027539949864149,0.0740995096636307,True,0.8843652949435636,32,Eu3In,Eu-In,3.403137014481593,False,False,0.0318361256933883,0.1234528718202583,True,True,True,True,True,True,True,True,True,True,True,0.0318361256933883,0.0,20101
A0_E3G,102,102,20102,-63.07764053344727,-7.884705066680908,0.0485753156244754,0.2106148951443279,True,0.7542881090193987,28,Fe5Co2Si,Co-Fe-Si,2.4255321569995534,False,False,0.0825188593925538,0.0345041497236989,True,True,True,True,True,True,True,True,True,True,True,0.0825188593925538,0.0687975917893961,20102
A0_E3G,103,103,20103,-28.964460372924805,-7.241115093231201,0.0091320956125855,0.011087538454813,True,0.0767747320933267,3,MnCo2Ni,Co-Mn-Ni,2.4873769883535792,False,False,0.106468008193163,0.0013198066124322,False,False,True,True,True,False,False,True,True,False,True,0.106468008193163,0.106468008193163,20103
A0_E3G,104,104,20104,-106.74684143066406,-9.70425831187855,0.0290253926068544,0.5575607460524148,True,1.1981695359572768,47,Eu5GeO5,Eu-Ge-O,1.9742464562667248,False,False,0.2494014741826546,0.0679486005630422,False,False,False,False,True,True,True,True,True,True,True,0.2494014741826546,0.2494014741826546,20104
A0_E3G,105,105,20105,-109.74076080322266,-9.145063400268556,0.0373548120260238,0.1417976309314917,True,0.7119466400472447,29,Ta3AlFe8,Al-Fe-Ta,2.396184706192057,False,False,0.0371513200324393,0.009505250945381,True,True,True,True,True,True,True,True,True,True,True,0.0371513200324393,0.0,20105
A0_E3G,106,106,20106,-80.82301330566406,-8.082301330566406,0.0324822105467319,0.0655185193308662,True,0.5022813089890406,19,Fe5IrRh4,Fe-Ir-Rh,2.6310663834829366,False,False,0.0345542253184198,0.009055858339486,True,True,True,True,True,True,True,True,True,True,True,0.0345542253184198,0.0335906496097564,20106
A0_E3G,107,107,20107,-39.00675964355469,-9.751689910888672,0.0059137241914868,0.0074916838996406,True,0.0834576290799304,3,Mn2FeRe,Fe-Mn-Re,2.5019428599563365,False,False,0.139250844910352,0.0007966802930547,False,False,True,True,True,True,True,True,True,True,True,0.139250844910352,0.139250844910352,20107
A0_E3G,108,108,20108,-120.3359832763672,-6.685332404242621,0.0491475611925125,0.3960778315826438,True,2.4665797809138894,91,Mn6HO6F5,F-H-Mn-O,0.9767358265136992,False,False,0.2729766532581354,0.0775442499616911,False,False,True,True,True,True,True,True,True,True,True,0.2729766532581354,0.2729766532581354,20108
A0_E3G,109,109,20109,-29.971757888793945,-4.995292981465657,0.0503208711743354,0.1659764624230373,True,0.7740398740861565,31,ZnCo2,Co-Zn,2.3394412850031845,False,False,0.22420006038696,0.0484837009920694,False,False,True,True,True,True,True,True,True,True,True,0.22420006038696,0.1821735468560508,20109
A0_E3G,110,110,20110,-102.47166442871094,-8.539305369059244,0.0306020975112915,0.2292661149214355,True,0.9305344780441374,35,KEu2O3,Eu-K-O,2.251251472260671,False,False,0.060375018315689,0.0231582996044856,True,True,False,False,True,True,True,True,True,True,True,0.060375018315689,0.0,20110
A0_E3G,111,111,20111,-71.90753936767578,-7.989726596408419,0.0513418950140476,0.2610856393399428,True,4.77102860994637,183,EuNiP,Eu-Ni-P,2.2127775365094884,False,False,0.1936052815194706,0.3647746129085335,False,False,True,True,True,True,True,True,True,True,True,0.1936052815194706,0.0087515139783036,20111
A0_E3G,112,112,20112,-101.12019348144533,-5.617788526746962,0.0490198731422424,0.3239843591118709,True,2.52784990996588,92,Fe5H2O4F7,F-Fe-H-O,1.0013614690552768,False,False,0.2532093286517725,0.0663419205728432,False,False,False,False,True,True,True,True,True,True,True,0.2532093286517725,0.2532093286517725,20112
A0_E3G,113,113,20113,-25.16131019592285,-8.387103398640951,0.0407754518091678,0.0798600965701279,True,0.1941016489872709,8,NdEu2,Eu-Nd,3.777416411250333,False,False,0.0762085480524934,0.0170704920379082,False,True,True,True,True,False,False,True,True,False,True,0.0762085480524934,0.0762085480524934,20113
A0_E3G,114,114,20114,-45.57749938964844,-7.596249898274739,0.0478327050805091,0.1288604219663316,True,0.7089650260750204,27,GdAlBr,Al-Br-Gd,2.5010493662092763,False,False,0.0112242419115879,0.0247947032622184,False,True,False,False,True,False,False,True,True,False,True,0.0112242419115879,0.0,20114
A0_E3G,115,115,20115,-100.5989761352539,-10.05989761352539,0.0488007143139839,0.1867775302520583,True,1.364845625939779,54,Eu2MoWN6,Eu-Mo-N-W,1.8134826355667348,False,False,0.0682559061158674,0.0472842815168239,True,True,True,True,True,True,True,True,True,True,False,0.0682559061158674,0.0682559061158674,20115
A0_E3G,116,116,20116,-113.48687744140624,-7.092929840087891,0.0292309410870075,0.09532463144188,True,0.6844085420016199,26,FeCo2Ni,Co-Fe-Ni,2.471824418047808,False,False,0.088232278755119,0.0158643217455582,False,True,True,True,True,False,False,True,True,False,True,0.088232278755119,0.0878895326666162,20116
A0_E3G,117,117,20117,-24.36627578735352,-8.122091929117838,0.0135314418002963,0.0899341741314811,True,0.3917854019673541,16,Eu2I,Eu-I,3.4545930699806635,False,False,0.0960812895574338,0.0066316072985953,True,True,False,False,True,True,True,True,True,True,True,0.0960812895574338,0.0,20117
A0_E3G,118,118,20118,-87.46530151367188,-8.746530151367187,0.0470338650047779,0.4794028729914687,True,1.7232597570400685,69,Eu2B2C,B-C-Eu,1.4987036645153469,False,False,0.1513021436798212,0.0606949623839211,False,False,True,True,True,True,True,True,True,True,True,0.1513021436798212,0.1392965886218231,20118
A0_E3G,119,119,20119,-71.25804901123047,-7.125804901123047,0.0459717139601707,0.1563191324675854,True,1.033569680992514,37,Mn3GaO6,Ga-Mn-O,1.9164292724029983,False,False,0.1645626926352896,0.0054854436423651,False,False,True,True,True,True,True,True,True,True,True,0.1645626926352896,0.1645626926352896,20119
A0_E3G,120,120,20120,-103.39186096191406,-5.743992275661892,0.049527995288372,0.4390573825722407,True,5.623206200893037,213,K2Fe6(OF)5,F-Fe-K-O,1.897773886283265,False,False,0.3157400825671841,0.1056081628998526,False,False,False,False,True,True,True,True,True,True,True,0.3157400825671841,0.3157400825671841,20120
A0_E3G,121,121,20121,-74.5545883178711,-6.212882359822591,0.0481429547071456,0.0681368606205359,True,0.6152800429845229,23,EuH2,Eu-H,2.332346889970555,False,False,0.0699500583665706,0.0124168584731469,False,True,True,True,True,False,False,False,False,False,True,0.0699500583665706,0.0001134160359708,20121
A0_E3G,122,122,20122,-81.80400085449219,-9.089333428276907,0.0252999756485223,0.0383092889721146,True,0.1036440470488742,4,Eu2Pd,Eu-Pd,3.0972570788994,False,False,0.0135511521491853,0.0034707086634402,True,True,True,True,True,True,True,True,True,True,True,0.0135511521491853,0.0,20122
A0_E3G,123,123,20123,-70.95491790771484,-8.869364738464355,0.0464522279798984,0.7456102751221333,True,1.0425275310408324,42,GdC2O5,C-Gd-O,1.2582133960282835,False,False,0.3118806420008617,0.0239396463808261,False,False,True,True,True,True,True,True,True,True,True,0.3118806420008617,0.3118806420008617,20123
A0_E3G,124,124,20124,-69.94282531738281,-7.771425035264757,0.0409260131418705,0.2166450183313727,True,0.5160446990048513,20,Fe4Co2Rh3,Co-Fe-Rh,2.384193013398366,False,False,0.0874746637844268,0.0161451979156362,True,True,True,True,True,True,True,True,True,True,True,0.0874746637844268,0.0874746637844268,20124
A0_E3G,125,125,20125,-92.6766128540039,-7.723051071166992,0.044272307306528,0.4513627837071628,True,0.9805066660046576,34,VFe4H,Fe-H-V,1.6315263423997532,False,False,0.1206101445469727,0.068441429922945,False,False,False,False,True,True,True,True,True,True,True,0.1206101445469727,0.1206101445469727,20125
A0_E3G,126,126,20126,-81.88983917236328,-6.824153264363607,0.0308652557432651,0.267300933680967,True,0.6754515629727393,25,Fe3WO8,Fe-O-W,1.9435923170240703,False,False,0.2652907722672069,0.0061042042929064,False,False,True,True,True,True,True,True,True,True,True,0.2652907722672069,0.2652907722672069,20126
A0_E3G,127,127,20127,-60.16910552978516,-7.521138191223144,0.0403517186641693,0.1029263743156668,True,1.1447025339584798,43,EuCo2Ge,Co-Eu-Ge,2.403534504526632,False,False,0.1280524986640436,0.0341330667084317,False,False,True,True,True,True,True,True,True,True,True,0.1280524986640436,0.1229143180297551,20127
A0_E3G,128,128,20128,-43.55688095092773,-7.259480158487956,0.0494194738566875,0.0746983324605135,True,0.1881615769816562,7,YFeCo4,Co-Fe-Y,2.4136674214133165,False,False,0.1077438484668338,0.0029679134370071,False,False,True,True,True,False,False,True,True,False,True,0.1077438484668338,0.1074298125409036,20128
A0_E3G,129,129,20129,-146.0385284423828,-9.735901896158854,0.049052644520998,0.6062895846994005,True,12.711387261981145,482,Gd4Fe(CuO4)2,Cu-Fe-Gd-O,1.848336415530225,False,False,0.2777576977426612,0.3330656968550517,False,False,True,True,True,True,True,True,True,True,True,0.2777576977426612,0.2777576977426612,20129
A0_E3G,130,130,20130,-95.31975555419922,-7.943312962849935,0.0177035070955753,0.1174875512595914,True,1.5649795649806038,61,Fe7Co5,Co-Fe,2.4867143160131926,False,False,0.0299242094306055,0.0159063028853246,True,True,True,True,True,True,True,True,True,True,True,0.0299242094306055,0.0,20130
A0_E3G,131,131,20131,-65.03540802001953,-6.503540802001953,0.0385671742260456,0.1086915083459537,True,0.6010134869720787,21,Eu2Ga2I,Eu-Ga-I,2.5709996163983893,False,False,0.0255199353778481,0.0140498627009497,False,True,False,False,True,False,False,True,True,False,True,0.0255199353778481,0.0,20131
A0_E3G,132,132,20132,-63.833045959472656,-9.119006565638951,0.0442194268107414,0.7127379613724618,True,1.216299407067709,45,GdTiO5,Gd-O-Ti,1.353152191382772,False,False,0.2136855903063281,0.0276876654380757,False,False,True,True,True,True,True,True,True,True,True,0.2136855903063281,0.1546772739449018,20132
A0_E3G,133,133,20133,-79.37249755859375,-7.937249755859375,0.0355923920869827,0.0816075079427293,True,0.5928859420819208,23,Eu3AlAu,Al-Au-Eu,2.616638481168557,False,False,0.1378200851891442,0.0229806984801988,False,False,True,True,True,True,True,True,True,True,True,0.1378200851891442,0.1378200851891442,20133
A0_E3G,134,134,20134,-64.80987548828125,-5.891806862571023,0.0515343062579631,1.0316789685941667,True,12.977785262977704,469,Eu2F9,Eu-F,1.6468089602318003,False,False,0.1522586846903966,0.5705111991070317,False,False,False,False,True,True,True,True,True,True,True,0.1522586846903966,0.0,20134
A0_E3G,135,135,20135,-81.81050872802734,-5.843607766287668,0.0524972938001155,0.4632903006053502,True,10.360418933909386,397,LiFe4(HO2)3,Fe-H-Li-O,0.9723184030413252,False,False,0.244973256307551,0.7392329643211517,False,False,True,True,True,True,True,True,True,True,True,0.244973256307551,0.244973256307551,20135
A0_E3G,136,136,20136,-38.939414978027344,-9.734853744506836,0.0412664636969566,0.1385044117287893,True,0.3828450290020555,15,Gd2CuNi,Cu-Gd-Ni,2.939668628086493,False,False,-0.005527530100716,0.0061243634239794,True,True,True,True,True,True,True,True,True,True,False,-0.005527530100716,0.0,20136
A0_E3G,137,137,20137,-76.06090545654297,-6.338408788045247,0.0492248050868511,0.0769074612542851,True,0.5490380029659718,21,Co5Ni7,Co-Ni,2.432175447153241,False,False,0.013178093145532,0.0018241020875797,True,True,True,True,True,True,True,True,True,True,True,0.013178093145532,0.0,20137
A0_E3G,138,138,20138,-158.39288330078125,-7.919644165039062,0.0488036721944808,0.4015078303700498,True,10.314048671047203,376,Nd2TiMn5O12,Mn-Nd-O-Ti,1.8360053307189967,False,False,0.2257605770596988,0.2056023599289186,False,False,True,True,True,True,True,True,True,True,False,0.2257605770596988,0.2257605770596988,20138
A0_E3G,139,139,20139,-162.84547424316406,-8.142273712158204,0.0494740158319473,0.2642729866123171,True,1.5904435600386932,58,Ca3Eu2GdMn2O12,Ca-Eu-Gd-Mn-O,1.8965614691420831,False,False,0.1771694037042106,0.0267572641674807,False,False,True,True,True,True,True,True,True,True,False,0.1771694037042106,0.1771694037042106,20139
A0_E3G,140,140,20140,-29.62375831604004,-7.40593957901001,0.0027511802036315,0.0037587339312218,True,0.1564106469741091,6,Fe2CoNi,Co-Fe-Ni,2.4810483771148326,False,False,0.1398607442069099,0.0003427795314177,False,False,True,True,True,False,False,True,True,False,True,0.1398607442069099,0.1398607442069099,20140
A0_E3G,141,141,20141,-70.51241302490234,-7.051241302490235,0.0493182279169559,0.1271135457240113,True,0.701601177919656,26,Mn2FeGeO6,Fe-Ge-Mn-O,1.8601377877856355,False,False,0.1974926334724838,0.0072124696232989,False,False,True,True,True,True,True,True,True,True,True,0.1974926334724838,0.1974926334724838,20141
A0_E3G,142,142,20142,-78.09857940673828,-7.809857940673828,0.0489172115921974,0.2521560375945126,True,1.695778675028123,69,Eu3Ni4P3,Eu-Ni-P,2.130434377987924,False,False,0.1287166611833967,0.0662217565213991,False,False,False,False,True,True,True,True,True,True,True,0.1287166611833967,0.0,20142
A0_E3G,143,143,20143,-115.02733612060548,-9.585611343383787,0.0400793105363845,0.0462900414540332,True,0.396686976077035,15,Eu2Pt,Eu-Pt,3.000960925761322,False,False,0.0614071493640935,0.0026166441229413,True,True,True,True,True,True,True,True,True,True,True,0.0614071493640935,0.0,20143
A0_E3G,144,144,20144,-17.62691307067871,-5.875637690226237,0.0518045052886009,0.0118532727143655,True,0.1678726149257272,7,EuScHg,Eu-Hg-Sc,2.970388400671734,False,False,0.1556808693493279,0.0029299955767408,False,False,True,True,True,True,True,True,True,True,True,0.1556808693493279,0.1556808693493279,20144
A0_E3G,145,145,20145,-105.03025817871094,-5.251512908935547,0.0458273142576217,0.1770952555250494,True,1.0442232550121844,37,LiFeF3,F-Fe-Li,1.910712834101007,False,False,0.1590793726754142,0.0298781640508606,False,False,True,True,True,True,True,True,True,True,True,0.1590793726754142,0.1590793726754142,20145
A0_E3G,146,146,20146,-27.24334526062012,-6.810836315155029,0.0270296894013881,0.4807384450310782,True,0.4276156709529459,16,Co2PdN,Co-N-Pd,1.9220834110237484,False,False,0.1436473806065619,0.0372374291930544,False,False,True,True,True,True,True,True,True,True,True,0.1436473806065619,0.1362328289257268,20146
A0_E3G,147,147,20147,-33.95392990112305,-6.7907859802246096,0.0295949783176183,0.034115691786373,True,0.0767559240339323,3,Eu3Mg2,Eu-Mg,3.3970646336411003,False,False,0.0990468110831317,0.0014070683294695,True,True,True,True,True,True,True,True,True,True,True,0.0990468110831317,0.0321381292071318,20147
A0_E3G,148,148,20148,-30.399105072021484,-7.599776268005371,0.0234818868339061,0.1268625476369045,True,0.906467558001168,35,Fe2CoPt,Co-Fe-Pt,2.455956585339281,False,False,0.0888394228200493,0.8095526396204166,False,True,True,True,True,False,False,True,True,False,True,0.0888394228200493,0.0888394228200493,20148
A0_E3G,149,149,20149,-28.52300453186035,-7.130751132965088,0.0485937222838401,0.079642840774929,True,0.1888030390255153,8,FeNi,Fe-Ni,2.4955141866039416,False,False,0.0683520181146821,0.0084443470954679,False,True,True,True,True,False,False,True,True,False,True,0.0683520181146821,0.0,20149
A0_E3G,150,150,20150,-86.74884033203125,-8.674884033203124,0.0434090569615364,0.2017683091071133,True,0.8498201350448653,32,GdTi(FeO3)2,Fe-Gd-O-Ti,1.911152393898516,False,False,0.2158872431779332,0.0214010749902315,False,False,True,True,True,True,True,True,True,True,False,0.2158872431779332,0.2158872431779332,20150
A0_E3G,151,151,20151,-89.7542724609375,-7.479522705078125,0.0474700257182121,0.4714296136206219,True,1.1117778540356085,41,Er2Fe7B3,B-Er-Fe,1.958029152753166,False,False,0.2399554533884433,0.0478944380568687,False,False,False,False,True,True,True,True,True,True,True,0.2399554533884433,0.1875807275859369,20151
A0_E3G,152,152,20152,-59.14213180541992,-4.928510983784993,0.0224422328174114,0.0350907281861513,True,0.7785784540465102,29,FeH2,Fe-H,1.733115287235761,False,False,0.1756774917128938,0.0797448235619466,False,False,True,True,True,True,True,True,True,True,True,0.1756774917128938,0.1756774917128938,20152
A0_E3G,153,153,20153,-60.99017333984375,-5.08251444498698,0.040918044745922,0.3482199985140887,True,10.649571546935476,392,EuMg(H4Ir)2,Eu-H-Ir-Mg,1.6545420356111118,False,False,-0.050031333257241,0.9040839583371528,True,True,False,False,True,True,True,True,True,True,True,-0.050031333257241,0.0,20153
A0_E3G,154,154,20154,-89.68580627441406,-7.473817189534505,0.0456363894045352,0.318327194622503,True,1.2665009199408814,47,SmFe6Co5,Co-Fe-Sm,2.296233457017984,False,False,0.2110272690807271,0.0275032517446087,False,False,True,True,True,True,True,True,True,True,True,0.2110272690807271,0.2110272690807271,20154
A0_E3G,155,155,20155,-28.595626831054688,-7.148906707763672,0.0040915035642683,0.0044357994092753,True,0.3012050060788169,11,Eu2TlPb,Eu-Pb-Tl,3.5504466386684363,False,False,0.023428875767852,0.0014685879130733,False,True,True,True,True,False,False,True,True,False,True,0.023428875767852,0.0109888860978522,20155
A0_E3G,156,156,20156,-69.64561462402344,-8.70570182800293,0.0217560324817895,0.1335084720075378,True,0.5144311590120196,20,Eu2CuN,Cu-Eu-N,2.536775878017072,False,False,0.2071301954977542,0.0083427027092341,False,False,True,True,True,True,True,True,True,True,True,0.2071301954977542,0.2071301954977542,20156
A0_E3G,157,157,20157,-96.52751159667967,-8.77522832697088,0.0496493130922317,0.3169356557237777,True,1.6392219279659912,64,Eu2C2O7,C-Eu-O,1.283817175858672,False,False,-0.0303279975291914,0.0350764560692001,True,True,True,True,True,True,True,True,True,True,True,-0.0303279975291914,0.0,20157
A0_E3G,158,158,20158,-70.08628845214844,-8.760786056518555,0.0475166551768779,0.0496134699158444,True,0.5481216280022636,21,Eu3Er,Er-Eu,3.6603075693579576,False,False,0.1171632561674425,0.0092451938889746,False,False,True,True,True,False,False,True,True,False,True,0.1171632561674425,0.1171632561674425,20158
A0_E3G,159,159,20159,-75.27435302734375,-7.527435302734375,0.04962595179677,0.0807892574435422,True,0.3783941799774766,14,KEu2TeO6,Eu-K-O-Te,1.942484787800829,False,False,0.0288344628462589,0.0022623778848785,True,True,True,True,True,True,True,True,True,True,True,0.0288344628462589,0.0288344628462589,20159
A0_E3G,160,160,20160,-97.1068115234375,-8.092234293619791,0.0491253547370433,0.3522001038592779,True,7.771543293027207,300,Tm2Fe7C3,C-Fe-Tm,1.8852748472142176,False,False,0.0757020271839934,0.5593684599725129,True,True,False,False,True,True,True,True,True,True,True,0.0757020271839934,0.0488339817105991,20160
A0_E3G,161,161,20161,-35.336700439453125,-8.834175109863281,0.0034610570874065,0.0036762819438388,True,0.069607739103958,3,PrEu3,Eu-Pr,3.846580411243972,False,False,0.0949955851014845,0.0021147447727132,False,True,True,True,True,False,False,False,False,False,True,0.0949955851014845,0.0949955851014845,20161
A0_E3G,162,162,20162,-27.533103942871094,-6.883275985717773,0.0109502533450722,0.1301468329002775,True,0.3195863759610802,12,GaFe2Co,Co-Fe-Ga,2.470352151063848,False,False,0.082020002519707,0.009120971716344,False,True,True,True,True,False,False,True,True,False,True,0.082020002519707,0.0484057792789922,20162
A0_E3G,163,163,20163,-81.69950866699219,-8.169950866699219,0.0378871634602546,0.5346597081249559,True,1.862696447991766,74,Sc2Fe7N,Fe-N-Sc,1.819390817238005,False,False,0.3628233945992622,0.0842138092897733,False,False,False,False,True,True,True,True,True,True,False,0.3628233945992622,0.3628233945992622,20163
A0_E3G,164,164,20164,-52.90007781982422,-7.557153974260602,0.0091970479115843,0.0129092908271961,True,0.2392758280038833,9,Eu3GeCl3,Cl-Eu-Ge,2.9564417648089134,False,False,0.0960003833021101,0.0019162926125383,False,True,True,True,True,False,False,True,True,False,True,0.0960003833021101,0.0960003833021101,20164
A0_E3G,165,165,20165,-78.78466796875,-8.753851996527779,0.044281993061304,0.3913161305467684,True,0.6985483870375901,26,Eu2WO6,Eu-O-W,1.9352090421494423,False,False,0.2881552688772224,0.0232110479648458,False,False,True,True,True,True,True,True,True,True,True,0.2881552688772224,0.19415549990185,20165
A0_E3G,166,166,20166,-112.0409164428711,-10.185537858442826,0.0473675914108753,0.3166906474514307,True,1.2740521689411253,48,Eu5NO5,Eu-N-O,2.364167587886832,False,False,0.0915734326908026,0.0276946777180398,True,True,True,True,True,True,True,True,True,True,True,0.0915734326908026,0.0915734326908026,20166
A0_E3G,167,167,20167,-44.37889099121094,-7.396481831868489,0.0269403215497732,0.0869945257081399,True,0.7594047059537843,29,Eu2Mg,Eu-Mg,3.09995747776257,False,False,0.0593642160263812,0.0793055301722538,True,True,True,True,True,True,True,True,True,True,True,0.0593642160263812,0.0036069811297139,20167
A0_E3G,168,168,20168,-29.842998504638672,-7.460749626159668,0.0444191806018352,0.1245353310329965,True,1.3445829129777849,51,EuRh2Pb,Eu-Pb-Rh,2.785170304288202,False,False,0.0835056543197563,0.1306186108196149,True,True,True,True,True,True,True,True,True,True,True,0.0835056543197563,0.0709522817170906,20168
A0_E3G,169,169,20169,-110.7302017211914,-10.066381974653764,0.0479661040008068,0.2194127676748973,True,1.533182827057317,57,EuGdZr2O7,Eu-Gd-O-Zr,2.113702391129668,False,False,0.170993722923928,0.0184642214745348,False,False,True,True,True,True,True,True,True,True,False,0.170993722923928,0.170993722923928,20169
A0_E3G,170,170,20170,-86.5374755859375,-5.408592224121094,0.0346621349453926,0.0867305400630433,True,0.1790526700206101,6,MnNiH2,H-Mn-Ni,1.8510001108331424,False,False,0.0919789437082725,0.0060614536753396,True,True,True,True,True,True,True,True,True,True,True,0.0919789437082725,0.0874732530816064,20170
A0_E3G,171,171,20171,-128.17161560058594,-9.155115400041852,0.0723648592829704,0.5295480057827592,False,12.744972673011944,500,Eu5NiO8,Eu-Ni-O,1.8423505536415363,False,False,0.1964119340733905,0.3610342381528316,False,False,True,True,True,True,True,True,True,True,True,0.1964119340733905,0.1964119340733905,20171
A0_E3G,172,172,20172,-97.72543334960938,-6.107839584350586,0.045850321650505,0.3062746248548382,True,0.8833960209740326,31,Li3Fe5O7F,F-Fe-Li-O,1.9655161069631637,False,False,0.1926614989720505,0.0191195454964913,False,False,True,True,True,True,True,True,True,True,True,0.1926614989720505,0.1926614989720505,20172
A0_E3G,173,173,20173,-155.1978759765625,-7.759893798828125,0.0507147759199142,0.5543537837271957,True,6.6251007480314,241,Fe5Co2B3,B-Co-Fe,1.7974215147717534,False,False,0.1984362840424385,0.295694678583849,False,False,True,True,True,True,True,True,True,True,True,0.1984362840424385,0.1984362840424385,20173
A0_E3G,174,174,20174,-47.959251403808594,-5.328805711534288,0.0240010470151901,0.0279452002752879,True,0.2194723050342872,8,EuCdCu,Cd-Cu-Eu,2.81249821971434,False,False,0.0369220337266753,0.002441167820755,False,True,True,True,True,False,False,True,True,False,True,0.0369220337266753,0.0369220337266753,20174
A0_E3G,175,175,20175,-123.1552963256836,-8.210353088378906,0.0501375198364257,0.2118605988087417,True,1.545409882091917,57,Eu5Ga3Fe5Ir2,Eu-Fe-Ga-Ir,2.3672931409834184,False,False,0.1921331584041681,0.0471756808050338,False,False,True,True,True,True,True,True,True,True,False,0.1921331584041681,0.1921331584041681,20175
A0_E3G,176,176,20176,-72.1029052734375,-8.011433919270834,0.0124260624870657,0.0271099307752755,True,0.4993827610742301,21,Eu2Ag,Ag-Eu,3.243067421511725,False,False,0.0441213696479181,0.0029247776018372,True,True,True,True,True,True,True,True,True,True,True,0.0441213696479181,0.0,20176
A0_E3G,177,177,20177,-210.19772338867188,-10.509886169433594,0.2197634875774383,1.5903153609951215,False,12.550877104047686,500,Eu2Gd2RhO5,Eu-Gd-O-Rh,2.1429179867418577,False,False,0.5234127675335731,0.5484950215305135,False,False,True,True,True,True,True,True,True,True,False,0.5234127675335731,0.5234127675335731,20177
A0_E3G,178,178,20178,-97.66188049316406,-8.138490041097006,0.0409245677292346,0.2646872895543654,True,0.9545159300323576,36,V2GaFe9,Fe-Ga-V,2.3135509673790176,False,False,0.1440758551418479,0.0251116031201881,False,False,True,True,True,True,True,True,True,True,True,0.1440758551418479,0.1229827247045189,20178
A0_E3G,179,179,20179,-85.8780517578125,-7.156504313151042,0.0480856709182262,0.5455215511087281,True,1.2630322449840603,52,EuSiNi2,Eu-Ni-Si,2.1748715394308693,False,False,0.2500125443836598,0.0394159910441904,False,False,False,False,True,True,True,True,True,True,True,0.2500125443836598,0.1193822242793594,20179
A0_E3G,180,180,20180,-75.09471130371094,-7.509471130371094,0.0422462821006774,0.1432522538585167,True,0.9595375440549104,36,GaFe3N,Fe-Ga-N,1.8819018432288777,False,False,0.0478102108088283,0.138762094431888,False,True,True,True,True,False,False,True,True,False,True,0.0478102108088283,0.0478102108088283,20180
A0_E3G,181,181,20181,-141.4469757080078,-11.787247975667318,0.0486531443893909,0.959099627150474,True,1.2357396860606968,46,Gd5N3O4,Gd-N-O,2.1692394344605352,False,False,0.4375042916028331,0.0412621454265556,False,False,True,True,True,True,True,True,True,True,True,0.4375042916028331,0.4375042916028331,20181
A0_E3G,182,182,20182,-24.80905532836914,-8.26968510945638,0.0437948852777481,0.1144140655698796,True,0.4399252410512417,17,Eu2Lu,Eu-Lu,3.69597855881309,False,False,0.1147987098156644,0.0247889757196652,False,False,True,True,True,True,True,True,True,True,True,0.1147987098156644,0.1147987098156644,20182
A0_E3G,183,183,20183,-23.592514038085938,-5.898128509521484,0.003350012935698,0.0038027283011765,True,0.1643632090417668,6,Eu2CdHg,Cd-Eu-Hg,3.412053859199021,False,False,0.0192010449801944,0.0011036534982031,False,True,True,True,True,False,False,True,True,False,True,0.0192010449801944,0.0156532289801951,20183
A0_E3G,184,184,20184,-79.79759979248047,-6.649799982706706,0.0298604760318994,0.1005313163029613,True,0.5609740819782019,21,SrEu3H4F4,Eu-F-H-Sr,2.413575146796896,False,False,0.0689815020659745,0.0084179314980826,True,True,True,True,True,True,True,True,True,True,False,0.0689815020659745,0.0689815020659745,20184
A0_E3G,185,185,20185,-96.14537048339844,-9.614537048339844,0.0405152477324008,0.2948034074543613,True,0.7640931099886075,29,CaEu4O5,Ca-Eu-O,2.470548585056396,False,False,0.0544059379874504,0.0111209131582323,False,True,True,True,True,False,False,True,True,False,True,0.0544059379874504,0.0544059379874504,20185
A0_E3G,186,186,20186,-55.19088363647461,-6.898860454559326,0.0384110733866691,0.0961170041367805,True,0.4457509219646454,16,GaFe2Co,Co-Fe-Ga,2.4495565500580585,False,False,0.0647524110432673,0.0039408410342636,False,True,True,True,True,False,False,False,False,False,True,0.0647524110432673,0.0311381878025525,20186
A0_E3G,187,187,20187,-77.64093017578125,-6.4700775146484375,0.0495871342718601,0.1012136885837978,True,1.2017781800823286,50,SrEuAs,As-Eu-Sr,3.1413930753808272,False,False,0.0606675881661242,0.049999027310159,True,True,False,False,True,True,True,True,True,True,True,0.0606675881661242,0.0606675881661242,20187
A0_E3G,188,188,20188,-68.10688018798828,-8.513360023498535,0.0170246213674545,0.1188666651180676,True,1.1823746679583564,46,Eu3Tl,Eu-Tl,3.480739524104089,False,False,0.0382955508236246,0.0520645963449409,True,True,True,True,True,True,True,True,True,True,True,0.0382955508236246,0.0090283756763778,20188
A0_E3G,189,189,20189,-76.13831329345703,-8.459812588161892,0.016002694144845,0.015167362721689,True,0.451152856927365,17,Eu6Al2Ge,Al-Eu-Ge,3.131294326825944,False,False,0.0851108296755107,0.0013738020422639,True,True,True,True,True,True,True,True,True,True,True,0.0851108296755107,0.0851108296755107,20189
A0_E3G,190,190,20190,-55.17377853393555,-6.896722316741943,0.0356971435248851,0.2198840533273535,True,0.3298081719549373,12,EuHgO2,Eu-Hg-O,2.057297026428776,False,False,0.1262009168343167,0.0021705446317569,False,False,True,True,True,True,True,True,True,True,True,0.1262009168343167,0.0970292583076357,20190
A0_E3G,191,191,20191,-81.76947784423828,-6.814123153686523,0.036760713905096,0.1813270967663051,True,1.2735869620228186,46,Fe5Ni7,Fe-Ni,2.266753563725424,False,False,0.1792235433319993,0.0124541875102173,False,False,True,True,True,True,True,True,True,True,True,0.1792235433319993,0.1014103320597632,20191
A0_E3G,192,192,20192,-26.098743438720703,-6.524685859680176,0.0152222011238336,0.004822199869528,True,0.0721273289527744,3,LiEu2In,Eu-In-Li,3.4095694676191943,False,False,0.0519923578605174,0.0019204997007035,False,True,True,True,True,False,False,True,True,False,True,0.0519923578605174,0.0519923578605174,20192
A0_E3G,193,193,20193,-90.94862365722656,-9.094862365722657,0.04276555031538,0.6968427952892443,True,1.4812323410296813,57,Eu2SO2,Eu-O-S,1.484020019220765,False,False,0.4399365810272986,0.0735936882994146,False,False,True,True,True,True,True,True,True,True,True,0.4399365810272986,0.3618892763965444,20193
A0_E3G,194,194,20194,-38.38005065917969,-7.6760101318359375,0.0417116023600101,0.2456822516004161,True,0.5090437759645283,19,Eu2H2N,Eu-H-N,2.305256383023712,False,False,0.2053035977447788,0.0423105420896418,False,False,True,True,True,True,True,True,True,True,True,0.2053035977447788,0.2020670305077807,20194
A0_E3G,195,195,20195,-53.83402633666992,-7.690575190952846,0.0459922589361667,0.2382484082254239,True,1.064451957005076,40,Fe3Co4,Co-Fe,2.444271664494301,False,False,0.0659813997356764,0.0145568145519833,False,True,True,True,True,False,False,True,True,False,True,0.0659813997356764,0.0378830854896268,20195
A0_E3G,196,196,20196,-118.64778900146484,-8.474842071533203,0.0335915274918079,0.60543527314534,True,3.887127240072005,137,Mn8ZnN5,Mn-N-Zn,1.910010816213851,False,False,0.116828176426214,0.2916385752794145,False,False,True,True,True,True,True,True,True,True,True,0.116828176426214,0.116828176426214,20196
A0_E3G,197,197,20197,-22.36111831665039,-7.45370610555013,0.0475029572844505,0.0464785927985224,True,0.1074215449625626,4,Eu2Zn,Eu-Zn,3.2373395839334638,False,False,0.0211120917704565,0.0018338976528036,True,True,True,True,True,True,True,True,True,True,True,0.0211120917704565,0.0003275680541996,20197
A0_E3G,198,198,20198,-73.97390747070312,-7.397390747070313,0.0385883636772632,0.246909819583857,True,0.6954497979022563,26,GdF4,F-Gd,2.2415190764805493,False,False,0.211161123164091,0.0193058062294774,False,False,True,True,True,True,True,True,True,True,True,0.211161123164091,0.0,20198
A0_E3G,199,199,20199,-24.17381858825684,-6.043454647064209,0.033610500395298,0.0482598471434895,True,0.2371573289856314,9,LiEu,Eu-Li,2.9536311938537185,False,False,0.0672995834661893,0.0024141093536117,False,True,True,True,True,False,False,True,True,False,True,0.0672995834661893,0.0672995834661893,20199
A0_E3G,200,200,20200,-110.60588073730467,-7.900420052664621,0.031898844987154,0.090456338023334,True,0.7616205000085756,29,Na(Eu2Sb)2,Eu-Na-Sb,3.237704243440117,False,False,0.1534260897610337,0.036842995530777,False,False,True,True,True,True,True,True,True,True,True,0.1534260897610337,0.1534260897610337,20200
A0_E3G,201,201,20201,-107.94241333007812,-8.995201110839844,0.0204021744430065,0.1676984575684302,True,0.8402857090113685,30,Nb2Fe9Re,Fe-Nb-Re,2.3550825167374327,False,False,0.1724721206877841,0.0171846837005071,False,False,True,True,True,True,True,True,True,True,True,0.1724721206877841,0.1724721206877841,20201
A0_E3G,202,202,20202,-44.87347412109375,-5.609184265136719,0.0418496243655681,0.6079541396057832,True,0.4647364870179444,19,Eu2TeH4I,Eu-H-I-Te,0.7641010029997471,False,False,0.1199955927085163,0.0041493196014277,False,False,True,True,True,True,True,True,True,True,False,0.1199955927085163,0.1199955927085163,20202
A0_E3G,203,203,20203,-47.96607971191406,-5.995759963989258,0.0437388569116592,0.0743552202848879,True,0.555321702035144,22,Eu3Zn3Ni2,Eu-Ni-Zn,2.5651489529568177,False,False,0.0666443194588994,0.0542060268304977,True,True,True,True,True,True,True,True,True,True,True,0.0666443194588994,0.0567135263482327,20203
A0_E3G,204,204,20204,-150.0717010498047,-8.337316724989149,0.0476760864257812,0.6342376959694243,True,10.94900121993851,429,Ba2Gd3Fe2H2O9,Ba-Fe-Gd-H-O,0.9785049903667716,False,False,0.2427848168946145,0.2317281333803965,False,False,True,True,True,True,True,True,True,True,False,0.2427848168946145,0.2427848168946145,20204
A0_E3G,205,205,20205,-32.678016662597656,-8.169504165649414,0.0339902080595493,0.0582947134518064,True,0.2498142590047791,10,Fe3Co,Co-Fe,2.475805434910784,False,False,0.0088583429404494,0.0030624247896615,False,True,True,True,True,False,False,True,True,False,True,0.0088583429404494,0.0,20205
A0_E3G,206,206,20206,-90.91413116455078,-9.091413116455078,0.0453321933746337,0.1501747719806604,True,1.1871206481009722,47,EuBO3,B-Eu-O,1.367307752145549,False,False,0.0464683708877746,0.0155866401894625,False,True,True,True,True,False,False,True,True,False,True,0.0464683708877746,0.0,20206
A0_E3G,207,207,20207,-82.00177764892578,-8.200177764892578,0.0488597154617309,0.1621462032681785,True,0.6320087719941512,24,ZrTi(FeO3)2,Fe-O-Ti-Zr,1.8806753533420069,False,False,0.147367442945022,0.0114728765943599,False,False,True,True,True,True,True,True,True,True,False,0.147367442945022,0.147367442945022,20207
A0_E3G,208,208,20208,-87.03294372558594,-7.252745310465495,0.0391866005957126,0.8972317636278857,True,1.4665717349853369,57,GdCo11,Co-Gd,2.2982596041911214,False,False,0.5539969012392323,0.0758475749708217,False,False,True,True,True,True,True,True,True,True,True,0.5539969012392323,0.4833349232858985,20208
A0_E3G,209,209,20209,-105.45689392089844,-7.5326352800641745,0.039155974984169,0.0405568306533385,True,1.3179835840128362,48,Fe5SiGe,Fe-Ge-Si,2.34903244008986,False,False,0.2029765366022289,0.0016705888475072,False,False,True,True,True,True,True,True,True,True,True,0.2029765366022289,0.2029765366022289,20209
A0_E3G,210,210,20210,-92.5728988647461,-7.714408238728841,0.0403417274355888,0.2617177210073107,True,0.8520062250318006,30,Mn4Co3NiP4,Co-Mn-Ni-P,2.189040330522731,False,False,0.0262374037826109,0.0172509634293425,True,True,True,True,True,True,True,True,True,True,False,0.0262374037826109,0.0262374037826109,20210
A0_E3G,211,211,20211,-86.20167541503906,-8.620167541503907,0.0437061004340648,0.1436080418061862,True,0.8823443140136078,35,Eu3Si2,Eu-Si,2.996920823188896,False,False,0.2632312224376711,0.0393776744971688,False,False,True,True,True,True,True,True,True,True,True,0.2632312224376711,0.0,20211
A0_E3G,212,212,20212,-114.11961364746094,-9.509967803955078,0.0424555279314518,0.1271918391024859,True,0.694206612999551,25,Eu2MnO3,Eu-Mn-O,2.1882114827007206,False,False,0.1345367275011106,0.0049637828596354,False,False,True,True,True,True,True,True,True,True,True,0.1345367275011106,0.1345367275011106,20212
A0_E3G,213,213,20213,-82.28369140625,-9.14263237847222,0.0275500733405351,0.2701730770673242,True,0.6623932600487024,26,Eu2TiFeO5,Eu-Fe-O-Ti,1.9270751693046295,False,False,0.1865060765861113,0.008711251712953,False,False,True,True,True,True,True,True,True,True,True,0.1865060765861113,0.1865060765861113,20213
A0_E3G,214,214,20214,-22.36200523376465,-7.454001744588216,0.0432174913585186,0.061872494994911,True,0.1880310309352353,7,Eu2Zn,Eu-Zn,3.253858860213893,False,False,0.0207845237162569,0.0038980113213679,False,True,True,True,True,True,False,False,False,True,True,0.0207845237162569,0.0,20214
A0_E3G,215,215,20215,-141.59144592285156,-7.079572296142578,0.0485322102904319,0.2589935370294831,True,6.281733741983771,233,Ca4Eu3Ni3O10,Ca-Eu-Ni-O,2.180059141913079,False,False,0.2315723396935212,0.1247116348624913,False,False,True,True,True,True,True,True,True,True,True,0.2315723396935212,0.2315723396935212,20215
A0_E3G,216,216,20216,-93.31597900390624,-7.7763315836588545,0.0502775534987449,0.345389005830941,True,1.8004187860060483,68,Fe4AsN,As-Fe-N,1.8850224029157503,False,False,0.172042408504323,0.0573459330076817,False,False,True,True,True,True,True,True,True,True,True,0.172042408504323,0.172042408504323,20216
A0_E3G,217,217,20217,-152.65451049804688,-8.034447920949836,0.0462924614548683,0.8968661718046401,True,2.5147614310262725,93,Fe14B5,B-Fe,1.719444644379888,False,False,0.2294812020728454,0.1405376397083298,False,False,False,False,True,True,True,True,True,True,True,0.2294812020728454,0.0,20217
A0_E3G,218,218,20218,-61.30543518066406,-6.130543518066406,0.0459761656820774,0.3480285648073165,True,0.974017789005302,37,EuH5O4,Eu-H-O,0.9952106054251708,False,False,0.1142482140024272,0.0509931297430227,False,False,True,True,True,True,True,True,True,True,True,0.1142482140024272,0.1021277466947543,20218
A0_E3G,219,219,20219,-96.20386505126952,-6.871704646519253,0.0354776605963707,0.2802923592494349,True,1.148671458940953,42,Mn2Fe3AsO8,As-Fe-Mn-O,1.880625200267128,False,False,0.2482781573723826,0.0180297325627415,False,False,True,True,True,True,True,True,True,True,True,0.2482781573723826,0.2482781573723826,20219
A0_E3G,220,220,20220,-72.98468017578125,-6.0820566813151045,0.0310430284589529,0.0686515601304891,True,0.4835866600042209,18,Eu2Ga3Cu,Cu-Eu-Ga,2.5892984792561755,False,False,0.0230269859211977,0.0161260941120118,True,True,True,True,True,True,True,True,True,True,True,0.0230269859211977,0.0143032674928642,20220
A0_E3G,221,221,20221,-88.08670043945312,-5.872446695963542,0.0438283868134021,0.4600434124026509,True,2.128880998934619,81,ZnFe5O5F4,F-Fe-O-Zn,1.9336809660622076,False,False,0.2726770282243924,0.07524148566683,False,False,False,False,True,True,True,True,True,True,True,0.2726770282243924,0.2726770282243924,20221
A0_E3G,222,222,20222,-23.78656768798828,-7.928855895996094,0.0465269945561885,0.0440827976325566,True,0.3932454230962321,15,Eu2Tl,Eu-Tl,3.3956876920902155,False,False,0.0390229001963273,0.0150783327386805,False,True,True,True,True,False,False,True,True,False,True,0.0390229001963273,0.0,20222
A0_E3G,223,223,20223,-107.0214614868164,-8.232420114370493,0.0385757349431514,0.2652522767423935,True,0.5458839209750295,21,SmVFe11,Fe-Sm-V,2.302649669900988,False,False,0.0490969125744165,0.0203975655457659,True,True,True,True,True,True,True,True,True,True,True,0.0490969125744165,0.0490969125744165,20223
A0_E3G,224,224,20224,-136.5406494140625,-7.585591634114583,0.0472499728202819,0.573801041858319,True,5.778363738907501,237,Dy2Fe9B7,B-Dy-Fe,1.7157016097288378,False,False,0.2063899267600852,0.1049254334498899,False,False,False,False,True,True,True,True,True,True,True,0.2063899267600852,0.1226799097315947,20224
A0_E3G,225,225,20225,-136.93646240234375,-6.846823120117188,0.0502071790397167,0.4428938628176146,True,3.6873289940413088,152,LiMn3Fe3MoO12,Fe-Li-Mn-Mo-O,1.7772868713754286,False,False,0.3502668877070345,0.0458972108947505,False,False,True,True,True,True,True,True,True,True,False,0.3502668877070345,0.3502668877070345,20225
A0_E3G,226,226,20226,-82.85569763183594,-8.285569763183593,0.044033620506525,0.4716137610889937,True,1.487516610068269,59,Eu2CrMo(O2F)2,Cr-Eu-F-Mo-O,2.010170350422384,False,False,0.2899874195269767,0.0737160293224381,False,False,True,True,True,True,True,True,True,True,False,0.2899874195269767,0.2899874195269767,20226
A0_E3G,227,227,20227,-73.15834045410156,-6.09652837117513,0.0435029827058315,0.2406412793464609,True,3.5248696509515867,132,Fe3GeH2,Fe-Ge-H,1.670657830776065,False,False,0.1227609233312891,0.5895337733578062,False,False,True,True,True,True,True,True,True,True,True,0.1227609233312891,0.1227609233312891,20227
A0_E3G,228,228,20228,-99.16231536865234,-7.08302252633231,0.0498315244913101,0.2438545113392675,True,2.581904663005844,92,Cr(FeO2)2,Cr-Fe-O,1.9807105586322895,False,False,0.2907445216809439,0.1430383566929748,False,False,True,True,True,True,True,True,True,True,True,0.2907445216809439,0.2538059120252232,20228
A0_E3G,229,229,20229,-64.74723815917969,-5.886112559925426,0.0486247055232524,0.2228585309815692,True,0.8170323499944061,30,Mn5Ga6,Ga-Mn,2.5261286734875723,False,False,0.0840545998329318,0.0242394697286618,True,True,True,True,True,True,True,True,True,True,True,0.0840545998329318,0.0,20229
A0_E3G,230,230,20230,-52.54111862182617,-6.567639827728272,0.0506911277770996,0.3773325811062856,True,1.479847103008069,56,MgMn2O4F,F-Mg-Mn-O,1.8982165693821855,False,False,0.3634003942634809,0.06172432241006,False,False,False,False,True,True,True,True,True,True,True,0.3634003942634809,0.3634003942634809,20230
A0_E3G,231,231,20231,-56.63011169433594,-4.719175974527995,0.0196284037083387,0.126607712514522,True,0.507832188042812,20,Eu3Mg5Cu4,Cu-Eu-Mg,2.65724599660825,False,False,0.0168761728929807,0.0182018516776059,True,True,True,True,True,True,True,True,True,True,True,0.0168761728929807,0.0271067750950111,20231
A0_E3G,232,232,20232,-87.65019226074219,-7.304182688395183,0.0440036244690418,0.2871565933466526,True,0.7518559590680525,28,SmFe5Co6,Co-Fe-Sm,2.346854883782413,False,False,0.2751617240564705,0.0114211636688709,False,False,True,True,True,True,True,True,True,True,True,0.2751617240564705,0.2751617240564705,20232
A0_E3G,233,233,20233,-76.11638641357422,-9.514548301696776,0.0380879156291484,0.1409994216141209,True,0.7363187179435045,30,Eu2AsO,As-Eu-O,2.311791242998961,False,False,0.0463584768299707,0.0114014004520819,True,True,True,True,True,True,True,True,True,True,True,0.0463584768299707,0.0463584768299707,20233
A0_E3G,234,234,20234,-70.46836853027344,-7.046836853027344,0.0185420680791139,0.0111745979284453,True,0.1809592699864879,7,Eu2MgSi2,Eu-Mg-Si,2.4081372953652083,False,False,0.0841846709777005,0.001758099068335,True,True,True,True,True,True,True,True,True,True,True,0.0841846709777005,0.0689187474153216,20234
A0_E3G,235,235,20235,-56.03389358520508,-5.603389358520508,0.0493877977132797,0.1779699081266741,True,1.676574351033196,60,LiFe3OF5,F-Fe-Li-O,1.965988097804397,False,False,0.2067346137852777,0.0591565267512131,False,False,True,True,True,True,True,True,True,True,True,0.2067346137852777,0.2067346137852777,20235
A0_E3G,236,236,20236,-72.18330383300781,-7.218330383300781,0.046018335968256,0.1485774567389834,True,0.7796294509898871,27,Mn3SbO6,Mn-O-Sb,1.9821121057378588,False,False,0.1043723933192275,0.0065242013656365,False,False,True,True,True,True,True,True,True,True,True,0.1043723933192275,0.0829204072582268,20236
A0_E3G,237,237,20237,-24.452260971069336,-6.113065242767334,0.0268972739577293,0.0466754398679064,True,0.2253226130269467,9,FeCu,Cu-Fe,2.4755455450288384,False,False,0.1900759565337946,0.000307060234031,False,False,True,True,True,True,True,True,True,True,True,0.1900759565337946,0.1900759565337946,20237
A0_E3G,238,238,20238,-92.0459976196289,-7.670499801635742,0.0360560044646263,0.1134327532145273,True,0.6474858539877459,25,LiEu3Si2,Eu-Li-Si,2.776937116752064,False,False,0.0323099966207074,0.0297192437307121,True,True,False,False,True,True,True,True,True,True,True,0.0323099966207074,0.0323099966207074,20238
A0_E3G,239,239,20239,-89.20551300048828,-8.920551300048828,0.0351489186286926,0.1836046713683829,True,1.1203953039366752,45,EuGd2F7,Eu-F-Gd,2.1951812961702366,False,False,0.1159381150672338,0.045784302864541,False,False,True,True,True,True,True,True,True,True,False,0.1159381150672338,0.1159381150672338,20239
A0_E3G,240,240,20240,-91.20140838623048,-9.120140838623048,0.0513833984732627,0.1212488684130579,True,1.5762823739787564,63,Eu7InP2,Eu-In-P,2.8346028275123327,False,False,0.0128849390656622,0.1083390614094397,True,True,False,False,True,True,True,True,True,True,True,0.0128849390656622,0.0128849390656622,20240
A0_E3G,241,241,20241,-113.62374877929688,-7.101484298706055,0.0486578755080699,0.6381680752224411,True,5.915083892992698,209,Mn5GaO10,Ga-Mn-O,1.7782403736542596,False,False,0.1786236304247079,0.2930022672666196,False,False,False,False,True,True,True,True,True,True,True,0.1786236304247079,0.1786236304247079,20241
A0_E3G,242,242,20242,-115.68325805664062,-6.426847669813368,0.048704095184803,1.3951241825776224,True,2.94886652904097,107,Mn2Fe5Ni2O9,Fe-Mn-Ni-O,1.866910984716361,False,False,0.3280195604267906,0.087508331892576,False,False,True,True,True,True,True,True,True,True,True,0.3280195604267906,0.3280195604267906,20242
A0_E3G,243,243,20243,-69.4477310180664,-6.313430092551491,0.0472723059356212,0.3588148697675632,True,1.5150262650568038,58,Gd2(ZnNi2)3,Gd-Ni-Zn,2.329417877661209,False,False,0.0978933170559228,0.0617103382982723,True,True,True,True,True,True,True,True,True,True,False,0.0978933170559228,0.0978933170559228,20243
A0_E3G,244,244,20244,-26.484455108642575,-6.6211137771606445,0.0264152064919471,0.0265010251088564,True,0.156676426064223,6,NdEu2Hg,Eu-Hg-Nd,3.3408104454394034,False,False,0.0888733257860057,0.0039453054558944,True,True,True,True,True,True,True,True,True,True,True,0.0888733257860057,0.0888733257860057,20244
A0_E3G,245,245,20245,-115.05995178222656,-6.392219543457031,0.0508371144533157,0.5690976807374738,True,2.995507200015709,103,MgMn5(OF)6,F-Mg-Mn-O,1.8370519959843823,False,False,0.3267738054390525,0.0853725981674096,False,False,True,True,True,True,True,True,True,True,True,0.3267738054390525,0.3267738054390525,20245
A0_E3G,246,246,20246,-37.38965606689453,-6.231609344482422,0.0496207736432552,0.0783128859315546,True,0.7871522980276495,29,Fe2Ni3Au,Au-Fe-Ni,2.445739885990383,False,False,0.101021674356807,0.0042067667408269,False,False,True,True,True,True,True,True,True,True,True,0.101021674356807,0.101021674356807,20246
A0_E3G,247,247,20247,-174.62673950195312,-9.701485527886284,0.2780324518680572,0.348714573194254,False,10.685836368938908,500,Eu8NiO9,Eu-Ni-O,1.9580335780651597,False,False,0.2119205280964422,0.335232012048067,False,False,True,True,True,True,True,True,True,True,True,0.2119205280964422,0.2119205280964422,20247
A0_E3G,248,248,20248,-82.3229751586914,-8.23229751586914,0.0233876183629035,0.1022726381574128,True,0.6996265660272911,26,Eu3GaSb,Eu-Ga-Sb,2.8474745397569445,False,False,0.1438533373669877,0.0259022793340392,False,False,True,True,True,True,True,True,True,True,True,0.1438533373669877,0.1438533373669877,20248
A0_E3G,249,249,20249,-75.6275863647461,-7.5627586364746096,0.0511538535356521,0.6070463005111668,True,2.494062563986517,93,GdMnFeO7,Fe-Gd-Mn-O,1.4202341421526004,False,False,0.4268770806576327,0.0889044630621394,False,False,True,True,True,True,True,True,True,True,False,0.4268770806576327,0.4268770806576327,20249
A0_E3G,250,250,20250,-126.42943572998048,-6.321471786499023,0.0496086478233337,0.6317271505526556,True,4.51574195898138,158,Fe7Ni4B4H5,B-Fe-H-Ni,1.4904691003235218,False,False,0.2031549481984136,0.17819984371477,False,False,False,False,True,True,True,True,True,True,False,0.2031549481984136,0.2031549481984136,20250
A0_E3G,251,251,20251,-32.05049514770508,-5.34174919128418,0.0419637039303779,0.1066150327296158,True,0.3703195749549195,14,BeAlFe,Al-Be-Fe,2.2810308060307856,False,False,0.3269027184404622,0.0037829538392874,False,False,True,True,True,True,True,True,True,True,True,0.3269027184404622,0.3269027184404622,20251
A0_E3G,252,252,20252,-22.16548156738281,-5.541370391845703,0.0324079021811485,0.0339521111906806,True,0.0969418410677462,4,NiPt,Ni-Pt,2.498492369429115,False,False,0.5311536307349609,0.0021683415244665,False,False,True,True,True,False,False,True,True,False,True,0.5311536307349609,0.4257651858349618,20252
A0_E3G,253,253,20253,-33.49922561645508,-6.699845123291016,0.0150309344753623,0.0639714504029677,True,0.3784232640173286,14,Eu2Cu3,Cu-Eu,2.5437547964256493,False,False,0.035482331851556,0.0069663324157094,True,True,True,True,True,True,True,True,True,True,True,0.035482331851556,0.0,20253
A0_E3G,254,254,20254,-32.43402099609375,-8.108505249023438,0.0127326445654034,0.0166843007165595,True,0.1835091350367292,8,Eu3Mg,Eu-Mg,3.4402409774500198,False,False,0.0597277805245308,0.0018275357434589,False,True,True,True,True,False,False,True,True,False,True,0.0597277805245308,0.0179098543520321,20254
A0_E3G,255,255,20255,-100.79544830322266,-9.163222573020242,0.0470247268676757,0.1534066462921463,True,1.2127699410775676,45,Eu4O3F4,Eu-F-O,2.268426574822037,False,False,-0.0103687536546193,0.0128794695489342,True,True,False,False,True,True,True,True,True,True,True,-0.0103687536546193,0.0,20255
