stage,status,started_at,finished_at,message
state_audit,success,2026-07-24T17:13:47+08:00,2026-07-24T17:13:47+08:00,Actual Git/tmux/process/GPU/progress/remote state audited.
formal_result_freeze,success,2026-07-24T17:13:47+08:00,2026-07-24T17:13:47+08:00,Completed formal 256-seed baseline copied and SHA256 frozen without modification.
branch_creation,success,2026-07-24T17:13:59+08:00,2026-07-24T17:13:59+08:00,Created feature/budget-aware-corrector-gating from 5de00419eea2d8a9be303638f2db8ece15a22366.
implementation,success,,2026-07-24T17:30:50+08:00,"Budget, late-stage gate, atomic veto, adaptive calibration, aggregation and accounting implemented at f59ebad248c85c7699ee850810cd152607fb5229."
tests,success,,2026-07-24T17:30:50+08:00,52 focused tests passed; full suite has 7 pre-existing MP-20/PyTorch weights_only data-environment failures; git diff --check passed.
threshold_probe,success,2026-07-24T17:36:09+08:00,2026-07-24T17:51:00+08:00,4/4 full traces validated; G1/G2 resolved configs frozen by SHA256.
eight_seed_generation,success,2026-07-24T17:38:10+08:00,2026-07-24T17:51:00+08:00,A0/G1/G2/G3 main=32/32 and determinism repeats=16/16.
eight_seed_go_no_go,success,2026-07-24T17:47:04+08:00,2026-07-24T17:51:00+08:00,BUDGET_AWARE_GATING_GO=True
thirty_two_generation,success,2026-07-24T17:51:03+08:00,2026-07-24T18:03:13+08:00,96/96 valid outputs.
thirty_two_relax,success,2026-07-24T18:03:13+08:00,2026-07-24T18:03:40+08:00,96/96 valid relax outputs.
thirty_two_metrics,success,2026-07-24T18:03:40+08:00,2026-07-24T18:08:31+08:00,32-seed official metrics complete.
pareto_candidate_freeze,success,2026-07-24T18:08:31+08:00,2026-07-24T18:08:31+08:00,Frozen exact candidates=[].
sixty_four_generation,not_applicable,,2026-07-24T18:08:31+08:00,No 32-seed candidate passed; stopped without retuning.
sixty_four_relax,not_applicable,,2026-07-24T18:11:13+08:00,No candidate passed frozen 32-seed gates; 64-seed relax not started.
sixty_four_metrics,not_applicable,,2026-07-24T18:11:13+08:00,No candidate passed frozen 32-seed gates; 64-seed metrics not started.
paired_analysis,success,,2026-07-24T18:11:13+08:00,32-seed A0/G1/G2 paired analysis complete; G3 kept separate.
pareto_report,success,,2026-07-24T18:11:13+08:00,32-seed terminal No-Go report and 10 figures complete.
github_archive,success,2026-07-24T18:11:13+08:00,2026-07-24T18:14:58+08:00,"Branch pushed, Draft PR #2 created, and complete non-weight data Release uploaded."
stop_for_review,success,,2026-07-24T18:14:58+08:00,Terminal 32-seed No-Go archived; stopped for user review without 64/formal seeds.
