config,seed,task_id,energy_ev,energy_per_atom_ev,maximum_force_ev_ang,converged,relax_elapsed_seconds,steps,formula,chemical_system,energy_above_hull_per_atom,rmsd_from_relaxation,novel_unique_stable,stable,comp_validity,structure_comp_validity,structure_validity,novel,novel_unique,unique,is_unique,is_novel,is_explored,energy_above_hull,self_consistent_energy_above_hull
U0,17000,U0_seed_17000,-43.55405044555664,-3.6295042037963867,0.042981356382369995,True,4.622621090034954,150,HgGe3Te5As3,As-Ge-Hg-Te,0.1285241194274933,0.16978748894025497,False,False,True,True,True,True,True,True,True,True,False,0.1285241194274933,0.1285241194274933
U0,17001,U0_seed_17001,-31.514436721801758,-4.502062388828823,0.05010710656642914,True,1.9455139570054598,45,Sr3NCl3,Cl-N-Sr,0.11980057438337965,0.08241214038550493,False,False,True,True,True,True,True,True,True,True,True,0.11980057438337965,0.028132934540997745
U0,17002,U0_seed_17002,-82.81375885009766,-4.358618886847245,0.05231429636478424,True,7.524881512974389,221,ZnAg6HNO10,Ag-H-N-O-Zn,0.24360164505483262,0.2025599469993167,False,False,True,True,True,True,True,True,True,True,False,0.24360164505483262,0.24360164505483262
U0,17003,U0_seed_17003,-165.2240753173828,-9.179115295410156,0.045117173343896866,True,13.670943104021717,435,Hf7As4N7,As-Hf-N,0.38084275116999144,0.26941191705181805,False,False,False,False,True,True,True,True,True,True,True,0.38084275116999144,0.38084275116999144
U0,17004,U0_seed_17004,-77.57111358642578,-7.051919416947798,0.04911140352487564,True,2.431908099038992,53,Hf2Al5Cr4,Al-Cr-Hf,0.2728486406436543,0.10529562256408365,False,False,True,True,True,True,True,True,True,True,True,0.2728486406436543,0.2728486406436543
U0,17005,U0_seed_17005,-49.67828369140625,-4.967828369140625,0.04108148813247681,True,1.5494922879734077,25,Pr5Al3Ni2,Al-Ni-Pr,0.0881093988651882,0.01769072251241657,True,True,True,True,True,True,True,True,True,True,True,0.0881093988651882,0.05690127502618747
U0,17006,U0_seed_17006,-37.329437255859375,-4.147715250651042,0.04889466613531113,True,2.810238923993893,66,Zr2Sc(CdGa)3,Cd-Ga-Sc-Zr,0.23225485660086864,0.07936528282002844,False,False,True,True,True,True,True,True,True,True,True,0.23225485660086864,0.23225485660086864
U0,17007,U0_seed_17007,-71.93528747558594,-7.193528747558593,0.04380710422992706,True,2.035062174021732,45,ZrFe5As4,As-Fe-Zr,0.12233686988507753,0.05310506352995723,False,False,True,True,True,True,True,True,True,True,True,0.12233686988507753,0.12233686988507753
U0,17008,U0_seed_17008,-66.02169799804688,-6.001972545276988,0.04740950092673302,True,2.7664367830147967,62,Tb3(CoGe)4,Co-Ge-Tb,0.18068737820400482,0.03304759591226886,False,False,True,True,True,True,True,True,True,True,True,0.18068737820400482,0.05106940914127822
U0,17009,U0_seed_17009,-31.63115119934082,-3.163115119934082,0.01499805599451065,True,1.466588769981172,20,CsAgMoBr7,Ag-Br-Cs-Mo,0.2389051147670358,0.028352641071465855,False,False,True,True,True,True,True,True,True,True,True,0.2389051147670358,0.2389051147670358
U0,17010,U0_seed_17010,-22.04543685913086,-5.511359214782715,0.016226451843976974,True,1.0336515640374273,16,Ni3Sb,Ni-Sb,0.01061202576075182,0.001796260170295729,False,True,True,True,True,False,False,True,True,False,True,0.01061202576075182,0.0
U0,17011,U0_seed_17011,-28.578224182128906,-7.144556045532227,0.011592232622206211,True,1.653975052991882,25,GdZnP2,Gd-P-Zn,0.3379391877137312,0.09610051330191047,False,False,True,True,True,True,True,True,True,True,False,0.3379391877137312,0.3379391877137312
U0,17012,U0_seed_17012,-41.23292541503906,-3.436077117919922,0.04669547826051712,True,3.779064113041386,113,BaI2,Ba-I,0.056416941891393346,0.2389960162296869,False,True,True,True,True,False,False,True,True,False,True,0.056416941891393346,0.0
U0,17013,U0_seed_17013,-56.46729278564453,-5.133390253240412,0.044425118714571,True,2.60685605998151,55,CePr3Te6Cl,Ce-Cl-Pr-Te,0.13551644990287937,0.06569737742925713,False,False,True,True,True,True,True,True,True,True,True,0.13551644990287937,0.13551644990287937
U0,17014,U0_seed_17014,-22.346240997314453,-7.448746999104817,0.021359199658036232,True,1.885349746036809,28,CrPt2,Cr-Pt,0.04311154848075205,0.01076968790269494,False,True,True,True,True,False,False,True,True,False,True,0.04311154848075205,0.0
U0,17015,U0_seed_17015,-90.6707992553711,-5.037266625298394,0.03818241134285927,True,4.334909490018617,117,K5Sn3O10,K-O-Sn,0.26366340011326805,0.1259896329367757,False,False,False,False,True,True,True,True,True,True,True,0.26366340011326805,0.07861407772049311
U0,17016,U0_seed_17016,-47.698883056640625,-5.962360382080078,0.04503116011619568,True,1.283644231967628,32,Ce7Si,Ce-Si,0.10175454201943968,0.08309907778335406,False,False,False,False,True,True,True,True,True,True,True,0.10175454201943968,0.0
U0,17017,U0_seed_17017,-44.61113739013672,-4.461113739013672,0.04564795643091202,True,3.6323514960240573,110,VZnF8,F-V-Zn,0.13251066199085226,0.23884366960389736,False,False,True,True,True,True,True,True,True,True,True,0.13251066199085226,0.13251066199085226
U0,17018,U0_seed_17018,-45.83319091796875,-6.547598702566964,0.03935709595680237,True,0.9445875930250622,33,Ti(VSe2)2,Se-Ti-V,0.1001375470929462,0.0298219723031338,False,False,True,True,True,True,True,True,True,True,True,0.1001375470929462,0.1001375470929462
U0,17019,U0_seed_17019,-62.54799270629883,-5.686181155118075,0.05070243030786514,True,10.458515278005507,338,Zr3(AgSe3)2,Ag-Se-Zr,0.19860267751703908,0.4862824969213251,False,False,True,True,True,True,True,True,True,True,False,0.19860267751703908,0.19860267751703908
U0,17020,U0_seed_17020,-19.00403594970703,-4.751008987426758,0.021763553842902184,True,0.33815459499601275,12,LiScTe2,Li-Sc-Te,0.1125512683211527,0.0014602931499290057,False,False,True,True,True,False,False,True,True,False,True,0.1125512683211527,0.06749965245866463
U0,17021,U0_seed_17021,-47.817222595214844,-4.7817222595214846,0.044877782464027405,True,6.450533558963798,225,TiBi2S7,Bi-S-Ti,0.29686548964582116,1.3340959648207105,False,False,True,True,True,True,True,True,True,True,True,0.29686548964582116,0.29686548964582116
U0,17022,U0_seed_17022,-47.857723236083984,-4.3507021123712715,0.04599924013018608,True,6.656666467955802,230,Dy3Cu8,Cu-Dy,0.14377220468475294,0.514933383714979,False,False,True,True,True,True,True,True,True,True,True,0.14377220468475294,0.0
U0,17023,U0_seed_17023,-19.6490478515625,-4.912261962890625,0.027105193585157394,True,1.8525012210011482,59,BaCdO2,Ba-Cd-O,0.11982062515468694,0.21437811476928834,False,False,True,True,True,True,True,True,True,True,True,0.11982062515468694,0.062426439137186485
U0,17024,U0_seed_17024,-15.278934478759766,-3.8197336196899414,0.04917622357606888,True,2.986712374025956,112,Ga2CuSi,Cu-Ga-Si,0.15354580103354554,1.2753461369352699,False,False,False,False,True,True,True,True,True,True,True,0.15354580103354554,0.15354580103354554
U0,17025,U0_seed_17025,-101.5295181274414,-6.345594882965088,0.048961080610752106,True,2.8941374749992974,102,YbCe3(ErS3)3,Ce-Er-S-Yb,0.1997680460253619,0.09775231560712576,False,False,True,True,True,True,True,True,True,True,False,0.1997680460253619,0.1997680460253619
U0,17026,U0_seed_17026,-45.24275207519531,-5.655344009399414,0.043832823634147644,True,1.3094901299919002,46,EuMnInCuTeSe3,Cu-Eu-In-Mn-Se-Te,0.15963323121420103,0.05207772645438696,False,False,True,True,True,True,True,True,True,True,False,0.15963323121420103,0.15963323121420103
U0,17027,U0_seed_17027,-11.588424682617188,-1.9314041137695312,0.04206080734729767,True,1.7573476529796608,61,Hg2SBrCl2,Br-Cl-Hg-S,0.2675461638897123,0.1859625185945912,False,False,True,True,True,True,True,True,True,True,True,0.2675461638897123,0.2675461638897123
U0,17028,U0_seed_17028,-17.256643295288086,-5.752214431762695,0.022935569286346436,True,0.31460673396941274,11,TiTeSe,Se-Te-Ti,0.02876638497360151,0.004050552435984103,False,True,True,True,True,False,False,True,True,False,True,0.02876638497360151,0.02876638497360151
U0,17029,U0_seed_17029,-35.236637115478516,-7.0473274230957035,0.04788122698664665,True,0.7622736399644054,26,CeSi3Ir,Ce-Ir-Si,0.0031984468739612026,0.007300420163931339,False,True,False,False,True,False,False,True,True,False,True,0.0031984468739612026,0.0
U0,17030,U0_seed_17030,-151.96835327148438,-7.598417663574219,0.0469551645219326,True,11.025677624973468,371,Na3Ti4V2O11,Na-O-Ti-V,0.23804271162576995,0.23181824121715755,False,False,False,False,True,True,True,True,True,True,True,0.23804271162576995,0.23804271162576995
U0,17031,U0_seed_17031,-22.941450119018555,-7.647150039672852,0.0014393687015399337,True,1.098233983037062,39,TmO2,O-Tm,0.2735303370041482,0.010379457586131255,False,False,True,True,True,True,True,True,True,True,True,0.2735303370041482,0.0
U0,17032,U0_seed_17032,-33.42934036254883,-3.0390309420498935,0.052746132016181946,True,11.072679085016716,384,CaAg3Cl7,Ag-Ca-Cl,0.05988701578690403,1.5199110161426597,True,True,False,False,True,True,True,True,True,True,True,0.05988701578690403,0.05988701578690403
U0,17033,U0_seed_17033,-35.36458206176758,-4.420572757720947,0.04715101793408394,True,3.798348176002037,135,Cs3TeO4,Cs-O-Te,0.25818566436394086,0.5078361988242684,False,False,True,True,True,True,True,True,True,True,True,0.25818566436394086,0.0
U0,17034,U0_seed_17034,-28.165103912353516,-4.694183985392253,0.036839038133621216,True,2.069027494988404,58,CoNiSe4,Co-Ni-Se,0.12147331694316232,0.11593976898159958,False,False,True,True,True,True,True,True,True,True,True,0.12147331694316232,0.12147331694316232
U0,17035,U0_seed_17035,-43.88784408569336,-4.876427120632595,0.050726357847452164,True,2.0647088559926488,76,Ba2Sb2Pd5,Ba-Pd-Sb,0.034432411355751036,0.10634907119603641,True,True,True,True,True,True,True,True,True,True,True,0.034432411355751036,0.0
U0,17036,U0_seed_17036,-53.466190338134766,-4.860562758012251,0.04683039337396622,True,4.379040794039611,152,TlCu3HO6,Cu-H-O-Tl,0.15399753117697212,1.2271947078036964,False,False,True,True,True,True,True,True,True,True,False,0.15399753117697212,0.15399753117697212
U0,17037,U0_seed_17037,-79.83369445800781,-3.9916847229003904,0.04605480283498764,True,12.510093642049469,443,Cs4CoCu5(I2O3)2,Co-Cs-Cu-I-O,1.3056653138173706,0.496425586629241,False,False,True,True,True,True,True,True,True,True,False,1.3056653138173706,1.3056653138173706
U0,17038,U0_seed_17038,-101.2812271118164,-6.330076694488525,0.13590337336063385,False,14.741666579968296,500,Li2MnGaCu2(SiO4)2,Cu-Ga-Li-Mn-O-Si,0.3586362717800471,0.3509211257026401,False,False,True,True,True,True,True,True,True,True,False,0.3586362717800471,0.3586362717800471
U0,17039,U0_seed_17039,-67.2776107788086,-6.727761077880859,0.04031788930296898,True,1.2207618630491197,42,SrNd(GeO3)2,Ge-Nd-O-Sr,0.3150388744742276,0.011139705018067896,False,False,True,True,True,True,True,True,True,True,False,0.3150388744742276,0.3150388744742276
U0,17040,U0_seed_17040,-41.873252868652344,-8.374650573730468,0.02464085817337036,True,0.9449191400199197,33,La2O3,La-O,0.07828054001164197,0.022554128609460548,False,True,True,True,True,False,False,True,True,False,True,0.07828054001164197,0.0
U0,17041,U0_seed_17041,-91.8271255493164,-6.559080396379743,0.05001853406429291,True,5.9767547129886225,214,Na2CaTi2CdO8,Ca-Cd-Na-O-Ti,0.16148682704267525,0.32979693105401825,False,False,False,False,True,True,True,True,True,True,False,0.16148682704267525,0.16148682704267525
U0,17042,U0_seed_17042,-15.34761905670166,-3.836904764175415,0.04841366410255432,True,0.42357777297729626,14,LiNiH2,H-Li-Ni,0.051655004363640344,0.009183095724453035,False,True,True,True,True,False,False,True,True,False,True,0.051655004363640344,0.016150302223640445
U0,17043,U0_seed_17043,-89.3760986328125,-6.384007045200893,0.04975033551454544,True,4.3355292589985766,157,Cs2NbN2O9,Cs-N-Nb-O,0.2639572083950652,0.09833824825144637,False,False,True,True,True,True,True,True,True,True,False,0.2639572083950652,0.2639572083950652
U0,17044,U0_seed_17044,-30.437164306640625,-7.609291076660156,0.048200421035289764,True,0.5360445579863153,19,LiZrO2,Li-O-Zr,0.20750939934242218,0.005225372418447105,False,False,True,True,True,True,True,True,True,True,True,0.20750939934242218,0.1212216556424206
U0,17045,U0_seed_17045,-153.82568359375,-9.614105224609375,0.042552266269922256,True,2.3110901649924926,81,Zr7N5O4,N-O-Zr,0.3364208752203126,0.0734605991303771,False,False,True,True,True,True,True,True,True,True,True,0.3364208752203126,0.3364208752203126
U0,17046,U0_seed_17046,-22.264305114746094,-5.566076278686523,0.023561464622616768,True,0.22669004404451698,8,LiTm2Ir,Ir-Li-Tm,0.001760275515331422,0.0012898177629609966,False,True,True,True,True,False,False,True,True,False,True,0.001760275515331422,0.0
U0,17047,U0_seed_17047,-74.31907653808594,-6.75627968528054,0.04750800132751465,True,2.445994634006638,84,Mo3WSe5S2,Mo-S-Se-W,0.486693918233704,0.1070593491326262,False,False,True,True,True,True,True,True,True,True,True,0.486693918233704,0.486693918233704
U0,17048,U0_seed_17048,-75.6590576171875,-7.56590576171875,0.03447538986802101,True,1.0441761150141247,36,Ba2SmReO6,Ba-O-Re-Sm,0.12684678966470742,0.004641283051935805,False,False,True,True,True,True,True,True,True,True,True,0.12684678966470742,0.12684678966470742
U0,17049,U0_seed_17049,-87.06329345703125,-6.218806675502232,0.0454656183719635,True,3.2441402570111677,115,Mg2Ti4CrS7,Cr-Mg-S-Ti,0.42406742683971554,0.11962631440534105,False,False,True,True,True,True,True,True,True,True,True,0.42406742683971554,0.42406742683971554
U0,17050,U0_seed_17050,-12.820243835449219,-3.2050609588623047,0.01857161708176136,True,0.4307385770371184,16,TlNiAg2,Ag-Ni-Tl,0.27357849541389934,0.011544695529394824,False,False,True,True,True,True,True,True,True,True,False,0.27357849541389934,0.27357849541389934
U0,17051,U0_seed_17051,-12.213125228881836,-3.053281307220459,0.04504646733403206,True,0.6893203309737146,24,ZnBiPb2,Bi-Pb-Zn,0.09926903520830344,0.04921696385893956,True,True,True,True,True,True,True,True,True,True,True,0.09926903520830344,0.09926903520830344
U0,17052,U0_seed_17052,-44.97586441040039,-4.997318267822266,0.04445695877075195,True,1.6859402830014005,62,Tm2Fe(CuSb2)2,Cu-Fe-Sb-Tm,0.20511514095959615,0.061863010515537005,False,False,True,True,True,True,True,True,True,True,False,0.20511514095959615,0.20511514095959615
U0,17053,U0_seed_17053,-53.4821891784668,-10.69643783569336,0.046084750443696976,True,1.986047571990639,71,Gd3CoBr,Br-Co-Gd,0.1164393240117576,0.9362397849076055,False,False,False,False,True,True,True,True,True,True,True,0.1164393240117576,0.08728595905753522
U0,17054,U0_seed_17054,-59.56847381591797,-5.956847381591797,0.04793820157647133,True,4.21057562000351,150,Dy(GePt)2,Dy-Ge-Pt,0.12015436191828943,0.1604520470917473,False,False,True,True,True,True,True,True,True,True,True,0.12015436191828943,0.0
U0,17055,U0_seed_17055,-80.42845153808594,-5.026778221130371,0.04312851279973984,True,1.8146373099880293,63,BaLa6MnSn7Pb,Ba-La-Mn-Pb-Sn,0.23871960595895025,0.08350589340276737,False,False,True,True,True,True,True,True,True,True,False,0.23871960595895025,0.23871960595895025
U0,17056,U0_seed_17056,-46.94902038574219,-5.868627548217773,0.04833502322435379,True,1.5923941070213914,56,PrCu3O4,Cu-O-Pr,0.21511258496888086,0.07117180976711848,False,False,True,True,True,True,True,True,True,True,True,0.21511258496888086,0.20991944728314405
U0,17057,U0_seed_17057,-49.334869384765625,-6.166858673095703,0.04753880575299263,True,1.4130957400193438,49,P3Rh,P-Rh,0.34552196023996107,0.05036916124083873,False,False,False,False,True,True,True,True,True,True,True,0.34552196023996107,0.0
U0,17058,U0_seed_17058,-31.398521423339844,-7.849630355834961,0.004456945229321718,True,1.0470980899990536,36,HfNiPt2,Hf-Ni-Pt,0.05808486312486316,0.0031444125694143517,False,True,True,True,True,False,False,True,True,False,True,0.05808486312486316,0.028335451294193348
U0,17059,U0_seed_17059,-26.933271408081055,-4.488878568013509,0.02084052935242653,True,0.5717559490003623,21,Ga4FeNi,Fe-Ga-Ni,0.23294052531769882,0.013926717425434249,False,False,True,True,True,True,True,True,True,True,True,0.23294052531769882,0.23294052531769882
U0,17060,U0_seed_17060,-37.92970275878906,-4.741212844848633,0.051416270434856415,True,4.652259238995612,162,BiOF2,Bi-F-O,0.40885780689322093,0.184398034429276,False,False,True,True,True,True,True,True,True,True,True,0.40885780689322093,0.37553608337354927
U0,17061,U0_seed_17061,-34.27527618408203,-8.568819046020508,0.011255765333771706,True,0.9685042470227927,34,Hf3Al,Al-Hf,0.07259022552927696,0.020650460311818705,True,True,True,True,True,True,True,True,True,True,True,0.07259022552927696,0.0
U0,17062,U0_seed_17062,-22.520200729370117,-5.630050182342529,0.03963572531938553,True,0.491058181039989,17,LiFeOF,F-Fe-Li-O,0.27165415829947825,0.02479077696249566,False,False,True,True,True,True,True,True,True,True,True,0.27165415829947825,0.27165415829947825
U0,17063,U0_seed_17063,-26.996410369873047,-5.399282073974609,0.02499430812895298,True,0.6662837279727682,24,Nd2CuTeAs,As-Cu-Nd-Te,0.13431275279613786,0.022753374214561747,False,False,True,True,True,True,True,True,True,True,False,0.13431275279613786,0.13431275279613786
