atomic_numbers_unchanged,converged,elapsed_seconds,finished_at,frozen_a0_relax_reused,initial_energy_ev,initial_energy_per_atom_ev,initial_max_force_ev_ang,initial_stress_frobenius_ev_ang3,input_hash,input_path,method,output_dir,output_path,pid,rank,relax_steps,relaxed_energy_ev,relaxed_energy_per_atom_ev,relaxed_max_force_ev_ang,seed,started_at,status,task_id,energy_above_hull_per_atom,rmsd_from_relaxation,stable,comp_validity,structure_validity,novel,unique,minimum_distance_angstrom,chgnet_energy_per_atom_ev
True,True,0.6266278590192087,2026-07-26T23:40:08+08:00,False,-68.94811248779297,-8.618514060974121,0.19526889515859575,0.008220959777001534,b5e5c61dfc5bf31fa69137abe7f3330caee22c6b2f969a67ca2a24bee8190d14,/data/dxl/results/rp_qtfg/phase0/offline_probe/structures/poscell_1/20000.extxyz,poscell_1,/data/dxl/results/rp_qtfg/phase0/offline_relax/poscell_1/20000,/data/dxl/results/rp_qtfg/phase0/offline_relax/poscell_1/20000/relaxed_structure.extxyz,901755,0,26,-68.97432708740234,-8.621790885925293,0.043463680893182755,20000,2026-07-26T23:40:08+08:00,success,poscell_1_20000,0.06422637008477494,0.025269751314266047,True,True,True,True,True,2.4920112816635065,-8.710899353027344
True,True,1.0370817100047134,2026-07-26T23:40:12+08:00,False,-106.65194702148438,-8.887662251790365,0.26990922473258633,0.014158411619099974,e3117696d1c4685d5e8102cbc9828f3f11abfa470b2c1e743e8c93947e6a68ea,/data/dxl/results/rp_qtfg/phase0/offline_probe/structures/poscell_1/20001.extxyz,poscell_1,/data/dxl/results/rp_qtfg/phase0/offline_relax/poscell_1/20001,/data/dxl/results/rp_qtfg/phase0/offline_relax/poscell_1/20001/relaxed_structure.extxyz,901756,1,37,-106.71676635742188,-8.89306386311849,0.04729994013905525,20001,2026-07-26T23:40:11+08:00,success,poscell_1_20001,0.15849390267415586,0.03249274232064354,False,False,True,True,True,2.36596163290513,-8.966901779174805
True,True,0.11008461000164971,2026-07-26T23:40:08+08:00,False,-24.128787994384766,-6.032196998596191,0.040548855590108304,0.0016736630310721075,3079c1d87e9da02e4cbbb68a5f39c35e757b5a121d3994b13cee145d1ca362e7,/data/dxl/results/rp_qtfg/phase0/offline_probe/structures/poscell_1/20002.extxyz,poscell_1,/data/dxl/results/rp_qtfg/phase0/offline_relax/poscell_1/20002,/data/dxl/results/rp_qtfg/phase0/offline_relax/poscell_1/20002/relaxed_structure.extxyz,901757,2,3,-24.12934684753418,-6.032336711883545,0.034119125455617905,20002,2026-07-26T23:40:08+08:00,success,poscell_1_20002,0.01113026579553189,0.0017242044370397078,True,True,True,False,True,3.2611459757257,-6.004027843475342
True,True,1.8753168429830112,2026-07-26T23:40:13+08:00,False,-57.87081527709961,-6.430090586344401,0.19612242595530516,0.02520409652663291,f0cb35f3681fd19d2dda091f04f806c8c2bc3622fa339af42aa10cbe22ad667e,/data/dxl/results/rp_qtfg/phase0/offline_probe/structures/poscell_1/20003.extxyz,poscell_1,/data/dxl/results/rp_qtfg/phase0/offline_relax/poscell_1/20003,/data/dxl/results/rp_qtfg/phase0/offline_relax/poscell_1/20003/relaxed_structure.extxyz,901758,3,75,-57.96382141113281,-6.4404246012369795,0.02684658020734787,20003,2026-07-26T23:40:12+08:00,success,poscell_1_20003,0.14964916322109278,0.10071787398727873,False,True,True,True,True,2.357495755155288,-6.4661784172058105
True,True,1.3348729750141501,2026-07-26T23:40:07+08:00,False,-28.74386215209961,-7.185965538024902,0.16079004926467821,0.026733471719973822,170f3e40de32e3ca7b2bff0ce582ca729f01d4da3eb16540353f3b3a853bbdd2,/data/dxl/results/rp_qtfg/phase0/offline_probe/structures/poscell_1/20004.extxyz,poscell_1,/data/dxl/results/rp_qtfg/phase0/offline_relax/poscell_1/20004,/data/dxl/results/rp_qtfg/phase0/offline_relax/poscell_1/20004/relaxed_structure.extxyz,901759,4,47,-28.965484619140625,-7.241371154785156,0.014114762656390667,20004,2026-07-26T23:40:06+08:00,success,poscell_1_20004,0.07813456818054831,1.1707372671888123,True,True,True,False,True,2.343744176922051,-7.158400058746338
True,True,0.6039774329983629,2026-07-26T23:40:04+08:00,False,-61.87404251098633,-6.874893612331814,0.07933080050342017,0.011325338216045252,f118684f478c4bee84abfba534f3c48202337863b15009103a5e722813bbf1ee,/data/dxl/results/rp_qtfg/phase0/offline_probe/structures/poscell_1/20005.extxyz,poscell_1,/data/dxl/results/rp_qtfg/phase0/offline_relax/poscell_1/20005,/data/dxl/results/rp_qtfg/phase0/offline_relax/poscell_1/20005/relaxed_structure.extxyz,901760,5,21,-61.893497467041016,-6.877055274115668,0.03178668022155762,20005,2026-07-26T23:40:04+08:00,success,poscell_1_20005,0.03592675509317189,0.011435905004887968,True,True,True,False,True,2.746653305068354,-6.879909515380859
True,True,0.207819600997027,2026-07-26T23:40:03+08:00,False,-95.91146087646484,-6.850818634033203,0.05779538303878145,0.004822288377298015,6862177e42fd63b9ce647ffab060a440f3c6b998398581d001f0d436ae58f806,/data/dxl/results/rp_qtfg/phase0/offline_probe/structures/poscell_1/20006.extxyz,poscell_1,/data/dxl/results/rp_qtfg/phase0/offline_relax/poscell_1/20006,/data/dxl/results/rp_qtfg/phase0/offline_relax/poscell_1/20006/relaxed_structure.extxyz,901761,6,6,-95.912353515625,-6.850882393973214,0.04858148843050003,20006,2026-07-26T23:40:02+08:00,success,poscell_1_20006,0.17717263815054274,0.0004620652128021491,False,True,True,True,True,2.1367291876626155,-7.828384876251221
True,True,1.3789402429829352,2026-07-26T23:40:15+08:00,False,-101.36516571044922,-8.447097142537435,0.44895714598458936,0.021166473836685233,ab629eed77d3b9247bb4471c2a769490c2a4146be2a714f150cd581b66fdc28e,/data/dxl/results/rp_qtfg/phase0/offline_probe/structures/poscell_1/20007.extxyz,poscell_1,/data/dxl/results/rp_qtfg/phase0/offline_relax/poscell_1/20007,/data/dxl/results/rp_qtfg/phase0/offline_relax/poscell_1/20007/relaxed_structure.extxyz,901762,7,62,-101.42298126220703,-8.45191510518392,0.04868445545434952,20007,2026-07-26T23:40:13+08:00,success,poscell_1_20007,0.08561798508288909,0.038731669539502474,True,True,True,True,True,2.179177707368761,-8.789078712463379
True,True,0.45838512800401077,2026-07-26T23:40:01+08:00,False,-26.36357879638672,-6.59089469909668,0.03697922816566894,0.00370180038143926,47364a53d3e8cb4a81984383bda5d4e3147634f26be72851a697176708dfe98e,/data/dxl/results/rp_qtfg/phase0/offline_probe/structures/poscell_1/20008.extxyz,poscell_1,/data/dxl/results/rp_qtfg/phase0/offline_relax/poscell_1/20008,/data/dxl/results/rp_qtfg/phase0/offline_relax/poscell_1/20008/relaxed_structure.extxyz,901763,8,15,-26.37724494934082,-6.594311237335205,0.017575841397047043,20008,2026-07-26T23:40:00+08:00,success,poscell_1_20008,0.15600245985759287,0.0019691686298607645,False,True,True,True,True,3.095043510853651,-6.672915935516357
True,True,0.32042722700862214,2026-07-26T23:40:42+08:00,False,-34.01352310180664,-8.50338077545166,0.034454122737637004,0.00332643409661688,f68276f6c5895eea705d220876f3e2cbe031270371dcbef6daa79884d97dd345,/data/dxl/results/rp_qtfg/phase0/offline_probe/structures/poscell_1/20009.extxyz,poscell_1,/data/dxl/results/rp_qtfg/phase0/offline_relax/poscell_1/20009,/data/dxl/results/rp_qtfg/phase0/offline_relax/poscell_1/20009/relaxed_structure.extxyz,901764,9,12,-34.02537155151367,-8.506342887878418,0.005027881823480129,20009,2026-07-26T23:40:42+08:00,success,poscell_1_20009,0.046070537090713515,0.006135082231983749,True,True,True,True,True,3.361316649825459,-8.495699882507324
True,True,1.4666595060261898,2026-07-26T23:40:27+08:00,False,-72.67070007324219,-7.267070007324219,0.5082363831296445,0.01593651513477975,12a75f5c225c76772dc01c942072c5c1b1d9980306a59a432c660cc70cd0eb25,/data/dxl/results/rp_qtfg/phase0/offline_probe/structures/poscell_1/20010.extxyz,poscell_1,/data/dxl/results/rp_qtfg/phase0/offline_relax/poscell_1/20010,/data/dxl/results/rp_qtfg/phase0/offline_relax/poscell_1/20010/relaxed_structure.extxyz,901765,10,57,-72.7514877319336,-7.27514877319336,0.0482519157230854,20010,2026-07-26T23:40:25+08:00,success,poscell_1_20010,0.19225680181642524,0.05779937407446218,False,True,True,True,True,1.3402522767660934,-7.375121116638184
True,True,0.12388454499887303,2026-07-26T23:40:03+08:00,False,-42.56870651245117,-8.513741302490235,0.008339285284426314,0.00912471439011415,d8a1cbaecb759df2d5de2d7084a8dc14311cb2e4ebdc8126186d44a0ea024920,/data/dxl/results/rp_qtfg/phase0/offline_probe/structures/poscell_1/20011.extxyz,poscell_1,/data/dxl/results/rp_qtfg/phase0/offline_relax/poscell_1/20011,/data/dxl/results/rp_qtfg/phase0/offline_relax/poscell_1/20011/relaxed_structure.extxyz,901766,11,3,-42.57560348510742,-8.515120697021484,0.00797660369426012,20011,2026-07-26T23:40:03+08:00,success,poscell_1_20011,0.09888380138019137,0.001664470807571804,True,False,True,False,True,2.5507346191037388,-8.62470817565918
True,True,0.8699537930078804,2026-07-26T23:40:13+08:00,False,-63.10244369506836,-7.887805461883545,0.12388974157953823,0.004077246951302568,221e5e913c669f5b7c1b361b22a8a3772d15b0df7e79c7596b0513147e519c6e,/data/dxl/results/rp_qtfg/phase0/offline_probe/structures/poscell_1/20012.extxyz,poscell_1,/data/dxl/results/rp_qtfg/phase0/offline_relax/poscell_1/20012,/data/dxl/results/rp_qtfg/phase0/offline_relax/poscell_1/20012/relaxed_structure.extxyz,901767,12,30,-63.13216781616211,-7.891520977020264,0.047521382570266724,20012,2026-07-26T23:40:12+08:00,success,poscell_1_20012,0.03254863011446396,0.06097190277498765,True,True,True,True,True,2.8879586764380285,-7.883808612823486
True,True,0.24270974902901798,2026-07-26T23:40:06+08:00,False,-32.83292770385742,-8.208231925964355,0.011210923149457213,0.027845395280566145,37011d3f1fe6c9885241cafebf55cf56f203b2ba903f1500001e30f870ae63d1,/data/dxl/results/rp_qtfg/phase0/offline_probe/structures/poscell_1/20013.extxyz,poscell_1,/data/dxl/results/rp_qtfg/phase0/offline_relax/poscell_1/20013,/data/dxl/results/rp_qtfg/phase0/offline_relax/poscell_1/20013/relaxed_structure.extxyz,901768,13,8,-32.84022521972656,-8.21005630493164,0.008372464217245579,20013,2026-07-26T23:40:06+08:00,success,poscell_1_20013,0.012619801525742602,0.0006737456238255712,True,True,True,False,True,2.6620501985020746,-8.160367012023926
True,True,0.8024790039635263,2026-07-26T23:40:03+08:00,False,-117.88166809082031,-6.548981560601129,0.16716907766384914,0.004565001307826335,1f538521eef3c68c03fbd82ef2e933aa6b669758fdff4cab52d43cdc75b5e9fb,/data/dxl/results/rp_qtfg/phase0/offline_probe/structures/poscell_1/20014.extxyz,poscell_1,/data/dxl/results/rp_qtfg/phase0/offline_relax/poscell_1/20014,/data/dxl/results/rp_qtfg/phase0/offline_relax/poscell_1/20014/relaxed_structure.extxyz,901769,14,26,-117.89447784423828,-6.549693213568793,0.032782480120658875,20014,2026-07-26T23:40:03+08:00,success,poscell_1_20014,0.16485819478327635,0.017039588946687223,False,True,True,True,True,1.880412665640612,-7.445683002471924
True,True,1.1809727030340582,2026-07-26T23:40:03+08:00,False,-179.24212646484375,-8.962106323242187,0.30345338418185935,0.00448512839639384,b1eb8a83d000bcbe16ab0a0759207e498cebcdac9b37b618174b7d8564d9056c,/data/dxl/results/rp_qtfg/phase0/offline_probe/structures/poscell_1/20015.extxyz,poscell_1,/data/dxl/results/rp_qtfg/phase0/offline_relax/poscell_1/20015,/data/dxl/results/rp_qtfg/phase0/offline_relax/poscell_1/20015/relaxed_structure.extxyz,901770,15,39,-179.27183532714844,-8.963591766357421,0.048978280276060104,20015,2026-07-26T23:40:02+08:00,success,poscell_1_20015,0.22388536461457242,0.015111423757360791,False,True,True,True,True,2.1124566352994725,-9.390898704528809
True,True,0.4945823480375111,2026-07-26T23:40:09+08:00,False,-59.739990234375,-7.467498779296875,0.08784806216855881,0.013305002448071557,3d303ff4c9608bb9b7a04bd2363f47642119963e6a31668e2bc61d6c2dc47ee2,/data/dxl/results/rp_qtfg/phase0/offline_probe/structures/poscell_1/20016.extxyz,poscell_1,/data/dxl/results/rp_qtfg/phase0/offline_relax/poscell_1/20016,/data/dxl/results/rp_qtfg/phase0/offline_relax/poscell_1/20016/relaxed_structure.extxyz,901755,0,20,-59.74223327636719,-7.467779159545898,0.04887790232896805,20016,2026-07-26T23:40:08+08:00,success,poscell_1_20016,0.008108737118144305,0.0028612782672925384,True,False,True,True,True,2.318198622021738,-7.414464473724365
True,True,2.103409642004408,2026-07-26T23:40:14+08:00,False,-116.19140625,-6.455078125,0.42349160390430546,0.009199779241361682,19718092538d3abd66bd70ef324e9d5117d4b4e491009bbe2538c90b1ab424af,/data/dxl/results/rp_qtfg/phase0/offline_probe/structures/poscell_1/20017.extxyz,poscell_1,/data/dxl/results/rp_qtfg/phase0/offline_relax/poscell_1/20017,/data/dxl/results/rp_qtfg/phase0/offline_relax/poscell_1/20017/relaxed_structure.extxyz,901756,1,73,-116.2861328125,-6.460340711805555,0.048624150454998016,20017,2026-07-26T23:40:12+08:00,success,poscell_1_20017,0.27363286031005973,0.05081247159930389,False,True,True,True,True,1.86709062008823,-7.434257030487059
True,True,1.916200525010936,2026-07-26T23:40:10+08:00,False,-114.32984161376953,-7.145615100860596,0.5304983281579383,0.00878080875674069,46cff75955eb5a81f29730ec1ed865e70d7820dfea792b7f1f31f6ad0b7f1fa7,/data/dxl/results/rp_qtfg/phase0/offline_probe/structures/poscell_1/20018.extxyz,poscell_1,/data/dxl/results/rp_qtfg/phase0/offline_relax/poscell_1/20018,/data/dxl/results/rp_qtfg/phase0/offline_relax/poscell_1/20018/relaxed_structure.extxyz,901757,2,62,-114.3924789428711,-7.149529933929443,0.04927607625722885,20018,2026-07-26T23:40:08+08:00,success,poscell_1_20018,0.21473982795367874,0.039885860163295365,False,True,True,True,True,1.9864260137544716,-8.1356782913208
True,True,0.9959381189546548,2026-07-26T23:40:14+08:00,False,-90.11978912353516,-7.509982426961263,0.20861569056802437,0.015978399517010657,db40501465b21315ca06dd421c4bccab03175b76111c6c51644718aa9559dc48,/data/dxl/results/rp_qtfg/phase0/offline_probe/structures/poscell_1/20019.extxyz,poscell_1,/data/dxl/results/rp_qtfg/phase0/offline_relax/poscell_1/20019,/data/dxl/results/rp_qtfg/phase0/offline_relax/poscell_1/20019/relaxed_structure.extxyz,901758,3,39,-90.22010803222656,-7.51834233601888,0.04808610677719116,20019,2026-07-26T23:40:13+08:00,success,poscell_1_20019,0.09878815979108246,0.07211679578346192,True,True,True,False,True,2.4167454533505945,-7.486175537109375
True,True,0.8172200710396282,2026-07-26T23:40:08+08:00,False,-102.2796859741211,-6.392480373382568,0.11692104982425872,0.006750190410575537,58d85c508154a14a6ad5d1dafd1888b5df3c9f7a58c28fc199d6580b28295503,/data/dxl/results/rp_qtfg/phase0/offline_probe/structures/poscell_1/20020.extxyz,poscell_1,/data/dxl/results/rp_qtfg/phase0/offline_relax/poscell_1/20020,/data/dxl/results/rp_qtfg/phase0/offline_relax/poscell_1/20020/relaxed_structure.extxyz,901759,4,28,-102.2935562133789,-6.393347263336182,0.04407205060124397,20020,2026-07-26T23:40:07+08:00,success,poscell_1_20020,0.2643621190060106,0.006859226982048277,False,True,True,True,True,2.506623114804824,-6.629931449890137
True,True,1.1975133619853295,2026-07-26T23:40:06+08:00,False,-83.61883544921875,-8.361883544921875,0.6945792973494244,0.034157132200445896,88c63d3511da8a40ec47c091605778845726250a0e96d17b8c69766dae443783,/data/dxl/results/rp_qtfg/phase0/offline_probe/structures/poscell_1/20021.extxyz,poscell_1,/data/dxl/results/rp_qtfg/phase0/offline_relax/poscell_1/20021,/data/dxl/results/rp_qtfg/phase0/offline_relax/poscell_1/20021/relaxed_structure.extxyz,901760,5,42,-83.72354888916016,-8.372354888916016,0.0487629733979702,20021,2026-07-26T23:40:04+08:00,success,poscell_1_20021,0.28422798342494104,0.0344193075665378,False,True,True,True,True,1.8818701855817213,-8.519850730895996
True,True,0.21253814100055024,2026-07-26T23:40:03+08:00,False,-70.67500305175781,-8.834375381469727,0.021187494890470233,0.001919458932798854,f4c6dda6114741605dd255443c869d0c7ed592c63ea2037db2ecf12a3142f581,/data/dxl/results/rp_qtfg/phase0/offline_probe/structures/poscell_1/20022.extxyz,poscell_1,/data/dxl/results/rp_qtfg/phase0/offline_relax/poscell_1/20022,/data/dxl/results/rp_qtfg/phase0/offline_relax/poscell_1/20022/relaxed_structure.extxyz,901761,6,6,-70.67819213867188,-8.834774017333984,0.014115718193352222,20022,2026-07-26T23:40:03+08:00,success,poscell_1_20022,0.09433199562394456,0.002120645873749767,True,True,True,False,True,3.845672218328305,-8.833818435668945
True,True,2.19917425600579,2026-07-26T23:40:17+08:00,False,-105.55850219726562,-7.037233479817709,0.4832637599928319,0.02817342934599154,3ab21ee22066dd50f2e0c44d1734a994665ee18dfa88d764323444040b8ee06c,/data/dxl/results/rp_qtfg/phase0/offline_probe/structures/poscell_1/20023.extxyz,poscell_1,/data/dxl/results/rp_qtfg/phase0/offline_relax/poscell_1/20023,/data/dxl/results/rp_qtfg/phase0/offline_relax/poscell_1/20023/relaxed_structure.extxyz,901762,7,95,-105.69378662109375,-7.04625244140625,0.04899365454912186,20023,2026-07-26T23:40:15+08:00,success,poscell_1_20023,0.283359188758217,0.05104243976022941,False,True,True,True,True,1.676429417699496,-8.292640686035156
True,True,0.402634370024316,2026-07-26T23:40:01+08:00,False,-29.144987106323242,-7.2862467765808105,0.16509259055287587,0.009505651181136913,fb6f6d19d11c82da05b1e2eab1044dab7fdca451217b9707e324228d74de4f7d,/data/dxl/results/rp_qtfg/phase0/offline_probe/structures/poscell_1/20024.extxyz,poscell_1,/data/dxl/results/rp_qtfg/phase0/offline_relax/poscell_1/20024,/data/dxl/results/rp_qtfg/phase0/offline_relax/poscell_1/20024/relaxed_structure.extxyz,901763,8,13,-29.158065795898438,-7.289516448974609,0.039133988320827484,20024,2026-07-26T23:40:01+08:00,success,poscell_1_20024,0.08619654535613286,0.036985408755034255,True,True,True,False,True,2.5669432089103013,-7.193810939788818
True,False,13.220924808003474,2026-07-26T23:40:56+08:00,False,-158.03330993652344,-7.901665496826172,0.5694267858865725,0.039259317456886406,a6acd379808cda36be10d862ae4a7ca19a156b5f04a0501a4f49b3474a21f1fc,/data/dxl/results/rp_qtfg/phase0/offline_probe/structures/poscell_1/20025.extxyz,poscell_1,/data/dxl/results/rp_qtfg/phase0/offline_relax/poscell_1/20025,/data/dxl/results/rp_qtfg/phase0/offline_relax/poscell_1/20025/relaxed_structure.extxyz,901764,9,500,-158.4717559814453,-7.923587799072266,0.1567588895559311,20025,2026-07-26T23:40:42+08:00,success,poscell_1_20025,0.21757649983992877,0.2562455204196841,False,True,True,True,True,1.991897233844463,-7.930351257324219
True,True,6.625581589003559,2026-07-26T23:40:33+08:00,False,-90.115478515625,-6.436819893973214,1.1772587551097264,0.011021376321879198,727aa3b1ae6d1e86900d20a6934a457c2ca5353464c958dc9939f8fe1c3fcbed,/data/dxl/results/rp_qtfg/phase0/offline_probe/structures/poscell_1/20026.extxyz,poscell_1,/data/dxl/results/rp_qtfg/phase0/offline_relax/poscell_1/20026,/data/dxl/results/rp_qtfg/phase0/offline_relax/poscell_1/20026/relaxed_structure.extxyz,901765,10,266,-90.4853515625,-6.463239397321429,0.049212757498025894,20026,2026-07-26T23:40:27+08:00,success,poscell_1_20026,0.3653288928307177,0.23794792859497485,False,True,True,True,True,1.6230758816466224,-7.229410648345947
True,True,0.8628483630018309,2026-07-26T23:40:04+08:00,False,-57.11793518066406,-6.346437242296007,0.07117264603089121,0.010305435426726428,befd3966d9c4d203f0b3b006c9b36ed94048a56c02ab95eadc92b37ad618accb,/data/dxl/results/rp_qtfg/phase0/offline_probe/structures/poscell_1/20027.extxyz,poscell_1,/data/dxl/results/rp_qtfg/phase0/offline_relax/poscell_1/20027,/data/dxl/results/rp_qtfg/phase0/offline_relax/poscell_1/20027/relaxed_structure.extxyz,901766,11,28,-57.14190673828125,-6.349100748697917,0.04733362793922424,20027,2026-07-26T23:40:03+08:00,success,poscell_1_20027,0.002623760942156217,0.003671183619395276,True,True,True,True,True,2.991572407390717,-6.314608097076416
True,True,1.506319162028376,2026-07-26T23:40:14+08:00,False,-177.63412475585938,-8.881706237792969,0.5240919622338146,0.0054926688947360145,2eac69ccc73a8e831c76d07803174712808ecb1d82bbc2f7c1b4ddb69cf08385,/data/dxl/results/rp_qtfg/phase0/offline_probe/structures/poscell_1/20028.extxyz,poscell_1,/data/dxl/results/rp_qtfg/phase0/offline_relax/poscell_1/20028,/data/dxl/results/rp_qtfg/phase0/offline_relax/poscell_1/20028/relaxed_structure.extxyz,901767,12,57,-177.68841552734375,-8.884420776367188,0.04833664372563362,20028,2026-07-26T23:40:13+08:00,success,poscell_1_20028,0.21909743223365652,0.029516115871245283,False,True,True,True,True,1.836302594490099,-9.577159881591797
True,True,0.08061770902713761,2026-07-26T23:40:06+08:00,False,-45.16482925415039,-9.032965850830077,0.04408193119731858,0.0022023032446293264,86861211390401a396d8cdd6d573d01f51cbbb86c2f779bedc2a59ed5d55aba1,/data/dxl/results/rp_qtfg/phase0/offline_probe/structures/poscell_1/20029.extxyz,poscell_1,/data/dxl/results/rp_qtfg/phase0/offline_relax/poscell_1/20029,/data/dxl/results/rp_qtfg/phase0/offline_relax/poscell_1/20029/relaxed_structure.extxyz,901768,13,2,-45.165611267089844,-9.033122253417968,0.03991413116455078,20029,2026-07-26T23:40:06+08:00,success,poscell_1_20029,0.4983000218328897,0.003170307810531316,False,True,True,True,True,2.7158036916254997,-9.059147834777832
True,True,0.5726090390235186,2026-07-26T23:40:04+08:00,False,-79.63349151611328,-6.63612429300944,0.09947474302258126,0.006444233138539369,3444c2f51b20c729be19a0219c2ed960d1996a30490585e88acbf6df72f0ad05,/data/dxl/results/rp_qtfg/phase0/offline_probe/structures/poscell_1/20030.extxyz,poscell_1,/data/dxl/results/rp_qtfg/phase0/offline_relax/poscell_1/20030,/data/dxl/results/rp_qtfg/phase0/offline_relax/poscell_1/20030/relaxed_structure.extxyz,901769,14,17,-79.63905334472656,-6.636587778727214,0.04720300808548927,20030,2026-07-26T23:40:03+08:00,success,poscell_1_20030,0.05149332683191421,0.005210023950637878,True,True,True,True,True,2.442266081977712,-6.602048873901367
True,True,0.4841254279599525,2026-07-26T23:40:03+08:00,False,-39.02061462402344,-7.8041229248046875,0.130228289755269,0.010686003226484513,81ef8ab22c79e7dd2ab390d563144c0864b69f26df2af56fc1b670ddeb497664,/data/dxl/results/rp_qtfg/phase0/offline_probe/structures/poscell_1/20031.extxyz,poscell_1,/data/dxl/results/rp_qtfg/phase0/offline_relax/poscell_1/20031,/data/dxl/results/rp_qtfg/phase0/offline_relax/poscell_1/20031/relaxed_structure.extxyz,901770,15,16,-39.05059051513672,-7.810118103027344,0.015347571112215519,20031,2026-07-26T23:40:03+08:00,success,poscell_1_20031,0.08340662109970154,0.003366446686351588,True,False,True,True,True,2.405929584601729,-7.899118900299072
True,True,1.8660040510003455,2026-07-26T23:40:11+08:00,False,-71.59114074707031,-7.954571194118923,0.25210197692555086,0.009215976938754237,020a1748b0ab8e5275b82261b94e9cf9681e8e5f4a19c548deccad9b993932de,/data/dxl/results/rp_qtfg/phase0/offline_probe/structures/poscell_1/20032.extxyz,poscell_1,/data/dxl/results/rp_qtfg/phase0/offline_relax/poscell_1/20032,/data/dxl/results/rp_qtfg/phase0/offline_relax/poscell_1/20032/relaxed_structure.extxyz,901755,0,77,-71.82780456542969,-7.980867173936632,0.04607144743204117,20032,2026-07-26T23:40:09+08:00,success,poscell_1_20032,0.3098968388048817,0.2515687332011161,False,True,True,True,True,2.506179725349202,-7.971039295196533
True,True,0.3620385999674909,2026-07-26T23:40:14+08:00,False,-47.36270523071289,-6.766100747244699,0.005666909708221902,0.007074914216224986,faf98f977bcac5e30da02d81a81bbd85290249d5930b3d517af2959578e50063,/data/dxl/results/rp_qtfg/phase0/offline_probe/structures/poscell_1/20033.extxyz,poscell_1,/data/dxl/results/rp_qtfg/phase0/offline_relax/poscell_1/20033,/data/dxl/results/rp_qtfg/phase0/offline_relax/poscell_1/20033/relaxed_structure.extxyz,901756,1,12,-47.38438034057617,-6.769197191510882,0.0033320249058306217,20033,2026-07-26T23:40:14+08:00,success,poscell_1_20033,0.07866264724808669,0.001857180242619486,True,False,True,True,True,3.293566488663722,-6.992910385131836
True,True,0.8249389230040833,2026-07-26T23:40:10+08:00,False,-90.21925354003906,-7.518271128336589,0.16209913994643435,0.01042721818203123,3cd13a3d2061230eb04d3655edfb45d09962fe42598e004c8627f2b0f8418e7e,/data/dxl/results/rp_qtfg/phase0/offline_probe/structures/poscell_1/20034.extxyz,poscell_1,/data/dxl/results/rp_qtfg/phase0/offline_relax/poscell_1/20034,/data/dxl/results/rp_qtfg/phase0/offline_relax/poscell_1/20034/relaxed_structure.extxyz,901757,2,29,-90.2303695678711,-7.519197463989258,0.04733002558350563,20034,2026-07-26T23:40:10+08:00,success,poscell_1_20034,0.08289371460323736,0.008714259067192451,True,True,True,True,True,2.460872668516206,-7.54621410369873
True,True,0.9111931379884481,2026-07-26T23:40:15+08:00,False,-63.077571868896484,-7.008619096544054,0.1636573228385389,0.008112221928586108,de0f2bc3c4f869fb23ebb332688ce51f047e090b70c8455db9c2f0de1489eb25,/data/dxl/results/rp_qtfg/phase0/offline_probe/structures/poscell_1/20035.extxyz,poscell_1,/data/dxl/results/rp_qtfg/phase0/offline_relax/poscell_1/20035,/data/dxl/results/rp_qtfg/phase0/offline_relax/poscell_1/20035/relaxed_structure.extxyz,901758,3,36,-63.09831619262695,-7.010924021402995,0.04428163915872574,20035,2026-07-26T23:40:14+08:00,success,poscell_1_20035,0.07345474148992626,0.013801191014390238,True,True,True,True,True,2.577197139434316,-6.950125694274902
True,True,0.14266112697077915,2026-07-26T23:40:08+08:00,False,-50.57753372192383,-12.644383430480957,0.017066254010847708,0.012759327804872607,31cf7bcfa982880e3bee3382961bfbcb5bbfca24aed0ea61ef68a68a7eb35874,/data/dxl/results/rp_qtfg/phase0/offline_probe/structures/poscell_1/20036.extxyz,poscell_1,/data/dxl/results/rp_qtfg/phase0/offline_relax/poscell_1/20036,/data/dxl/results/rp_qtfg/phase0/offline_relax/poscell_1/20036/relaxed_structure.extxyz,901759,4,4,-50.57991409301758,-12.644978523254395,0.01426675170660019,20036,2026-07-26T23:40:08+08:00,success,poscell_1_20036,0.030674859754130424,0.0011605642820258393,True,True,True,False,True,2.467528561089698,-12.86436367034912
True,True,0.48985106899635866,2026-07-26T23:40:06+08:00,False,-90.87521362304688,-7.572934468587239,0.1268633820317072,0.00428314959088176,64ab4544372198317bc4e2ad40d1ac194beb99bc0a95568972fe89e7458e491c,/data/dxl/results/rp_qtfg/phase0/offline_probe/structures/poscell_1/20037.extxyz,poscell_1,/data/dxl/results/rp_qtfg/phase0/offline_relax/poscell_1/20037,/data/dxl/results/rp_qtfg/phase0/offline_relax/poscell_1/20037/relaxed_structure.extxyz,901760,5,17,-90.88025665283203,-7.573354721069336,0.04869047552347183,20037,2026-07-26T23:40:06+08:00,success,poscell_1_20037,0.10668475239057607,0.005390898945822642,False,True,True,True,True,2.416970782485477,-7.5842742919921875
True,True,0.9290131650050171,2026-07-26T23:40:04+08:00,False,-117.03680419921875,-6.502044677734375,0.4321211415693825,0.006668360850476792,ef5deeea127f09d42d2f352ed9f7c083425076af4ebf80620f063cfe8b313cf6,/data/dxl/results/rp_qtfg/phase0/offline_probe/structures/poscell_1/20038.extxyz,poscell_1,/data/dxl/results/rp_qtfg/phase0/offline_relax/poscell_1/20038,/data/dxl/results/rp_qtfg/phase0/offline_relax/poscell_1/20038/relaxed_structure.extxyz,901761,6,30,-117.05422973632812,-6.50301276312934,0.04088777303695679,20038,2026-07-26T23:40:03+08:00,success,poscell_1_20038,0.14950537737102287,0.009648358555609924,False,True,True,False,True,1.940554551362848,-7.38196325302124
True,True,1.4449943900108337,2026-07-26T23:40:18+08:00,False,-94.28817749023438,-5.893011093139648,0.5915704960125483,0.028704065241042555,0d95da57982979eb58ae83bea3bc7e961a2ae8a557ebff527ac4e307694c79de,/data/dxl/results/rp_qtfg/phase0/offline_probe/structures/poscell_1/20039.extxyz,poscell_1,/data/dxl/results/rp_qtfg/phase0/offline_relax/poscell_1/20039,/data/dxl/results/rp_qtfg/phase0/offline_relax/poscell_1/20039/relaxed_structure.extxyz,901762,7,62,-94.45747375488281,-5.903592109680176,0.046418044716119766,20039,2026-07-26T23:40:17+08:00,success,poscell_1_20039,0.17333372406874048,0.07092470214069725,False,True,True,True,True,0.9803018858061264,-6.631124019622803
True,True,0.20151699497364461,2026-07-26T23:40:01+08:00,False,-23.74557876586914,-5.936394691467285,0.002329317617523266,0.0021329043232371126,86336616a6ca8c8ecadc38ed826b7625085a92a05df416e79af0fd91eb01f251,/data/dxl/results/rp_qtfg/phase0/offline_probe/structures/poscell_1/20040.extxyz,poscell_1,/data/dxl/results/rp_qtfg/phase0/offline_relax/poscell_1/20040,/data/dxl/results/rp_qtfg/phase0/offline_relax/poscell_1/20040/relaxed_structure.extxyz,901763,8,6,-23.746431350708008,-5.936607837677002,0.0021911244839429855,20040,2026-07-26T23:40:01+08:00,success,poscell_1_20040,0.02447964212388154,0.0015022494946441355,True,True,True,False,True,3.333489912386672,-5.92762565612793
True,True,0.29427697096252814,2026-07-26T23:40:56+08:00,False,-42.629241943359375,-7.1048736572265625,0.10215137632850568,0.005904069855707091,ef4fb5f1fcd9f7de4122fd2eaba23605a83b6e97acb27c10f1f14a1258ec8376,/data/dxl/results/rp_qtfg/phase0/offline_probe/structures/poscell_1/20041.extxyz,poscell_1,/data/dxl/results/rp_qtfg/phase0/offline_relax/poscell_1/20041,/data/dxl/results/rp_qtfg/phase0/offline_relax/poscell_1/20041/relaxed_structure.extxyz,901764,9,11,-42.63344955444336,-7.10557492574056,0.04441070929169655,20041,2026-07-26T23:40:56+08:00,success,poscell_1_20041,0.09500260284779483,0.006425506104514531,True,True,True,False,True,2.453314584830184,-7.051851272583008
True,True,0.38313567399745807,2026-07-26T23:40:34+08:00,False,-80.80667877197266,-8.978519863552517,0.05779540246289048,0.002369896427782883,2b1c68994a72da8f32dd324a31515e4cd0b3e696be2f6cf1b3cc4e9beecf8108,/data/dxl/results/rp_qtfg/phase0/offline_probe/structures/poscell_1/20042.extxyz,poscell_1,/data/dxl/results/rp_qtfg/phase0/offline_relax/poscell_1/20042,/data/dxl/results/rp_qtfg/phase0/offline_relax/poscell_1/20042/relaxed_structure.extxyz,901765,10,15,-80.81387329101562,-8.979319254557291,0.041558295488357544,20042,2026-07-26T23:40:33+08:00,success,poscell_1_20042,0.08690949541533577,0.009205674301236675,True,False,True,True,True,3.077571614321093,-9.014013290405272
True,True,0.5781680200016126,2026-07-26T23:40:04+08:00,False,-49.705631256103516,-8.284271876017252,0.15054650236414815,0.006292589003402074,2806857c56ece5681e77b2667ac4834ee0fff548ea6704451d7defecfac4c06e,/data/dxl/results/rp_qtfg/phase0/offline_probe/structures/poscell_1/20043.extxyz,poscell_1,/data/dxl/results/rp_qtfg/phase0/offline_relax/poscell_1/20043,/data/dxl/results/rp_qtfg/phase0/offline_relax/poscell_1/20043/relaxed_structure.extxyz,901766,11,18,-49.71583557128906,-8.285972595214844,0.027398670092225075,20043,2026-07-26T23:40:04+08:00,success,poscell_1_20043,0.12117001413695228,0.023129791078634717,False,True,True,True,True,2.826287065353481,-8.319375991821289
True,True,0.06516280898358673,2026-07-26T23:40:14+08:00,False,-24.203651428222656,-6.050912857055664,0.05707535428906911,0.013278062872878528,10e2989366f6fd1681a492dc4229e13fce0d1b328f04c478713bb68268fa8196,/data/dxl/results/rp_qtfg/phase0/offline_probe/structures/poscell_1/20044.extxyz,poscell_1,/data/dxl/results/rp_qtfg/phase0/offline_relax/poscell_1/20044,/data/dxl/results/rp_qtfg/phase0/offline_relax/poscell_1/20044/relaxed_structure.extxyz,901767,12,2,-24.20553207397461,-6.051383018493652,0.048276137560606,20044,2026-07-26T23:40:14+08:00,success,poscell_1_20044,0.04753765444403246,0.0009274069598434612,True,True,True,False,True,2.46717824179163,-5.991009712219238
True,True,1.5666048129787669,2026-07-26T23:40:08+08:00,False,-86.40361022949219,-7.200300852457683,0.16781831401900774,0.013566800568154317,120e2cf0b2089e58af43ec4a39fdb3ecead2170e9344b0dc8947a8722faad1e1,/data/dxl/results/rp_qtfg/phase0/offline_probe/structures/poscell_1/20045.extxyz,poscell_1,/data/dxl/results/rp_qtfg/phase0/offline_relax/poscell_1/20045,/data/dxl/results/rp_qtfg/phase0/offline_relax/poscell_1/20045/relaxed_structure.extxyz,901768,13,54,-86.42650604248047,-7.202208836873372,0.04791295900940895,20045,2026-07-26T23:40:06+08:00,success,poscell_1_20045,0.15569112006375097,0.02474786351804738,False,True,True,True,True,2.331824381412825,-7.175722122192383
True,True,0.9927900159964338,2026-07-26T23:40:05+08:00,False,-90.10307312011719,-9.010307312011719,0.06899059177022167,0.011499445772906692,e724659a93a53e52185ff184e6ec75c419d249b05e8be838e546350792212a88,/data/dxl/results/rp_qtfg/phase0/offline_probe/structures/poscell_1/20046.extxyz,poscell_1,/data/dxl/results/rp_qtfg/phase0/offline_relax/poscell_1/20046,/data/dxl/results/rp_qtfg/phase0/offline_relax/poscell_1/20046/relaxed_structure.extxyz,901769,14,30,-90.11128234863281,-9.011128234863282,0.037906404584646225,20046,2026-07-26T23:40:04+08:00,success,poscell_1_20046,0.2125601811014839,0.010384810707812015,False,True,True,True,True,2.048014902823878,-9.61016845703125
True,True,0.10700079298112541,2026-07-26T23:40:03+08:00,False,-26.738067626953125,-6.684516906738281,0.025075793913637547,0.002094275172735817,f02a56706c0b3e7de002926808ff1b22c2a5f0bca6c3b2cfeb1cf1b2a26f297b,/data/dxl/results/rp_qtfg/phase0/offline_probe/structures/poscell_1/20047.extxyz,poscell_1,/data/dxl/results/rp_qtfg/phase0/offline_relax/poscell_1/20047,/data/dxl/results/rp_qtfg/phase0/offline_relax/poscell_1/20047/relaxed_structure.extxyz,901770,15,3,-26.73927879333496,-6.68481969833374,0.022816510871052742,20047,2026-07-26T23:40:03+08:00,success,poscell_1_20047,0.10463654132621514,0.0007516683046619555,False,True,True,True,True,3.5143190531611275,-6.70200252532959
True,True,0.6261869670124725,2026-07-26T23:40:11+08:00,False,-86.7322769165039,-8.673227691650391,0.2960338802811126,0.022970520009937347,cee1153283179ad423abf5e690ade28855cbe4977c4a7328f6badb914c2f3f32,/data/dxl/results/rp_qtfg/phase0/offline_probe/structures/poscell_1/20048.extxyz,poscell_1,/data/dxl/results/rp_qtfg/phase0/offline_relax/poscell_1/20048,/data/dxl/results/rp_qtfg/phase0/offline_relax/poscell_1/20048/relaxed_structure.extxyz,901755,0,26,-86.75775146484375,-8.675775146484375,0.04175145551562309,20048,2026-07-26T23:40:11+08:00,success,poscell_1_20048,0.10064418708331324,0.02095977386704811,False,True,True,False,True,1.9280741507768255,-9.0531005859375
True,True,1.108764743024949,2026-07-26T23:40:15+08:00,False,-91.85661315917969,-7.654717763264974,0.07017849279121434,0.024067421884298893,e360beea6d50d60d8795e91c54201b57414920a1f7138c4b7085ddf169153f03,/data/dxl/results/rp_qtfg/phase0/offline_probe/structures/poscell_1/20049.extxyz,poscell_1,/data/dxl/results/rp_qtfg/phase0/offline_relax/poscell_1/20049,/data/dxl/results/rp_qtfg/phase0/offline_relax/poscell_1/20049/relaxed_structure.extxyz,901756,1,37,-91.87831115722656,-7.65652592976888,0.0489722304046154,20049,2026-07-26T23:40:14+08:00,success,poscell_1_20049,0.09036691058941315,0.0073061554484535295,True,False,True,True,True,2.041204558667708,-7.688392162322998
True,True,1.241177324031014,2026-07-26T23:40:12+08:00,False,-75.65985107421875,-7.565985107421875,0.2049431201464921,0.02565341245792023,5ffb5c8e913c8861e7f4ed6bcb43545611e26d6a6d6f35296d8a4058c824227d,/data/dxl/results/rp_qtfg/phase0/offline_probe/structures/poscell_1/20050.extxyz,poscell_1,/data/dxl/results/rp_qtfg/phase0/offline_relax/poscell_1/20050,/data/dxl/results/rp_qtfg/phase0/offline_relax/poscell_1/20050/relaxed_structure.extxyz,901757,2,43,-75.68408966064453,-7.568408966064453,0.04649797081947327,20050,2026-07-26T23:40:10+08:00,success,poscell_1_20050,0.18778161434458873,0.022517268787336037,False,True,True,True,True,1.9244719449272767,-7.941486835479736
True,True,0.5327479009865783,2026-07-26T23:40:16+08:00,False,-60.91083526611328,-8.70154789515904,0.2385267652782085,0.00396868920143672,94004332e0d7c3688836cf3f88d585c5e12f0d2cfdcb08b8880fe2e9f3106856,/data/dxl/results/rp_qtfg/phase0/offline_probe/structures/poscell_1/20051.extxyz,poscell_1,/data/dxl/results/rp_qtfg/phase0/offline_relax/poscell_1/20051,/data/dxl/results/rp_qtfg/phase0/offline_relax/poscell_1/20051/relaxed_structure.extxyz,901758,3,20,-60.92633819580078,-8.703762599400111,0.03702309727668762,20051,2026-07-26T23:40:15+08:00,success,poscell_1_20051,0.09965999534182046,0.023075715035396863,True,False,True,True,True,2.278963187500032,-8.753643989562988
True,True,1.5243345309863798,2026-07-26T23:40:09+08:00,False,-73.76142120361328,-5.268672943115234,0.39744955328744047,0.006268341866031744,5f453ed821f0849a321bfb8fdb3fbae397595771706874a08d232b09d0b8debf,/data/dxl/results/rp_qtfg/phase0/offline_probe/structures/poscell_1/20052.extxyz,poscell_1,/data/dxl/results/rp_qtfg/phase0/offline_relax/poscell_1/20052,/data/dxl/results/rp_qtfg/phase0/offline_relax/poscell_1/20052/relaxed_structure.extxyz,901759,4,51,-73.78890228271484,-5.270635877336774,0.04906758293509483,20052,2026-07-26T23:40:08+08:00,success,poscell_1_20052,0.3167890653865699,0.0277408945685151,False,True,True,True,True,1.9062988068611089,-6.554080963134766
True,True,0.43397073599044234,2026-07-26T23:40:07+08:00,False,-27.669994354248047,-6.917498588562012,0.0058237830407886475,0.004061906336290742,cbcf253900c80f95192afe58e1eba4bd55e6ddb1e53c1ee1061eb2ee030bb8d2,/data/dxl/results/rp_qtfg/phase0/offline_probe/structures/poscell_1/20053.extxyz,poscell_1,/data/dxl/results/rp_qtfg/phase0/offline_relax/poscell_1/20053,/data/dxl/results/rp_qtfg/phase0/offline_relax/poscell_1/20053/relaxed_structure.extxyz,901760,5,15,-27.676815032958984,-6.919203758239746,0.0034873830154538155,20053,2026-07-26T23:40:06+08:00,success,poscell_1_20053,0.045486645620361976,0.0015682236806188047,True,True,True,False,True,3.436624598650696,-6.929259300231934
True,True,0.7310603579971939,2026-07-26T23:40:05+08:00,False,-44.390785217285156,-7.398464202880859,0.058544960527193234,0.09708710807772138,a480e0eff01bdd3dd9080ca27eff5e78c3b0eb9e9241ecce38e1548fe4bae616,/data/dxl/results/rp_qtfg/phase0/offline_probe/structures/poscell_1/20054.extxyz,poscell_1,/data/dxl/results/rp_qtfg/phase0/offline_relax/poscell_1/20054,/data/dxl/results/rp_qtfg/phase0/offline_relax/poscell_1/20054/relaxed_structure.extxyz,901761,6,25,-44.819664001464844,-7.469944000244141,0.045769475400447845,20054,2026-07-26T23:40:04+08:00,success,poscell_1_20054,0.021185245962811905,0.0031489162758042677,True,True,True,False,True,2.674515374416341,-7.386972427368164
True,True,0.6733439709641971,2026-07-26T23:40:19+08:00,False,-103.57430267333984,-8.631191889444986,0.2215457608560488,0.008441571819207655,7d9d502711b7d6f91ccb4d1e18fbc4914bffdea93c862dc0d8b92ded93dd5836,/data/dxl/results/rp_qtfg/phase0/offline_probe/structures/poscell_1/20055.extxyz,poscell_1,/data/dxl/results/rp_qtfg/phase0/offline_relax/poscell_1/20055,/data/dxl/results/rp_qtfg/phase0/offline_relax/poscell_1/20055/relaxed_structure.extxyz,901762,7,30,-103.5895004272461,-8.632458368937174,0.046657271683216095,20055,2026-07-26T23:40:18+08:00,success,poscell_1_20055,0.038485143910943265,0.016167846411247976,True,True,True,False,True,2.434273752842007,-8.55057430267334
True,True,0.4887741429847665,2026-07-26T23:40:02+08:00,False,-41.39915466308594,-10.349788665771484,0.22455087567702195,0.020261223135860474,0824d7b2c33b89ba31d3f8f93db184473e36ee3f8ba31c5763b47d73f460628e,/data/dxl/results/rp_qtfg/phase0/offline_probe/structures/poscell_1/20056.extxyz,poscell_1,/data/dxl/results/rp_qtfg/phase0/offline_relax/poscell_1/20056,/data/dxl/results/rp_qtfg/phase0/offline_relax/poscell_1/20056/relaxed_structure.extxyz,901763,8,16,-41.4069709777832,-10.3517427444458,0.029950350522994995,20056,2026-07-26T23:40:01+08:00,success,poscell_1_20056,0.2286574808617612,0.006281849886201412,False,True,True,False,True,2.1917647098067548,-10.716615676879885
True,True,0.6609607609570958,2026-07-26T23:40:57+08:00,False,-62.61412048339844,-7.826765060424805,0.18488688632030412,0.01075892301890897,c3079f12cdcddcf514c54149e4e3c79352d6de471e4fd04d1b44efbf612f1833,/data/dxl/results/rp_qtfg/phase0/offline_probe/structures/poscell_1/20057.extxyz,poscell_1,/data/dxl/results/rp_qtfg/phase0/offline_relax/poscell_1/20057,/data/dxl/results/rp_qtfg/phase0/offline_relax/poscell_1/20057/relaxed_structure.extxyz,901764,9,26,-62.620052337646484,-7.8275065422058105,0.04512155428528786,20057,2026-07-26T23:40:56+08:00,success,poscell_1_20057,0.03278189495596351,0.00556593539978567,True,True,True,False,True,2.4446144294947314,-7.711792469024658
True,True,0.07186096004443243,2026-07-26T23:40:34+08:00,False,-29.077499389648438,-9.692499796549479,0.007785852146832826,0.0069266780800725245,9b2e2c5cc0db093a9db454299b19e15f4c172402037de66e1c640d6c07d75a2b,/data/dxl/results/rp_qtfg/phase0/offline_probe/structures/poscell_1/20058.extxyz,poscell_1,/data/dxl/results/rp_qtfg/phase0/offline_relax/poscell_1/20058,/data/dxl/results/rp_qtfg/phase0/offline_relax/poscell_1/20058/relaxed_structure.extxyz,901765,10,2,-29.07793426513672,-9.692644755045572,0.0084932129830122,20058,2026-07-26T23:40:34+08:00,success,poscell_1_20058,0.04121165143617134,0.000960332849199823,True,True,True,False,True,2.3312911554152707,-9.842529296875
True,True,1.4576040200190619,2026-07-26T23:40:06+08:00,False,-99.76443481445312,-9.976443481445312,0.21061773915606502,0.002515506563346813,c786039e63f365c5dc98fa381b3d76ecdd2ac6c95356d2ce5a3f11e78ffe4748,/data/dxl/results/rp_qtfg/phase0/offline_probe/structures/poscell_1/20059.extxyz,poscell_1,/data/dxl/results/rp_qtfg/phase0/offline_relax/poscell_1/20059,/data/dxl/results/rp_qtfg/phase0/offline_relax/poscell_1/20059/relaxed_structure.extxyz,901766,11,46,-99.78225708007812,-9.978225708007812,0.04886040464043617,20059,2026-07-26T23:40:04+08:00,success,poscell_1_20059,-0.007230601070990161,0.03286241735468824,True,True,True,True,True,2.0993418724539348,-10.34267234802246
True,True,2.460422792006284,2026-07-26T23:40:17+08:00,False,-60.08138656616211,-7.510173320770264,0.175388371559298,0.027129102634646164,fead90570f5852fcc438a2a1fd6383ad30168ba6e493c192b3ba29cc2b554a77,/data/dxl/results/rp_qtfg/phase0/offline_probe/structures/poscell_1/20060.extxyz,poscell_1,/data/dxl/results/rp_qtfg/phase0/offline_relax/poscell_1/20060,/data/dxl/results/rp_qtfg/phase0/offline_relax/poscell_1/20060/relaxed_structure.extxyz,901767,12,105,-61.435462951660156,-7.6794328689575195,0.04730502888560295,20060,2026-07-26T23:40:14+08:00,success,poscell_1_20060,0.2851163115225681,0.7101401274201092,False,False,True,True,True,1.903763985281776,-7.660670280456543
True,True,2.1796190059976652,2026-07-26T23:40:10+08:00,False,-66.43585205078125,-6.643585205078125,0.6745498925296354,0.008961955395222983,0cd261a06fae7d31b076b5a988e1b74c74055dd9420b728910fce0453350498f,/data/dxl/results/rp_qtfg/phase0/offline_probe/structures/poscell_1/20061.extxyz,poscell_1,/data/dxl/results/rp_qtfg/phase0/offline_relax/poscell_1/20061,/data/dxl/results/rp_qtfg/phase0/offline_relax/poscell_1/20061/relaxed_structure.extxyz,901768,13,80,-66.54108428955078,-6.6541084289550785,0.043427933007478714,20061,2026-07-26T23:40:08+08:00,success,poscell_1_20061,0.43685757291927274,0.06030542070787909,False,True,True,True,True,1.6250076506190247,-7.708351135253906
True,True,0.39175087003968656,2026-07-26T23:40:05+08:00,False,-69.31463623046875,-6.931463623046875,0.08073852171486144,0.005283041659929642,d438357dada83bc9cc32ec8e4f7092d4288bfb2b0f05e2f99b1f234c0789b3b6,/data/dxl/results/rp_qtfg/phase0/offline_probe/structures/poscell_1/20062.extxyz,poscell_1,/data/dxl/results/rp_qtfg/phase0/offline_relax/poscell_1/20062,/data/dxl/results/rp_qtfg/phase0/offline_relax/poscell_1/20062/relaxed_structure.extxyz,901769,14,11,-69.31635284423828,-6.9316352844238285,0.04603790119290352,20062,2026-07-26T23:40:05+08:00,success,poscell_1_20062,0.09113008311840076,0.0010644550633675275,True,True,True,False,True,2.0729598944340384,-7.663325309753418
True,True,0.4903095770278014,2026-07-26T23:40:04+08:00,False,-36.22929382324219,-4.528661727905273,0.050338623557066337,0.004994269200245588,0df7c10eecc12500118f7dc9aa3e2159e2dc0a6cc3ac7cf1829122eff9541dfa,/data/dxl/results/rp_qtfg/phase0/offline_probe/structures/poscell_1/20063.extxyz,poscell_1,/data/dxl/results/rp_qtfg/phase0/offline_relax/poscell_1/20063,/data/dxl/results/rp_qtfg/phase0/offline_relax/poscell_1/20063/relaxed_structure.extxyz,901770,15,17,-36.24691390991211,-4.530864238739014,0.04244919493794441,20063,2026-07-26T23:40:03+08:00,success,poscell_1_20063,-0.013635519580327049,0.00605248264990387,True,True,True,False,True,2.7539387380981424,-4.513675689697266
