seed,c0_max_force,a0_max_force,c0_rmsd,a0_rmsd,c0_ehull,a0_ehull,c0_stable,a0_stable,c0_nus,a0_nus,c0_composition_valid,a0_composition_valid,c0_structure_valid,a0_structure_valid,c0_novel,a0_novel,c0_unique,a0_unique,c0_relaxation_converged,a0_relaxation_converged,c0_generation_elapsed_seconds,a0_generation_elapsed_seconds,c0_physical_forwards,a0_physical_forwards
20000,0.0368244536221027,0.038055196404457,1.1868150562564423,0.0302130227891821,0.0902261836684381,0.0641999533062112,True,True,True,True,True,True,True,True,True,True,True,True,True,True,190.20634076400893,192.64122914499603,2000,2000
20001,0.0501120835542678,0.0398297496140003,0.0806870655228773,0.0405218533907063,0.0897128441543548,0.1584389557747414,True,False,True,False,True,False,True,True,True,True,True,True,True,True,232.1235256640066,229.25800372299275,2000,2000
20002,0.003603541990742,0.0331855043768882,0.0017415208903415,0.0017613425766861,0.1431204313383203,0.0111244541042472,False,True,False,False,True,True,True,True,True,False,True,True,True,True,206.7631555100088,212.35075284499908,2000,2000
20003,0.0476140715181827,0.0279240775853395,0.0046570182952978,0.100934627364461,0.0752710532851193,0.1496501024843315,True,False,True,False,True,True,True,True,True,True,True,True,True,True,192.61827927199192,203.38631592300956,2000,2000
20004,0.0046148411929607,0.0140105010941624,0.0003658691656104,1.1709011932808655,0.0780081954853182,0.0781356248516917,True,True,False,False,True,True,True,True,False,False,True,True,True,True,217.88497692899543,216.0428033740027,2000,2000
20005,0.0192574933171272,0.0313656218349933,0.0236207965975595,0.0109399652339117,0.0189429135529426,0.0359248765666961,True,True,True,False,True,True,True,True,True,False,True,True,True,True,194.22116835601628,196.46205211200868,2000,2000
20006,0.054609291255474,0.0468449965119361,1.2171283714945105,0.0004770018200444,0.2069945128914438,0.1771744495867864,False,False,False,False,True,True,True,True,True,True,True,True,True,True,221.7580832420208,228.3167214699788,2000,2000
20007,0.0081614768132567,0.0497329272329807,0.0384390404278898,0.0346474528665057,0.1425497917491966,0.0857616923582789,False,True,False,True,True,True,True,True,True,True,True,True,True,True,218.83414414298025,196.7951240619877,2000,2000
20008,0.0301732551306486,0.0188948828727006,0.0492522458386781,0.0014311729655378,0.0960832968929175,0.1560061582065914,True,False,True,False,True,True,True,True,True,True,True,True,True,True,190.1598522840068,193.19087026300255,2000,2000
20009,0.0267487056553363,0.0058227083645761,0.0022982770525897,0.0065655296884261,0.0609867317881445,0.0460779337887125,True,True,False,True,True,True,True,True,False,True,True,True,True,True,231.0591548079974,230.85995803499827,2000,2000
20010,0.0190585758537054,0.0434309244155883,0.016463358804759,0.0644647451388795,0.0691661553741376,0.1919879846777519,True,False,False,False,True,True,True,True,False,True,True,True,True,True,209.2164501269872,208.9092129720084,2000,2000
20011,0.0349372960627079,0.0084939152002334,0.0626196781681936,0.0017226031839222,0.5283094275102513,0.0988846467171047,False,True,False,False,True,False,True,True,True,False,True,True,True,True,178.66376485000364,204.17215828498595,2000,2000
20012,0.0281393155455589,0.0473513528704643,0.0826087567771615,0.0607286703662664,0.0450518153146726,0.0325475734433222,True,True,True,True,True,True,True,True,True,True,True,True,True,True,216.3401194740145,217.1177980079956,2000,2000
20013,0.0102184237912297,0.00859653390944,0.0258918027164913,0.0007070240798019,0.2419778693952903,0.0126198015257426,False,True,False,False,True,True,True,True,True,False,True,True,True,True,193.412563601014,196.54256413297844,2000,2000
20014,0.0495262071490287,0.0411518178880214,0.0236514198150144,0.0159608994509953,0.1723977509514984,0.1648722837318441,False,False,False,False,True,True,True,True,False,True,True,True,True,True,220.2664427740092,226.2615996589884,2000,2000
20015,0.0501878783106803,0.0439297370612621,0.0556910538561754,0.0225474218466024,0.1572957255224878,0.2237940682278534,False,False,False,False,True,True,True,True,True,True,True,True,True,True,219.05412889600848,215.82999657900652,2000,2000
20016,0.0371292866766452,0.0462916009128093,0.0074608681935085,0.002352818292475,0.0743101275304258,0.0080971137355749,True,True,False,True,True,False,True,True,False,True,True,True,True,True,191.93936372100143,190.42488918299205,2000,2000
20017,0.0485647283494472,0.0397715270519256,0.1920225256100392,0.0547291922568365,0.2402373117335274,0.2735483266186547,False,False,False,False,False,True,True,True,True,True,True,True,True,True,227.9766713610152,228.92581354698632,2000,2000
20018,0.0447321906685829,0.0493587180972099,0.0198477885803129,0.0402790533616029,0.1833910857452103,0.2147599047053869,False,False,False,False,True,True,True,True,True,True,True,True,True,True,207.8666634859983,205.7418640120013,2000,2000
20019,0.0485203713178634,0.0379340834915638,0.0051223012420013,0.0753506535401909,0.0814157817596701,0.0986712215179697,True,True,False,False,True,True,True,True,False,False,True,True,True,True,198.34785571097743,205.0373559529835,2000,2000
20020,0.0475243963301181,0.043702382594347,0.0467175926944216,0.0058505921490491,0.2463700198596399,0.2643647606838675,False,False,False,False,True,True,True,True,True,True,True,True,True,True,209.3843307249772,214.6185821209801,2000,2000
20021,0.0491364039480686,0.0401988849043846,1.2722462813275413,0.035926511439283,0.3415829041522125,0.2841967059591219,False,False,False,False,True,True,True,True,True,True,True,True,True,True,193.29963731599852,196.19661453200388,2000,2000
20022,0.038071472197771,0.0149118974804878,0.0177590819217895,0.0021738929603437,0.0465386254768738,0.0943341089662297,True,True,True,False,True,True,True,True,True,False,True,True,True,True,224.1934382329928,226.99619332698057,2000,2000
20023,0.0453912727534771,0.0494047254323959,0.0641409642403193,0.0516638743264379,0.2834108117933258,0.2833642607797006,False,False,False,False,True,True,True,True,True,True,True,True,True,True,220.1123430939915,216.71776453001075,2000,2000
20024,0.0388487838208675,0.036014225333929,0.0360352128022122,0.0461417724296184,0.1140524158530063,0.0860560080941699,False,True,False,False,True,True,True,True,True,False,True,True,True,True,193.0693412819819,193.08370996100712,2000,2000
20025,0.0414474084973335,0.1587364673614502,0.0563009543221321,0.2485430276201355,0.2356333728898345,0.2185452559434448,False,False,False,False,True,True,True,True,True,True,True,True,True,False,227.7374420420092,223.7507333009853,2000,2000
20026,0.0525176227092742,0.0491497702896595,0.3182632512776238,0.2388735255149214,0.1799265420256981,0.3653252699582285,False,False,False,False,True,True,True,True,True,True,True,True,True,True,205.8571412129968,212.7775117309939,2000,2000
20027,0.0151343811303377,0.0495713651180267,0.0021776648589467,0.003198864421694,0.3493699732406785,0.0026293965215833,False,True,False,True,True,True,True,True,True,True,True,True,True,True,197.1377005809918,203.2289374730026,2000,2000
20028,0.0460923053324222,0.0456776320934295,0.0651672303188739,0.0286892802370222,0.1760947998455613,0.2191532244699843,False,False,False,False,True,True,True,True,True,True,True,True,True,True,207.49104717498997,211.8358654009935,2000,2000
20029,0.006236208602786,0.0432899817824363,0.0017487226333061,0.0013679541920872,0.1149553870731008,0.4983076298651152,False,False,False,False,True,True,True,True,False,True,True,True,True,True,192.94374229299137,191.1318060669873,2000,2000
20030,0.0443972274661064,0.0496450550854206,0.0446284979811628,0.0051634933254321,0.2199011484826565,0.0514883956999154,False,True,False,True,True,True,True,True,True,True,True,True,True,True,223.69445718399948,228.60996590100692,2000,2000
20031,0.0413213036954402,0.0122225722298026,0.0181060052993119,0.0028212720980405,0.0512308426533518,0.0834091571104451,True,True,False,True,True,False,True,True,False,True,True,True,True,True,209.97597890999168,217.65641515600143,2000,2000
20032,0.0455429553985595,0.0468055792152881,0.0281582815448598,0.2535149305818215,0.2287500897880274,0.3099034136475449,False,False,False,False,True,True,True,True,True,True,True,True,True,True,194.16646359598963,248.55710261399508,2000,2000
20033,0.0036019440740346,0.0034501336049288,0.0019118694710707,0.0018743274532424,0.078663251060167,0.078663251060167,True,True,True,True,False,False,True,True,True,True,True,True,True,True,195.17513749399225,175.45316750000347,2000,2000
20034,0.0486666038632392,0.0492928177118301,0.0025271629197497,0.0093679610347832,0.0714851885005352,0.0828972368403775,True,True,True,True,True,True,True,True,True,True,True,True,True,True,198.45592101098737,201.10708032298132,2000,2000
20035,0.0412741713225841,0.0490891858935356,0.0057466516013303,0.0137739363628346,0.0479301771735043,0.0734707089649688,True,True,True,True,True,True,True,True,True,True,True,True,True,True,192.70494289099588,200.2720601640176,2000,2000
20036,0.0218578614294528,0.0150512540712952,0.00198481427048,0.0011957474243784,0.0961724169687521,0.0306759164252721,True,True,True,False,True,True,True,True,True,False,True,True,True,True,190.96059067599708,195.8784462340118,2000,2000
20037,0.0492435209453105,0.0467975437641143,0.0387745847133259,0.0053059966099383,0.1026759446905991,0.1066791168111489,False,False,False,False,True,True,True,True,True,True,True,True,True,True,202.8123351649847,207.0012226949912,2000,2000
20038,0.0468461737036705,0.0428069196641445,0.0881441064138078,0.0103200930536383,0.2634726083547978,0.1495058470026418,False,False,False,False,True,True,True,True,True,False,True,True,True,True,210.1142196749861,215.82047715599765,2000,2000
20039,0.0498809814453125,0.0476965345442295,0.018012983440647,0.0699143544064806,0.1039570493890771,0.1733902559748692,False,False,False,False,True,True,True,True,True,True,True,True,True,True,196.9234306620201,201.14582502498524,2000,2000
20040,0.0053342734463512,0.0021074961405247,0.0013218739149503,0.0014671854977977,0.1121775193653968,0.0244505836674608,False,True,False,False,True,True,True,True,False,False,True,True,True,True,223.70289688801856,284.89424678700743,2000,2000
20041,0.0429291017353534,0.0228541307151317,0.0283919556794506,0.008424093202617,0.0712265791725386,0.0949399070266681,True,True,True,False,True,True,True,True,True,False,True,True,True,True,193.74439549900129,194.96583002098487,2000,2000
20042,0.0256820302456617,0.0420538261532783,0.011875548612628,0.0092556944578836,0.0520995129189749,0.0869123132050511,True,True,True,True,True,False,True,True,True,True,True,True,True,True,196.4446588159772,203.0046240950178,2000,2000
20043,0.0380256175994873,0.0284280069172382,0.0024522221733589,0.0242760954380287,0.2789237232923724,0.1211742408215226,False,False,False,False,True,True,True,True,True,True,True,True,True,True,197.62651195999933,200.7627445529797,2000,2000
20044,0.0222468543797731,0.0384855680167675,0.0033290320385202,0.0018679974721784,0.0267232423862981,0.047495387598329,True,True,True,False,True,True,True,True,True,False,True,True,True,True,191.39749355198,196.65694344599612,2000,2000
20045,0.036198154091835,0.0488338842988014,0.0121326198862324,0.0290668429768179,0.0744431265480205,0.1556974600906073,True,False,True,False,True,True,True,True,True,True,True,True,True,True,200.8368735559925,208.09096882300216,2000,2000
20046,0.0394380912184715,0.0381532423198223,0.0115888817849087,0.0100418209853339,0.0486813616364898,0.2125601811014839,True,False,True,False,True,True,True,True,True,True,True,True,True,True,211.5351026279968,223.03657089700573,2000,2000
20047,0.009545954875648,0.0228119287639856,0.0060787693021315,0.000757569975618,0.0517357776098599,0.1046360129906442,True,False,False,False,True,True,True,True,False,True,True,True,True,True,198.12638424601755,204.2501114860061,2000,2000
20048,0.0426180437207222,0.0500163771212101,0.0163873836060888,0.018451994389549,0.0771980840407629,0.1006830725813596,True,False,True,False,True,True,True,True,True,False,True,True,True,True,224.0342697569868,282.863191173994,2000,2000
20049,0.0469252690672874,0.0442510209977626,0.0653984404811154,0.0077633426503719,0.0685864423540163,0.0903542305357021,True,True,True,True,True,False,True,True,True,True,True,True,True,True,195.2181205159868,193.35594525001943,2000,2000
20050,0.0321785174310207,0.0441320315003395,0.0318439105271614,0.019323271733085,0.2344146517429362,0.187848395960799,False,False,False,False,True,True,True,True,True,True,True,True,True,True,197.04005619700183,203.27955014200413,2000,2000
20051,0.0137703586369752,0.0366567447781562,0.0201095549116396,0.023978569528813,0.1414479856019763,0.0996569762814125,False,True,False,True,True,False,True,True,True,True,True,True,True,True,197.5544794940215,199.55761423398508,2000,2000
20052,0.037691343575716,0.0356547273695468,0.0380937046587171,0.02835571576589,0.1138258993472378,0.3167685357757994,False,False,False,False,False,True,True,True,True,True,True,True,True,True,191.39538811298556,192.4412738039973,2000,2000
20053,0.0271919853985309,0.0035283253528177,0.003250908938344,0.0015830936100965,0.1288584642515058,0.0454866456203619,False,True,False,False,True,True,True,True,False,False,True,True,True,True,200.68700161000012,207.46077410300492,2000,2000
20054,0.0516954436898231,0.0467854365706443,0.0038227438612456,0.0032502720452658,0.02120356159595,0.0211922904370958,True,True,False,False,True,True,True,True,False,False,True,True,True,True,215.03022891300495,223.1651612019923,2000,2000
20055,0.0499502904713153,0.0478014647960662,0.2851974614376816,0.0160566193792319,0.1931972005406752,0.0384950061749425,False,True,False,False,True,True,True,True,True,False,True,True,True,True,196.8251675190113,203.69638056200347,2000,2000
20056,0.0467383563518524,0.0272007416933774,0.0533589002216798,0.0060586113979404,0.07324393976746,0.228655367519476,True,False,False,False,True,True,True,True,False,False,True,True,True,True,224.81677727602076,285.9231640979997,2000,2000
20057,0.0202456079423427,0.0427693054080009,0.0002028005798471,0.0055755820970885,0.0760409548619698,0.0327813666203908,True,True,False,False,True,True,True,True,False,False,False,True,True,True,193.8749801569793,193.89879128299071,2000,2000
20058,0.003890712512657,0.0087206671014428,0.001340269314117,0.0009756528355429,0.3334686232246504,0.0412095380938861,False,True,False,False,True,True,True,True,True,False,True,True,True,True,179.69712427500053,204.35245240700897,2000,2000
20059,0.0432851873338222,0.0485873036086559,0.0202792926459471,0.0238374923167558,0.0646492996283516,-0.0070623790250916,True,True,True,True,True,True,True,True,True,True,True,True,True,True,194.71490335199636,202.50158217397984,2000,2000
20060,0.0138492044061422,0.0370416007936,0.0015553894797665,0.7090967291310192,0.129981261413496,0.2850344195090191,False,False,False,False,True,False,True,True,True,True,True,True,True,True,192.25842139299493,196.20163743800367,2000,2000
20061,0.0491868779063224,0.047420959919691,0.34818056890632,0.0580925039343259,0.1217971707335099,0.4369683120550149,False,False,False,False,True,True,True,True,True,True,True,True,True,True,201.66229951000423,206.8932628929906,2000,2000
20062,0.0467407964169979,0.0490651354193687,0.0203979947600224,0.0011348345000619,0.1629384026470841,0.0911343098029711,False,True,False,False,True,True,True,True,True,False,True,True,True,True,213.3362357869919,223.0775965299981,2000,2000
20063,0.0056140427477657,0.0422519408166408,0.0018475554800925,0.006111497770312,0.0845616657174019,-0.013632877902471,True,True,True,False,True,True,True,True,True,False,True,True,True,True,200.5302208659996,205.2567084679904,2000,2000
20064,0.0441451519727706,0.0474980324506759,0.0334866660490832,0.0066334731630748,0.0896276192800833,0.0830213929562306,True,True,True,True,True,True,True,True,True,True,True,True,True,True,194.561156131007,208.3926961130055,2000,2000
20065,0.0063560525886714,0.0089150546118617,0.0019386034471356,0.0002349994738272,0.1625249141895439,0.0588239057045143,False,True,False,False,True,True,True,True,True,False,True,True,True,True,188.71321294500376,209.1041735690087,2000,2000
20066,0.0476146563887596,0.0928924083709716,0.368159780966495,0.3152225763728451,0.2263318702347092,0.316072137656036,False,False,False,False,True,True,True,True,True,True,True,True,True,False,235.61194772899037,238.0721454639861,2000,2000
20067,0.048358466476202,0.0453530065715312,0.0479793570795996,0.1638490867144658,0.21121264399377,0.1747326884539459,False,False,False,False,True,True,True,True,True,True,True,True,True,True,193.5844180999848,205.25184095400616,2000,2000
20068,0.0407639406621456,0.0496631264686584,0.1714395530623365,0.0400324234662244,0.4833256469264171,0.2523989094623768,False,False,False,False,False,True,True,True,True,True,True,True,True,True,201.75783484001292,208.6262233350135,2000,2000
20069,0.0039685387164354,0.0444827191531658,0.0014918815245433,0.0163464936124698,0.079721217457525,0.0475912274898728,True,True,True,False,True,False,True,True,True,False,True,True,True,True,190.36208967902348,192.62182875699364,2000,2000
20070,0.0328363142907619,0.0376642234623432,0.024827992355182,0.0026043383819205,0.1099724679042957,0.3057127663662093,False,False,False,False,True,True,True,True,True,True,True,True,True,True,190.7735723449732,195.20423011499224,2000,2000
20071,0.0063036638312041,0.0445934571325778,0.0008433998122914,0.0101152147482341,0.0616385016341931,0.115828798947386,True,False,False,False,False,False,True,True,False,True,True,True,True,True,210.36972325199167,213.46952843898907,2000,2000
20072,0.047657560557127,0.0494909398257732,0.2415485526075082,0.0369082063167916,0.298077187832833,0.1987088624016948,False,False,False,False,False,True,True,True,True,True,True,True,True,True,193.85611943801632,204.2629303589929,2000,2000
20073,0.0499169155955314,0.0505346804857254,0.1388062361888064,0.0508191511734983,0.2938394036374241,0.066465672379353,False,True,False,True,True,True,True,True,True,True,True,True,True,True,196.9258575729909,205.9724921250017,2000,2000
20074,0.0441431440412998,0.0411452911794185,0.0059616081658111,0.0020783234367658,0.0391891184898689,0.1277213746618919,True,False,True,False,True,False,True,True,True,True,True,True,True,True,232.8997619629954,244.52156683299108,2000,2000
20075,0.037321887910366,0.014510927721858,0.0192526132958429,0.0331843257712568,0.2749922406880962,0.0399918686617848,False,True,False,True,False,True,True,True,True,True,True,True,True,True,192.48211025400087,206.36966527998447,2000,2000
20076,0.0482169203460216,0.0503844581544399,0.0030150763448041,0.0177246157524195,0.0609501292542411,0.2337723427631282,True,False,True,False,True,True,True,True,True,True,True,True,True,True,197.49340620997828,209.96110640498227,2000,2000
20077,0.0059408247470855,0.0086311632767319,0.001044618553446,0.0024937451750724,0.0627991976593023,0.0519725520547407,True,True,False,False,True,True,True,True,False,False,True,False,True,True,189.1993608889752,191.79367342797923,2000,2000
20078,0.0430823192000389,0.0382166877388954,0.0019883406269812,0.0314963091417176,0.0961424950886034,0.2874759574009946,True,False,False,False,True,True,True,True,False,True,True,True,True,True,192.9745395820064,198.2503139390028,2000,2000
20079,0.0252939965575933,0.0267977770417928,0.0071146229958577,0.0241205570269909,0.0857678579722343,0.0964629635507527,True,True,False,True,True,True,True,True,False,True,False,True,True,True,210.76069238898344,212.7940071409976,2000,2000
20080,0.0034949339460581,0.032232329249382,0.0009747055978539,0.0304090596104226,0.0120646341330452,0.0301917632220511,True,True,False,False,True,True,True,True,False,False,True,True,True,True,196.2492069709988,207.6603634849889,2000,2000
20081,0.0470392145216465,0.0070740221999585,0.0032783672435088,0.0005558301735497,0.1212312076929436,0.0722690163743617,False,True,False,False,True,True,True,True,True,False,True,True,True,True,198.34156600301503,207.45338838198225,2000,2000
20082,0.035781655460596,0.0494650974869728,0.0521874057279487,0.010270689074853,-0.0675274986943268,-0.0818401980444001,True,True,True,True,False,True,True,True,True,True,True,True,True,True,237.1510759269877,244.1817313260108,2000,2000
20083,0.0490084029734134,0.0409089364111423,0.0377357112461381,0.0272668608746734,0.2296582934260804,0.1607970934709897,False,False,False,False,True,True,True,True,True,True,True,True,True,True,184.9126469710027,205.2040203840006,2000,2000
20084,0.0393999330699443,0.0439021438360214,0.022831182627736,0.0214424970913208,0.1276683144897923,0.0401716144671482,False,True,False,False,True,True,True,True,True,False,True,True,True,True,200.05622451601084,210.1338096880063,2000,2000
20085,0.0397919006645679,0.0491019822657108,0.0403531216803487,0.012834707060812,0.1527962502453128,0.069992325212274,False,True,False,False,False,True,True,True,True,False,True,True,True,True,188.45511085999897,187.64301561799948,2000,2000
20086,0.0197692699730396,0.0448577776551246,0.000972715354194,0.0131265504604793,0.0197186960988275,0.0824733810736111,True,True,True,True,True,True,True,True,True,True,True,True,True,True,193.9027297119901,197.29402783399564,2000,2000
20087,0.0488640032708644,0.0486884005367755,0.0293570856750759,0.0627531695818351,0.2618500454545529,0.3326122020672351,False,False,False,False,False,False,True,True,True,True,True,True,True,True,201.3394509599893,208.46659855599864,2000,2000
20088,0.0468901507556438,0.0057124025188386,0.0017983660000525,0.0053129545287834,0.0444843187574726,0.1020324788376072,True,False,False,False,True,False,True,True,False,True,True,True,True,True,181.39529759300055,207.3422015270044,2000,2000
20089,0.0438553392887115,0.0293794330209493,0.0013189202042117,0.0351868062830941,0.1242062619419286,0.0520911367782144,False,True,False,True,True,True,True,True,True,True,True,True,True,True,194.8137638519984,208.83192862401484,2000,2000
20090,0.0490953959524631,0.0453632734715938,0.0753438278175665,0.0231180272063482,0.2758250468840622,0.1523978818209297,False,False,False,False,True,True,True,True,True,True,True,True,True,True,235.4824010479788,244.6359834519972,2000,2000
20091,0.0495368316769599,0.0487235262989997,0.0088954491654112,0.4255144818645307,0.0670103974238411,0.1640262929318066,True,False,True,False,True,True,True,True,True,True,True,True,True,True,189.38650028200937,206.4990199530148,2000,2000
20092,0.0455367863178253,0.0403458401560783,0.1150802497248707,0.1674666528369938,0.4033308674960718,0.0848737059960651,False,True,False,True,False,True,True,True,True,True,True,True,True,True,201.4800890319748,208.5203295329993,2000,2000
20093,0.0116284834221005,0.0247466675937175,0.0011587430247691,0.0154513070384473,0.0903169115646296,0.0445489582603926,True,True,False,False,True,True,True,True,False,False,True,True,True,True,189.6300921240181,196.06897616398052,2000,2000
20094,0.0021628327667713,0.0455206744372844,0.0006367994841019,0.0037827725970406,0.0451219962094224,0.0975496184726649,True,True,False,False,True,True,True,True,False,False,True,True,True,True,192.37818976302515,199.58764972901557,2000,2000
20095,0.0445539653301239,0.049682006239891,0.0457812948847998,0.049820579436944,0.0671046511157715,0.200905938465338,True,False,True,False,True,False,True,True,True,True,True,True,True,True,210.12238627800247,212.51926914599608,2000,2000
20096,0.0295521933585405,0.0498091280460357,1.0950956375803624,0.0023655477417529,0.1045702867346953,0.006199896134829,False,True,False,False,False,True,True,True,True,False,True,True,True,True,234.73953350400552,237.9276910260087,2000,2000
20097,0.0216486528515815,0.0450519248843193,0.0197327110775351,0.0118706684400448,0.0741621050171765,0.1339445013173179,True,False,True,False,True,True,True,True,True,True,True,True,True,True,195.4913850200246,198.6239999149693,2000,2000
20098,0.0398229882121086,0.0298396851867437,0.0589242210848019,0.1019046005792032,0.053602419175009,0.2595761312542688,True,False,True,False,True,False,True,True,True,True,True,True,True,True,190.02161027598777,196.7213474670425,2000,2000
20099,0.0411365590989589,0.0484857410192489,0.0015896150259772,0.0030907915712745,0.1006852783991725,0.0296764889834317,False,True,False,True,True,True,True,True,True,True,True,True,True,True,162.79582857197963,200.97341232805047,2000,2000
20100,0.025811655446887,0.0328511670231819,0.0180090834660044,0.0311364786899285,0.1409324451936573,0.3229465487935581,False,False,False,False,True,True,True,True,True,True,True,True,True,True,220.25302383999224,228.23128263803665,2000,2000
20101,0.0456166826188564,0.0275398846715688,0.0073729820588747,0.1234522483713265,0.1519373677588174,0.0318361256933883,False,True,False,True,True,True,True,True,True,True,True,True,True,True,191.28751516199557,195.04322581499585,2000,2000
20102,0.0103330556303262,0.0485744215548038,0.0021966326655761,0.0345041187870558,0.20254233364804,0.0825188593925538,False,True,False,True,True,True,True,True,True,True,True,True,True,True,204.1430634119897,205.3694192779949,2000,2000
20103,0.0326539427042007,0.0091302981600165,0.0079846560943734,0.0013198054201736,0.1281263628098976,0.1064685365287356,False,False,False,False,True,True,True,True,False,False,True,True,True,True,171.16448333699373,192.61922141496325,2000,2000
20104,0.0398441366851329,0.029021056368947,0.0291986568208068,0.0679490383887645,0.1679495293950843,0.2494014741826546,False,False,False,False,True,False,True,True,True,True,True,True,True,True,232.598056206014,238.4585513040074,2000,2000
20105,0.0493346750736236,0.0360161922872066,0.0022749022241284,0.0093699348161406,0.00288667986361,0.0371485022427258,True,True,True,True,True,True,True,True,True,True,True,True,True,True,193.4941272890137,201.45124871999724,2000,2000
20106,0.0358383506536483,0.0402954593300819,0.0275274290288782,0.0068593415338164,0.1089691753226276,0.0345626786875605,False,True,False,True,True,True,True,True,True,True,True,True,True,True,193.70727262002765,197.826467552979,2000,2000
20107,0.0274763833731412,0.0059296614490449,0.5494549543596644,0.0007969706721282,0.0415671342303927,0.1392497882392085,True,False,False,False,True,True,True,True,False,True,True,True,True,True,185.76596947098733,201.9800256039598,2000,2000
20108,0.0460722483694553,0.0507421605288982,0.0139844822195514,0.0804525343935732,0.1914697614700458,0.2729827584691815,False,False,False,False,True,True,True,True,False,True,True,True,True,True,217.00522261101287,226.93563537701263,2000,2000
20109,0.0118680177256464,0.0503210313618183,0.0014691478928432,0.0484834212677603,0.1403792484886983,0.2241997081632458,False,False,False,False,True,True,True,True,True,True,True,True,True,True,191.70114996598568,194.32782927900556,2000,2000
20110,0.0489814579486846,0.034024316817522,0.0368415793430777,0.0256530264364047,0.1292714724868222,0.0603792450002593,False,True,False,True,True,False,True,True,True,True,True,True,True,True,204.18213486502648,212.31505894003203,2000,2000
20111,0.0466365404427051,0.0515194237232208,0.0986005566067187,0.364092377624815,0.3033149847529781,0.1935855569914757,False,False,False,False,True,True,True,True,True,True,True,True,True,True,187.42747306003,189.7945412340341,2000,2000
20112,0.0501563474535942,0.0489550121128559,0.0320665974083827,0.069192094272879,0.1952829694893552,0.2532656844460437,False,False,False,False,True,False,True,True,True,True,True,True,True,True,230.04499508999288,235.37903225398625,2000,2000
20113,0.0184504054486751,0.0407749116420745,0.0405303966004686,0.0170705392027058,0.0514497863921477,0.0762085480524934,True,True,True,False,True,True,True,True,True,False,True,True,True,True,196.83194462698884,200.3304160910193,2000,2000
20114,0.0470441319048404,0.047834426164627,0.0030673568825337,0.0247946419540812,0.0733610607325339,0.0112256508064447,True,True,False,False,True,False,True,True,False,False,False,True,True,True,194.83959997599595,196.9698279669974,2000,2000
20115,0.0499936752021312,0.0443772412836551,0.0231986925038622,0.0575015630445561,-0.0786532797055343,0.0681029001344217,True,True,True,True,True,True,True,True,True,True,True,True,True,True,184.16046290897063,201.8678386989632,2000,2000
20116,0.046358685940504,0.0304348189383745,0.058531667011951,0.015505204809028,0.1159336221023243,0.088240203788688,False,True,False,False,True,True,True,True,True,False,True,True,True,True,221.26019440297387,226.4907662590267,2000,2000
20117,0.0451661273837089,0.0135275600478053,0.0137770754782677,0.0066315964873831,0.2712018211443041,0.0960812895574338,False,True,False,True,True,False,True,True,True,True,True,True,True,True,191.5938772460213,195.7107541700243,2000,2000
20118,0.0419808216392993,0.0493613258004188,0.0539453301402633,0.062904716485015,0.2374549691521252,0.1513646986114629,False,False,False,False,False,True,True,True,True,True,True,True,True,True,203.891719968,210.2187725660042,2000,2000
20119,0.0418957099318504,0.0491327010095119,0.0016968931778357,0.0077747654042455,0.0541632024579925,0.1645542392661489,True,False,False,False,True,True,True,True,False,True,True,True,True,True,187.4244236049999,170.7146304710186,2000,2000
20120,0.0481698811054229,0.0494131930172443,0.1193765924481822,0.108304699964524,0.3307607145695481,0.3157283417767109,False,False,False,False,False,False,True,True,True,True,True,True,True,True,230.00111610395837,235.52645590802425,2000,2000
20121,0.03086519241333,0.0458700768649578,0.0167335709525214,0.0118643233195409,0.1276770351672906,0.069947240576857,False,True,False,False,True,True,True,True,True,False,True,False,True,True,194.95555006703944,200.7686127880006,2000,2000
20122,0.04093474522233,0.0141751840710639,0.0107860446271116,0.0118017406348368,0.0987340757867407,0.0135314276211904,True,True,True,True,True,True,True,True,True,True,True,True,True,True,195.51429190998897,199.25400579202687,2000,2000
20123,0.0303365066647529,0.0306916590780019,0.0417522062633657,0.0346239109990834,-0.028294421103272,0.3118584519068665,True,False,True,False,True,True,True,True,True,True,True,True,True,True,186.2079465900024,199.40324995602717,2000,2000
20124,0.0313112176954746,0.0409249849617481,0.0336053495600854,0.0161452233811499,0.076756916415869,0.0874737245211871,True,True,True,True,True,True,True,True,True,True,True,True,True,True,219.7537422509631,225.48637071001576,2000,2000
20125,0.0377508364617824,0.0493122860789299,0.0140413472410194,0.0649521023189335,0.1216787980581823,0.1206502980503909,False,False,False,False,True,False,True,True,True,True,True,True,True,True,187.0106196659908,192.39654910902027,2000,2000
20126,0.0472755208611488,0.0378561206161975,0.0059661143032399,0.0075601305781528,0.1017597017671985,0.2652992256363475,False,False,False,False,True,True,True,True,True,True,True,True,True,True,198.29458590503785,211.99866882996864,2000,2000
20127,0.0370988063514232,0.0485162436962127,0.0018376661443839,0.0269117625259998,0.0238257507395998,0.1283959167853812,True,False,True,False,True,True,True,True,True,True,True,True,True,True,188.1272427699878,189.97549023799365,2000,2000
20128,0.0405225493013858,0.0494211800396442,0.010635768443519,0.0029679069444035,0.0883093718586316,0.1077445529142622,True,False,True,False,True,True,True,True,True,False,True,True,True,True,190.5101502379985,166.754116030992,2000,2000
20129,0.0349433906376361,0.0490201190114021,0.042826261421727,0.3340018340786497,0.2802706850271086,0.2777565706267744,False,False,False,False,True,True,True,True,True,True,True,True,True,True,229.64725017599997,231.8287843959988,2000,2000
20130,0.0391746312379837,0.0177090335637331,0.0040179114879213,0.0159062842593939,0.1164520344948645,0.0299242094306055,False,True,False,True,True,True,True,True,False,True,True,True,True,True,217.38453484798083,224.5586039450136,2000,2000
20131,0.0245010275393724,0.0385663621127605,0.0021275693279928,0.0140497965668615,0.2057785779312269,0.0255199353778481,False,True,False,False,True,False,True,True,True,False,True,True,True,True,210.8726519619813,214.0655007219757,2000,2000
20132,0.0083475299179553,0.03842443972826,0.0012644870341291,0.0418903006875028,0.075311995885464,0.2135799231920696,True,False,False,False,True,True,True,True,False,True,True,True,True,True,183.12161297595597,188.51607962703565,2000,2000
20133,0.0335354246199131,0.035667460411787,0.6312730844282308,0.0263056237710935,0.1513578111137121,0.1378310745690267,False,False,False,False,True,True,True,True,True,True,True,True,True,True,202.3475188779994,204.24286451295484,2000,2000
20134,0.0385830588638782,0.0511189959943294,0.4727872768246728,0.5657526923473918,0.150583375892058,0.152452343692528,False,False,False,False,True,False,True,True,True,True,True,True,True,True,196.73080509796276,210.0650869670208,2000,2000
20135,0.0376960523426532,0.0535720214247703,0.0236500473732697,0.7383857025600674,0.26328735636055,0.2450740929251571,False,False,False,False,True,True,True,True,True,True,True,True,True,True,214.9337057209923,214.44374868198065,2000,2000
20136,0.0104300212115049,0.0203084629029035,0.0019026640697518,0.0022945533935018,0.0824825308446985,-0.0055402101544252,True,True,True,True,True,True,True,True,True,True,True,True,True,True,189.23775778902927,186.48410547699316,2000,2000
20137,0.0367092154920101,0.0471846908330917,0.0014062492810256,0.002047002521325,0.0120637740155862,0.0131583686175371,True,True,False,True,True,True,True,True,False,True,True,True,True,True,230.99710599001264,231.84090975899016,2000,2000
20138,0.0499887019395828,0.0444536209106445,0.0245251833002585,0.2094101224045425,0.2509845782658999,0.2257056301602862,False,False,False,False,True,True,True,True,True,True,True,True,True,True,214.3740134619875,219.4406378309941,2000,2000
20139,0.0484656542539596,0.0464434623718261,0.0838672621727258,0.0313943349113867,0.3230832030777328,0.1771634863458135,False,False,False,False,False,True,True,True,True,True,True,True,True,True,205.59927214804335,211.2492445189855,2000,2000
20140,0.0188149139285087,0.0027401361148804,0.0034203560800493,0.0003426315958729,0.0083207839129695,0.1398607442069099,True,False,False,False,True,True,True,True,False,False,True,True,True,True,183.04554429196287,190.14387944800544,2000,2000
20141,0.0444426350295543,0.0458930507302284,0.0427053055049344,0.009265665353914,0.1728259401950858,0.197472345386549,False,False,False,False,True,True,True,True,False,True,True,True,True,True,202.72467967798,205.4733148419764,2000,2000
20142,0.043610081076622,0.0387419797480106,0.0032552267721176,0.0725413053983532,0.1989277325971006,0.1286355088396469,False,False,False,False,True,False,True,True,True,True,True,True,True,True,197.7431388469995,210.5111267120228,2000,2000
20143,0.0299692954868078,0.0409010984003543,0.0115208326766157,0.0027060951025875,0.0235416549400664,0.0613881292835287,True,True,True,True,True,True,True,True,True,True,True,True,True,True,213.5320877719787,214.928650034999,2000,2000
20144,0.0218037366867065,0.0518071539700031,0.1114624222121843,0.002929971419289,0.0959970385759456,0.1556801649019004,True,False,False,False,True,True,True,True,False,True,True,True,True,True,192.65980149101236,186.99834694201127,2000,2000
20145,0.0411846898496151,0.0381289310753345,0.0621585095192208,0.0353245416616525,0.2567010492568737,0.1590430231881097,False,False,False,False,False,True,True,True,True,True,True,True,True,True,228.1834997049882,231.0318297710037,2000,2000
20146,0.0404242351651191,0.0270332936197519,0.0019328459568987,0.0372373747609354,0.0454561718459469,0.1436479089421336,True,False,False,False,True,True,True,True,False,True,True,True,True,True,218.8578944680048,223.469925849,2000,2000
20147,0.0144007476046681,0.0295955017209053,0.0901664769305488,0.0014070698122605,0.063709950252532,0.0990468110831317,True,True,True,True,True,True,True,True,True,True,True,True,True,True,210.79038889496587,212.71124032797525,2000,2000
20148,0.0241353381425142,0.0234815552830696,0.007834904637984,0.8095531453598837,0.0737146933415839,0.0888394228200493,True,True,False,False,True,True,True,True,False,False,False,True,True,True,183.50937584304484,189.14398454199545,2000,2000
20149,0.04897366091609,0.0485935099422931,0.0305477168682629,0.0084443264054393,0.1794414453085107,0.0683514897791104,False,True,False,False,False,True,True,True,True,False,True,True,True,True,202.60777030797908,206.2150767869898,2000,2000
20150,0.0462330840528011,0.0434183292090892,0.1477973894354957,0.0214007076523906,0.2077227862735018,0.2158880885148466,False,False,False,False,True,True,True,True,True,True,True,True,True,True,179.44913837802596,209.0253388659912,2000,2000
20151,0.0486765727400779,0.0367908962070941,0.0671285521301333,0.0491241163158265,0.2098050754331417,0.2399110732004548,False,False,False,False,False,False,True,True,True,True,True,True,True,True,214.17678097600583,214.90890016197227,2000,2000
20152,0.0477626770734787,0.0221544038504362,0.0193941973581207,0.0778269976390295,0.2531857286354286,0.1756718561334667,False,False,False,False,True,True,True,True,True,True,True,True,True,True,187.5985631819931,184.91250493802363,2000,2000
20153,0.0470085889101028,0.0493862219154834,0.0549898396880943,0.8989865329744828,0.2155089406170471,-0.0497150363618956,False,True,False,True,True,False,True,True,True,True,True,True,True,True,231.4928355999873,233.18584544101031,2000,2000
20154,0.0489364899694919,0.0468218475580215,0.0094776015539295,0.0305997426234563,0.3431370200859867,0.2110188157115864,False,False,False,False,True,True,True,True,True,True,True,True,True,True,216.79304891603533,222.02599403297063,2000,2000
20155,0.0045545501634478,0.0044960398226976,0.000794499920118,0.0015795116638311,0.0935372614864658,0.0234294041034228,True,True,True,False,True,True,True,True,True,False,True,True,True,True,209.6061277579865,212.86425670201425,2000,2000
20156,0.0502419620752334,0.0217586010694503,0.0670393597093103,0.0083426875679576,0.4141048684030961,0.2071312521688959,False,False,False,False,True,True,True,True,True,True,True,True,True,True,184.75264552701265,186.84715167898685,2000,2000
20157,0.0470096506178379,0.0491565950214862,0.0332296649070371,0.0363661952633486,0.073806252809935,-0.0303003319574592,True,True,True,True,True,True,True,True,True,True,True,True,True,True,201.31591204198776,204.30958313698648,2000,2000
20158,0.0068513583391904,0.047034814953804,0.0015551782667861,0.0107838022488472,0.1008965926741325,0.1171558594694435,False,False,False,False,True,True,True,True,True,False,True,True,True,True,198.74734761496077,209.512990164978,2000,2000
20159,0.0490586943924427,0.0346230342984199,0.0016114051450429,0.0066600026433223,0.1174620455531556,0.0288209374556345,False,True,False,True,True,True,True,True,False,True,True,True,True,True,212.57254289800767,216.63060153200055,2000,2000
20160,0.0402400381863117,0.0458865314722061,0.0233294006294287,0.5577387278564454,0.1267324905361153,0.0756555336537196,False,True,False,True,True,False,True,True,True,True,True,True,True,True,203.93403847300212,198.71215129696063,2000,2000
20161,0.0037967860698699,0.0038014664314687,0.0022560928783184,0.0022772809552945,0.1027702977661517,0.0949955851014845,False,True,False,False,True,True,True,True,True,False,True,False,True,True,210.02968629199316,209.493871008046,2000,2000
20162,0.0046878810971975,0.010949614457786,0.0008277778110467,0.0091209778910405,0.0783685532265519,0.0820189458485645,True,True,False,False,True,True,True,True,False,False,True,True,True,True,204.61094953498105,200.17555358598477,2000,2000
20163,0.0504325926303863,0.0496341325342655,0.1703843277976453,0.0802798188316151,0.2346996106466221,0.3629848539498486,False,False,False,False,True,False,True,True,False,True,True,True,True,True,186.4275824310025,217.76426887803245,2000,2000
20164,0.0407839342951774,0.0138359079137444,0.0469178051615511,0.0020696189954986,0.0612930227211085,0.0960015909262725,True,True,True,False,True,True,True,True,True,False,True,True,True,True,200.07466457301047,205.4289537530276,2000,2000
20165,0.0354603976011276,0.0379084981977939,0.0164702371029906,0.0286082224632361,0.1926757168836221,0.2881505725610331,False,False,False,False,True,True,True,True,True,True,True,True,True,True,223.7326453319984,223.7988022330101,2000,2000
20166,0.0461824797093868,0.0493862815201282,0.0305263259356949,0.0252046534319088,0.1205348750211996,0.091727898799645,False,True,False,True,True,True,True,True,False,True,True,True,True,True,197.65724213799692,200.46710595901823,2000,2000
20167,0.0295827873051166,0.0269400794059038,0.0013459797557676,0.079305807030351,0.0721937518423434,0.0593649204738078,True,True,False,True,True,True,True,True,False,True,True,True,True,True,199.29818292398704,202.71416453103305,2000,2000
20168,0.0027489808853715,0.0444143116474151,0.000363209465598,0.1306186907579761,0.1411425067221383,0.0835056543197563,False,True,False,True,True,True,True,True,True,True,True,True,True,True,204.7052474290249,208.272354642977,2000,2000
20169,0.0480944290757179,0.0442400276660919,0.1134044947976839,0.0161347991713761,0.1486765603371296,0.1710298418648026,False,False,False,False,True,True,True,True,True,True,True,True,True,True,212.59858790499857,217.8825643180171,2000,2000
20170,0.0417679026722908,0.0372175090014934,0.0267040807949346,0.0069336744237022,0.069389443474372,0.0919789437082725,True,True,False,True,True,True,True,True,False,True,True,True,True,True,199.8421463840059,196.7814074220369,2000,2000
20171,0.0403070896863937,0.0798958092927932,0.0279178051417834,0.3538806554580023,0.4201768696596879,0.1973285208130679,False,False,False,False,True,True,True,True,True,True,True,True,True,False,205.30454720498528,217.80397932004416,2000,2000
20172,0.0304989982396364,0.0470236539840698,0.0145756248084102,0.0174014317642729,0.2038051997588219,0.1926868590794725,False,False,False,False,False,True,True,True,True,True,True,True,True,True,198.15341287001505,204.02569495298667,2000,2000
20173,0.0505307875573635,0.0503697842359542,0.3590379945901937,0.3026151424275205,0.1610033594918203,0.1984227586518141,False,False,False,False,True,True,True,True,True,True,True,True,True,True,214.3517741539981,223.67500426701736,2000,2000
20174,0.0480055287480354,0.0240022130310535,0.0185779922904876,0.0024411765460243,0.0680710722384114,0.0369220337266753,True,True,True,False,True,True,True,True,True,False,True,True,True,True,199.00734519399705,200.79302303300935,2000,2000
20175,0.0360180027782917,0.0461561158299446,0.0155087568551363,0.0495134939542203,0.0400822655928703,0.1921737345760448,True,False,True,False,True,True,True,True,True,True,True,True,True,True,198.0285734810168,201.5829327389947,2000,2000
20176,0.046211153268814,0.025683494284749,0.0258213604806537,0.0039736239121331,0.1249992132524475,0.0441504868082915,False,True,False,True,False,True,True,True,True,True,True,True,True,True,201.56087786704305,207.4085181489936,2000,2000
20177,0.0500953420996665,0.1628598272800445,0.0749648965592229,0.5515780015592325,0.3520713937435733,0.5242648671429482,False,False,False,False,True,True,True,True,True,True,True,True,True,False,200.31557313998928,210.876715669001,2000,2000
20178,0.0491777323186397,0.0409272909164428,0.0023296291584744,0.0251117149141189,0.1517650393322487,0.1440758551418479,False,False,False,False,True,True,True,True,True,True,True,True,True,True,203.3688192110276,199.2347632999881,2000,2000
20179,0.0408960580825805,0.0382172353565692,0.0396359342001466,0.0497292259874436,0.104642725510117,0.2499237840076835,False,False,False,False,True,False,True,True,True,True,True,True,True,True,205.87740728998324,216.4586690749857,2000,2000
20180,0.0489514134824276,0.0414745099842548,0.0286739529953478,0.1364191544055153,0.1659250992402583,0.0477983760920324,False,True,False,False,False,True,True,True,True,False,True,True,True,True,198.9941720989882,204.300150635012,2000,2000
20181,0.0371662490069866,0.0486649274826049,0.0363683474416342,0.0412622109330916,0.1676636220515437,0.4375042916028331,False,False,False,False,True,True,True,True,True,True,True,True,True,True,219.4976421209867,224.1512444050168,2000,2000
20182,0.0427796579897403,0.0437951534986496,0.0099853120085116,0.0247889456129596,0.3090574193053186,0.1147987098156644,False,False,False,False,False,True,True,True,True,True,True,True,True,True,198.532242152025,200.8838074450032,2000,2000
20183,0.0034192739985883,0.0039602904580533,0.0007847223696706,0.0012109664381171,0.1913946736496807,0.0192010449801944,False,True,False,False,False,True,True,True,False,False,True,True,True,True,200.12071871198717,203.19927275495135,2000,2000
20184,0.0439300611615181,0.0487266853451728,0.0346318585806993,0.0048020727131017,0.0683671042862457,0.0690751935739495,True,True,True,True,False,True,True,True,True,True,True,True,True,True,192.07285859499825,207.38885249302257,2000,2000
20185,0.046787042170763,0.0405145063996315,0.0516943711899304,0.0111208825641699,0.1964020409942541,0.0544042473136219,False,True,False,False,True,True,True,True,True,False,True,True,True,True,211.36618381401055,218.0611223660526,2000,2000
20186,0.046476773917675,0.0384124666452407,0.0016749980018728,0.0039408683110611,0.0794070326348848,0.0647529393788381,True,True,False,False,True,True,True,True,False,False,True,False,True,True,204.27514615800465,176.22016216395423,2000,2000
20187,0.0319629348814487,0.0492331348359584,0.0012831081549344,0.0468580905489489,0.0180814000805344,0.060737328461534,True,True,False,True,True,False,True,True,False,True,True,True,True,True,205.2227138919989,216.0586942859809,2000,2000
20188,0.0387143269181251,0.0220810323953628,0.011304130241102,0.0552145840357906,0.0716747244421789,0.0383367609981846,True,True,True,True,True,True,True,True,True,True,True,True,True,True,201.75418918998912,204.5144253899925,2000,2000
20189,0.0329876244068145,0.0152188213542103,0.0023839146180679,0.0014167328097871,0.1905819604124206,0.0851042548328475,False,True,False,True,False,True,True,True,True,True,True,True,True,True,224.29764068702931,218.56780573003925,2000,2000
20190,0.0504691787064075,0.0356931500136852,0.0032335951233721,0.0021705468224691,0.044869975490263,0.1262019735054593,True,False,False,False,True,True,True,True,False,True,True,True,True,True,199.3697631729883,200.735058995022,2000,2000
20191,0.0479776598513126,0.021001948043704,0.0036204903461525,0.0156997341769547,0.0329340226098073,0.1792094543834315,True,False,False,False,True,True,True,True,False,True,False,True,True,True,200.303679345001,201.9857241740101,2000,2000
20192,0.015837050974369,0.0152220865711569,0.0017864965771857,0.0019204979264737,0.0520092645987988,0.0519923578605174,True,True,False,False,True,True,True,True,False,False,True,True,True,True,209.43247183598575,206.612153708993,2000,2000
20193,0.0461775213479995,0.045225016772747,0.0599656524093053,0.0926449756476094,0.4426744286804549,0.4400084346649944,False,False,False,False,True,True,True,True,True,True,True,True,True,True,227.3626811139984,228.35143635602435,2000,2000
20194,0.0026378212496638,0.0155786490067839,0.0005259324306697,0.0600635380780816,0.0513001114038615,0.2052207547272004,True,False,False,False,False,True,True,True,False,True,True,True,True,True,201.10408883396303,183.0273918469902,2000,2000
20195,0.0280462801456451,0.0459940582513809,0.0055953887088374,0.0145568015483583,0.0713299298820251,0.0659813997356764,True,True,True,False,True,True,True,True,True,False,True,True,True,True,198.56277424201835,203.33188650698867,2000,2000
20196,0.0326108001172542,0.044938039034605,0.0261817090175073,0.2885240377378563,0.3238283179421604,0.116893388131011,False,False,False,False,True,True,True,True,True,True,True,True,True,True,225.7347692149924,229.85398216499016,2000,2000
20197,0.0341842360794544,0.0325316600501537,0.001559005789119,0.0015514539000791,0.0209599311259243,0.0209423199402163,True,True,True,True,True,True,True,True,True,True,True,True,True,True,194.33701047400243,197.8346484269714,2000,2000
20198,0.0433578789234161,0.0474610701203346,0.04398182887449,0.0118155841856207,0.2063319612889973,0.2111907099560834,False,False,False,False,True,True,True,True,True,True,True,True,True,True,188.870386036986,194.2892416520044,2000,2000
20199,0.0432289540767669,0.0336106233298778,0.0358213689482614,0.0024141073765268,0.1203707957083199,0.0672995834661893,False,True,False,False,False,True,True,True,True,False,True,True,True,True,218.54038715100612,218.76913787802917,2000,2000
20200,0.0495687425136566,0.0327525660395622,0.1164040109104518,0.041123768463778,0.1642158752703224,0.1534224668885446,False,False,False,False,False,True,True,True,True,True,True,True,True,True,207.8089256879757,208.9605070820544,2000,2000
20201,0.0495100989937782,0.0204030107706785,0.0031699529749716,0.0171847891203672,0.0034701700614743,0.1724721206877841,True,False,False,False,True,True,True,True,False,True,True,True,True,True,227.53474001999712,229.07523607002804,2000,2000
20202,0.0483353026211261,0.0326286666095256,0.0685742688440449,0.0264054208934715,0.1183133999994456,0.1199876676749465,False,False,False,False,False,True,True,True,True,True,True,True,True,True,199.18232897901908,199.53837588900933,2000,2000
20203,0.0384716503322124,0.0437382347881794,0.0045914397851768,0.05420613158836,0.1754851026937025,0.0666443194588994,False,True,False,True,True,True,True,True,True,True,True,True,True,True,199.2291358669754,202.80656480800823,2000,2000
20204,0.0448471829295158,0.0486916191875934,0.0289473685881143,0.2332307466118142,0.219046660528221,0.2428167518447015,False,False,False,False,True,True,True,True,True,True,True,True,True,True,222.51192183600503,228.46724958095,2000,2000
20205,0.0049333646893501,0.0339889079332351,0.0155924475655721,0.0030624212382605,0.0424271063659666,0.0088593996115911,True,True,False,False,True,True,True,True,False,False,True,True,True,True,194.7351885579992,198.9939027450164,2000,2000
20206,0.0469432808458805,0.0460255332291126,0.0072619297949669,0.0163962949602506,0.177536893185108,0.0465182457657036,False,True,False,False,True,True,True,True,True,False,True,True,True,True,191.6141658659908,193.7434470159933,2000,2000
20207,0.0466171614825725,0.0440738759934902,0.0062977686163867,0.0092104988560935,0.1947122607835396,0.1474917074713886,False,False,False,False,True,True,True,True,True,True,True,True,True,True,216.3835103780148,217.65648091497133,2000,2000
20208,0.0519017353653907,0.0391757115721702,0.2673266760781008,0.0758470257290773,0.1640166866425669,0.5539969012392323,False,False,False,False,False,True,True,True,True,True,True,True,True,True,209.70192799600773,212.4682845880161,2000,2000
20209,0.0339560359716415,0.013555321842432,0.0153209269832369,0.0111403734002807,0.2156334175867762,0.2029475536223177,False,False,False,False,False,True,True,True,False,True,True,True,True,True,226.88571981398852,228.74323783098956,2000,2000
20210,0.0388112142682075,0.0403419025242328,0.0283886997313953,0.0172511297970078,0.1048850398985816,0.0262374037826109,False,True,False,True,True,True,True,True,False,True,True,True,True,True,196.92025785101575,196.62340790999588,2000,2000
20211,0.0214784815907478,0.0329636819660663,0.0298316445907287,0.0417097740264895,0.2012932095119186,0.2631365447032951,False,False,False,False,False,True,True,True,True,True,True,True,True,True,192.7036926550209,201.24656097899424,2000,2000
20212,0.0363007150590419,0.0466502197086811,0.0295179029324351,0.0092624136968624,0.181671582285773,0.1345360230536822,False,False,False,False,True,True,True,True,True,True,True,True,True,True,225.5361154059647,230.22036595502868,2000,2000
20213,0.047930359840393,0.0275501646101474,0.0094814190614511,0.0087112625319416,0.2210842512690352,0.1865070158493491,False,False,False,False,True,True,True,True,True,True,True,True,True,True,192.52213022997603,195.4994404870085,2000,2000
20214,0.0327823050320148,0.0391152016818523,0.0017051776264072,0.0017138586418535,0.0206880144185674,0.0207366212911264,True,True,False,False,True,True,True,True,True,True,False,False,True,True,191.34356499800924,195.2737268169876,2000,2000
20215,0.0502555556595325,0.0362053290009498,0.0733697578887333,0.1267275273383831,0.1406583797144129,0.23151570212028,False,False,False,False,True,True,True,True,True,True,True,True,True,True,208.07792778598375,216.25645412300943,2000,2000
20216,0.0474538244307041,0.0492442063987255,0.048509898109214,0.059233971552394,0.0816096661706478,0.1720388862671811,True,False,True,False,True,True,True,True,True,True,True,True,True,True,207.38130440702665,213.6547945010243,2000,2000
20217,0.0319935008883476,0.0495377331972122,0.2480684905080631,0.1599325181067153,0.1924105135908398,0.229499888467787,False,False,False,False,False,False,True,True,True,True,True,True,True,True,222.70536708994769,224.33102395496095,2000,2000
20218,0.0385151430964469,0.04548841714859,0.0110254282532953,0.0573962806323931,0.2018139895228845,0.1142494820077981,False,False,False,False,True,True,True,True,True,True,True,True,True,True,201.7042601779685,198.3064741420094,2000,2000
20219,0.0437027812004089,0.0317763499915599,0.0187485404632192,0.0163151092873253,0.3399716768207437,0.2482956679227452,False,False,False,False,True,True,True,True,True,True,True,True,True,True,198.26700961898317,200.0661738840281,2000,2000
20220,0.0452726520597934,0.0310428813099861,0.0119949724553306,0.0161259678300604,0.0280470477834438,0.0230269859211977,True,True,True,True,True,True,True,True,True,True,True,True,True,True,225.72354116803035,228.8081636460265,2000,2000
20221,0.0493403449654579,0.0491995811462402,0.0635218611331886,0.073137483272001,0.3965781900585217,0.2728934344743923,False,False,False,False,False,False,True,True,True,True,True,True,True,True,193.3625153080211,193.68019382102648,2000,2000
20222,0.0265720561146736,0.0516836158931255,0.0019829050215548,0.007944476571054,0.1240079815664376,0.0390553047780333,False,True,False,False,False,True,True,True,True,False,True,True,True,True,191.76203556900143,195.71848123305244,2000,2000
20223,0.0492075495421886,0.0385768637061119,0.0209550634594988,0.0203976278645208,0.0581762511189278,0.0490969125744165,True,True,False,True,True,True,True,True,False,True,True,True,True,True,216.53956820699383,217.4543843899737,2000,2000
20224,0.0487749762833118,0.0436324998736381,0.0582491466842653,0.1085831342334766,0.2285558538811454,0.2063805341277067,False,False,False,False,True,False,True,True,False,True,True,True,True,True,213.0716747319675,224.11207664804533,2000,2000
20225,0.0487719178199768,0.0501490719616413,0.0033721948515273,0.0494034918753498,0.1012839876918292,0.3502694237177781,False,False,False,False,True,True,True,True,False,True,True,True,True,True,217.19006195198745,199.55154580902308,2000,2000
20226,0.0475958921015262,0.0474738590419292,0.281843884459173,0.078355806941164,0.2032150729308419,0.2900127796343987,False,False,False,False,True,True,True,True,True,True,True,True,True,True,237.4783164060209,240.22786113602345,2000,2000
20227,0.0422010347247123,0.0347770266234874,0.0551608489750478,0.5935696156376689,0.0934791656975786,0.1225953781856183,True,False,True,False,True,True,True,True,True,True,True,True,True,True,201.00317542400444,206.95065635599892,2000,2000
20228,0.0507563166320323,0.0501974746584892,0.1372521390865086,0.1438862618890883,0.2964056164144448,0.2907457293051081,False,False,False,False,True,True,True,True,True,True,True,True,True,True,190.6604047990404,197.7595609659911,2000,2000
20229,0.0484503060579299,0.0486194267868995,0.0732248680660109,0.0242394666645763,0.1133322190095089,0.0840553683210343,False,True,False,True,False,True,True,True,True,True,True,True,True,True,208.889268325991,206.9859966300428,2000,2000
20230,0.0487628467381,0.0492078587412834,0.0043983187614167,0.0648557822650193,0.0074984071799519,0.3633612974312052,True,False,False,False,True,False,True,True,False,True,True,True,True,True,194.8565319509944,200.18477045500185,2000,2000
20231,0.0498936474323272,0.0227711666375398,0.0125267394937196,0.0209252450703426,0.0968153863514773,0.0168793429064084,True,True,True,True,True,True,True,True,True,True,True,True,True,True,217.17395288299304,223.80690741399303,2000,2000
20232,0.0485191196203231,0.0440008752048015,0.0016626125330268,0.0114211591184277,0.0131525523255469,0.2751617240564705,True,False,False,False,True,True,True,True,False,True,True,True,True,True,224.4759319549776,226.05415174399968,2000,2000
20233,0.0316740460693836,0.0286339521408081,0.002708097539164,0.0136048420735855,0.0742046091075501,0.0463479101185448,True,True,True,True,True,True,True,True,True,True,True,True,True,True,222.9817623720155,219.15546334796815,2000,2000
20234,0.0471601150929927,0.0354220122098922,0.0114030984586902,0.0059742262749107,0.0775739466915936,0.0842066497374665,True,True,False,True,True,True,True,True,False,True,True,True,True,True,236.7339475199697,239.0967584970058,2000,2000
20235,0.0503437370061874,0.0488193482160568,0.0803139705994283,0.0607967828983605,0.3751379841035778,0.2067443351597884,False,False,False,False,True,True,True,True,True,True,True,True,True,True,201.94735140999543,206.54445946100168,2000,2000
20236,0.049251738935709,0.0454800315201282,0.0567716749689911,0.007787476747696,0.1726932222995767,0.1043943720789926,False,False,False,False,True,True,True,True,False,True,False,True,True,True,195.8764854420442,199.3384546580492,2000,2000
20237,0.0164496451616287,0.0268970970064401,0.0014639458506966,0.0003070619948223,0.0180017183371781,0.1900754281982237,True,False,False,False,True,True,True,True,False,True,False,True,True,True,207.40681561396923,207.38460112403845,2000,2000
20238,0.0497708655893802,0.0424857549369335,0.0039171728421053,0.0306000999989857,0.030575518926442,0.0323156322001345,True,True,False,True,False,False,True,True,False,True,True,True,True,True,194.1619183970033,194.0596561540151,2000,2000
20239,0.0412717089056968,0.0414376892149448,0.0018994805286405,0.0489110103883739,0.0413074649935474,0.1159829179236791,True,False,True,False,True,True,True,True,True,True,True,True,True,True,221.285200282,222.51145197096048,2000,2000
20240,0.0465486869215965,0.0514649301767349,0.0161457644046659,0.1092011078654915,0.2019314913539371,0.0129525660187859,False,True,False,True,True,False,True,True,True,True,False,True,True,True,223.5141636529588,225.49193765199743,2000,2000
20241,0.0466710403561592,0.0418611802160739,0.089226641464279,0.3021179655831135,0.239473571264531,0.1784672430956053,False,False,False,False,False,False,True,True,True,True,True,True,True,True,220.6175049059675,218.91500571701908,2000,2000
20242,0.0394876077771186,0.048704020678997,0.0238841059787951,0.0875077768326968,0.1712847240146491,0.3280190907951716,False,False,False,False,True,True,True,True,False,True,False,True,True,True,234.2190722869709,235.8526680539944,2000,2000
20243,0.043971762061119,0.0478407926857471,0.0417579657991438,0.0604344907191246,0.2591928764527189,0.0979017704250626,False,True,False,True,True,True,True,True,True,True,True,True,True,True,202.3929074490443,204.35537833801936,2000,2000
20244,0.0141450464725494,0.0264145620167255,0.0019623649257508,0.0039453096629256,0.085170525470021,0.0888733257860057,True,True,False,True,True,True,True,True,False,True,True,True,True,True,194.57034625997767,199.06860529800176,2000,2000
20245,0.0446639880537986,0.0506936162710189,0.2415229386792786,0.088581692835479,0.224451250484476,0.326835327181131,False,False,False,False,True,True,True,True,True,True,True,True,True,True,201.4306880419608,202.7261237749481,2000,2000
20246,0.0489986687898635,0.0200427360832691,0.0111898039794511,0.0088480836902421,0.0821280159123301,0.1009892697751029,True,False,False,False,True,True,True,True,False,True,True,True,True,True,195.19690192997223,199.50348618999124,2000,2000
20247,0.0477588437497615,0.1994694620370865,0.0657218505476367,0.2753873465303687,0.2464927714857516,0.2185573621350709,False,False,False,False,True,True,True,True,True,True,True,True,True,False,213.77246341004505,218.54800957802215,2000,2000
20248,0.0480169095098972,0.0427766852080822,0.0691030132007413,0.0361354127843596,0.1951606400138601,0.1437848650769488,False,False,False,False,True,True,True,True,True,True,True,True,True,True,221.89075120602504,227.50726350396872,2000,2000
20249,0.047256663441658,0.0408431440591812,0.0497422183961808,0.0992180622748884,0.3043029365098846,0.426855947234781,False,False,False,False,True,True,True,True,True,True,True,True,True,True,224.773393312993,216.9584416510188,2000,2000
20250,0.04782535135746,0.049387902021408,0.0297233427091185,0.1830364562627143,0.2919913980677382,0.2031794629689205,False,False,False,False,True,False,True,True,True,True,True,True,True,True,236.5397217450081,235.30373664101356,2000,2000
20251,0.0075311381369829,0.0419618487358093,0.0016283663391956,0.0037829712147,0.122727109553562,0.3269027184404622,False,False,False,False,True,True,True,True,False,True,True,True,True,True,203.7022408140474,207.47067120304564,2000,2000
20252,0.0307438224554061,0.0571932233870029,0.0066743066872327,1.125124931420517,0.078737383187744,0.0697486662879391,True,True,False,False,False,True,True,True,False,False,True,True,True,True,194.33442193001972,198.71586240502077,2000,2000
20253,0.0485193766653537,0.011423235759139,0.0153894224981087,0.0077466220338492,0.0888175824003223,0.0354620437656176,True,True,True,True,True,True,True,True,True,True,True,True,True,True,207.03057536599223,192.6103174349992,2000,2000
20254,0.0041807289235293,0.0141957886517047,0.0013998157233767,0.0019566935242137,0.1016757287170904,0.0597320072091012,False,True,False,False,True,True,True,True,False,False,False,True,True,True,193.3429280089913,199.90464512701143,2000,2000
20255,0.0502249188721179,0.0465020649135112,0.3478588110027154,0.0169502279528269,0.1106084124891406,-0.0103733645832413,False,True,False,True,False,False,True,True,True,True,True,True,True,True,219.10279093903955,222.09752339601985,2000,2000
