method,seed,path,n_atoms,volume,minimum_distance_angstrom,chgnet_energy_per_atom_ev,chgnet_max_force_ev_ang,accepted_steps,fallback_count,backtracking_count
baseline,20000,/data/dxl/results/rp_qtfg/phase0/offline_probe/structures/baseline/20000.extxyz,8,188.93106729494525,2.493478825720934,-8.710586547851562,0.26752379793529046,0,0,0
baseline,20001,/data/dxl/results/rp_qtfg/phase0/offline_probe/structures/baseline/20001.extxyz,12,328.2728840419052,2.371011476099727,-8.965983390808105,0.32589315525699086,0,0,0
baseline,20002,/data/dxl/results/rp_qtfg/phase0/offline_probe/structures/baseline/20002.extxyz,4,118.43141281718864,3.2606462128987785,-6.004004001617432,0.03716210468413494,0,0,0
baseline,20003,/data/dxl/results/rp_qtfg/phase0/offline_probe/structures/baseline/20003.extxyz,9,117.67316483550748,2.3539546657418926,-6.465799331665039,0.3601899570068621,0,0,0
baseline,20004,/data/dxl/results/rp_qtfg/phase0/offline_probe/structures/baseline/20004.extxyz,4,50.240353733840585,2.342150579536477,-7.15811824798584,0.2115540610118506,0,0,0
baseline,20005,/data/dxl/results/rp_qtfg/phase0/offline_probe/structures/baseline/20005.extxyz,9,198.8443526786746,2.747919465844824,-6.879772186279297,0.09414462023918374,0,0,0
baseline,20006,/data/dxl/results/rp_qtfg/phase0/offline_probe/structures/baseline/20006.extxyz,14,149.8854365234124,2.13696396628346,-7.828362464904785,0.10366507843268846,0,0,0
baseline,20007,/data/dxl/results/rp_qtfg/phase0/offline_probe/structures/baseline/20007.extxyz,12,171.7652984869858,2.173524623041919,-8.788543701171875,0.402014234230431,0,0,0
baseline,20008,/data/dxl/results/rp_qtfg/phase0/offline_probe/structures/baseline/20008.extxyz,4,132.76815677727487,3.094320416183657,-6.672791004180908,0.15108100032497324,0,0,0
baseline,20009,/data/dxl/results/rp_qtfg/phase0/offline_probe/structures/baseline/20009.extxyz,4,147.72211866516574,3.363039609591131,-8.49551773071289,0.1743029327619093,0,0,0
baseline,20010,/data/dxl/results/rp_qtfg/phase0/offline_probe/structures/baseline/20010.extxyz,10,131.16645009830756,1.3213170728002213,-7.372988700866699,0.9651566560895306,0,0,0
baseline,20011,/data/dxl/results/rp_qtfg/phase0/offline_probe/structures/baseline/20011.extxyz,5,133.06900736428835,2.5515139799715896,-8.624490737915039,0.009817758247065603,0,0,0
baseline,20012,/data/dxl/results/rp_qtfg/phase0/offline_probe/structures/baseline/20012.extxyz,8,257.833685518408,2.889450439283141,-7.883596897125244,0.16570402686636987,0,0,0
baseline,20013,/data/dxl/results/rp_qtfg/phase0/offline_probe/structures/baseline/20013.extxyz,4,58.1445750770552,2.661096962961221,-8.160247802734375,0.007084034128725155,0,0,0
baseline,20014,/data/dxl/results/rp_qtfg/phase0/offline_probe/structures/baseline/20014.extxyz,18,225.26275179675693,1.8841873097576254,-7.44553279876709,0.2604809652012269,0,0,0
baseline,20015,/data/dxl/results/rp_qtfg/phase0/offline_probe/structures/baseline/20015.extxyz,20,261.04065038639925,2.1038328137616684,-9.387959480285645,0.7500509260743615,0,0,0
baseline,20016,/data/dxl/results/rp_qtfg/phase0/offline_probe/structures/baseline/20016.extxyz,8,82.1612092564704,2.319244759135515,-7.413801670074463,0.2613773143567207,0,0,0
baseline,20017,/data/dxl/results/rp_qtfg/phase0/offline_probe/structures/baseline/20017.extxyz,18,238.12185034056068,1.865294127618859,-7.43381404876709,0.287884065940447,0,0,0
baseline,20018,/data/dxl/results/rp_qtfg/phase0/offline_probe/structures/baseline/20018.extxyz,16,171.48749445254074,1.9930089418900216,-8.135124206542969,0.5346329829024424,0,0,0
baseline,20019,/data/dxl/results/rp_qtfg/phase0/offline_probe/structures/baseline/20019.extxyz,12,136.37057168500684,2.4180064580359133,-7.485598564147949,0.2288068660876021,0,0,0
baseline,20020,/data/dxl/results/rp_qtfg/phase0/offline_probe/structures/baseline/20020.extxyz,16,286.92009175390115,2.507883289263376,-6.629461288452148,0.3572530365022621,0,0,0
baseline,20021,/data/dxl/results/rp_qtfg/phase0/offline_probe/structures/baseline/20021.extxyz,10,106.96216008749546,1.8844891911639317,-8.518268585205078,0.10592524131224244,0,0,0
baseline,20022,/data/dxl/results/rp_qtfg/phase0/offline_probe/structures/baseline/20022.extxyz,8,332.04912830774845,3.846437166072661,-8.833799362182617,0.044829741884102325,0,0,0
baseline,20023,/data/dxl/results/rp_qtfg/phase0/offline_probe/structures/baseline/20023.extxyz,15,205.20272803073664,1.6646663418965204,-8.29165267944336,0.7156283442158233,0,0,0
baseline,20024,/data/dxl/results/rp_qtfg/phase0/offline_probe/structures/baseline/20024.extxyz,4,52.13841223081877,2.5698559646772066,-7.192534446716309,0.20944195346293795,0,0,0
baseline,20025,/data/dxl/results/rp_qtfg/phase0/offline_probe/structures/baseline/20025.extxyz,20,202.12274207332754,1.9916584465758862,-7.929100513458252,0.6172089467925419,0,0,0
baseline,20026,/data/dxl/results/rp_qtfg/phase0/offline_probe/structures/baseline/20026.extxyz,14,179.84816637994174,1.6294023253370504,-7.2263102531433105,1.1303559692497887,0,0,0
baseline,20027,/data/dxl/results/rp_qtfg/phase0/offline_probe/structures/baseline/20027.extxyz,9,254.47018054147634,2.9906535887667633,-6.314568996429443,0.060520617317287424,0,0,0
baseline,20028,/data/dxl/results/rp_qtfg/phase0/offline_probe/structures/baseline/20028.extxyz,20,246.24488026528934,1.8314170542869952,-9.576762199401855,0.48456616800954444,0,0,0
baseline,20029,/data/dxl/results/rp_qtfg/phase0/offline_probe/structures/baseline/20029.extxyz,5,161.40139293894228,2.7163746622102725,-9.058762550354004,0.037943984684918754,0,0,0
baseline,20030,/data/dxl/results/rp_qtfg/phase0/offline_probe/structures/baseline/20030.extxyz,12,147.89579036656687,2.442531736603225,-6.601753234863281,0.217463843092734,0,0,0
baseline,20031,/data/dxl/results/rp_qtfg/phase0/offline_probe/structures/baseline/20031.extxyz,5,142.97115528345984,2.404207063508211,-7.898810386657715,0.2884966105656102,0,0,0
baseline,20032,/data/dxl/results/rp_qtfg/phase0/offline_probe/structures/baseline/20032.extxyz,9,184.16307714430738,2.5055542889414606,-7.970449447631836,0.46060445189392624,0,0,0
baseline,20033,/data/dxl/results/rp_qtfg/phase0/offline_probe/structures/baseline/20033.extxyz,7,286.4671014455628,3.2932647298323103,-6.992893218994141,0.005367096851870427,0,0,0
baseline,20034,/data/dxl/results/rp_qtfg/phase0/offline_probe/structures/baseline/20034.extxyz,12,180.8041758532416,2.4633739447949567,-7.545897483825684,0.17928496306574962,0,0,0
baseline,20035,/data/dxl/results/rp_qtfg/phase0/offline_probe/structures/baseline/20035.extxyz,9,123.17480299794826,2.5812675955331223,-6.949779987335205,0.2321284374147969,0,0,0
baseline,20036,/data/dxl/results/rp_qtfg/phase0/offline_probe/structures/baseline/20036.extxyz,4,60.33089657607327,2.466702948402198,-12.86407470703125,0.008953867067489794,0,0,0
baseline,20037,/data/dxl/results/rp_qtfg/phase0/offline_probe/structures/baseline/20037.extxyz,12,186.79316697960553,2.4165540607615448,-7.584244728088379,0.0693762704214623,0,0,0
baseline,20038,/data/dxl/results/rp_qtfg/phase0/offline_probe/structures/baseline/20038.extxyz,18,232.98756827311166,1.9378185807403974,-7.381859302520752,0.23114050821641885,0,0,0
baseline,20039,/data/dxl/results/rp_qtfg/phase0/offline_probe/structures/baseline/20039.extxyz,16,152.7427001964983,0.9724983666375782,-6.629873752593994,0.7300571784956689,0,0,0
baseline,20040,/data/dxl/results/rp_qtfg/phase0/offline_probe/structures/baseline/20040.extxyz,4,114.49519829691127,3.3330603967185164,-5.927597522735596,0.0025059378991293254,0,0,0
baseline,20041,/data/dxl/results/rp_qtfg/phase0/offline_probe/structures/baseline/20041.extxyz,6,67.27764342442387,2.4533894118408988,-7.051737308502197,0.06355197687935611,0,0,0
baseline,20042,/data/dxl/results/rp_qtfg/phase0/offline_probe/structures/baseline/20042.extxyz,9,262.29848291740564,3.0767251740612216,-9.013957977294922,0.06135456187635241,0,0,0
baseline,20043,/data/dxl/results/rp_qtfg/phase0/offline_probe/structures/baseline/20043.extxyz,6,113.02367515657481,2.827514015328335,-8.3191556930542,0.1796328333771812,0,0,0
baseline,20044,/data/dxl/results/rp_qtfg/phase0/offline_probe/structures/baseline/20044.extxyz,4,44.37272913994606,2.466183448270133,-5.990960597991943,0.06218343700162956,0,0,0
baseline,20045,/data/dxl/results/rp_qtfg/phase0/offline_probe/structures/baseline/20045.extxyz,12,153.18012657857523,2.335649605578955,-7.174835205078125,0.3504803424182717,0,0,0
baseline,20046,/data/dxl/results/rp_qtfg/phase0/offline_probe/structures/baseline/20046.extxyz,10,144.41936883379006,2.0505222963779053,-9.609681129455566,0.18177207223832248,0,0,0
baseline,20047,/data/dxl/results/rp_qtfg/phase0/offline_probe/structures/baseline/20047.extxyz,4,142.7104440067786,3.5144044968952146,-6.701991558074951,0.012620412358072205,0,0,0
baseline,20048,/data/dxl/results/rp_qtfg/phase0/offline_probe/structures/baseline/20048.extxyz,10,144.74377204499692,1.935490169206666,-9.052530288696289,0.39540295497601996,0,0,0
baseline,20049,/data/dxl/results/rp_qtfg/phase0/offline_probe/structures/baseline/20049.extxyz,12,151.44120875407714,2.0396788602827276,-7.6880106925964355,0.021880934606147023,0,0,0
baseline,20050,/data/dxl/results/rp_qtfg/phase0/offline_probe/structures/baseline/20050.extxyz,10,129.82346497596907,1.9261023356660998,-7.940832138061523,0.3582374804287061,0,0,0
baseline,20051,/data/dxl/results/rp_qtfg/phase0/offline_probe/structures/baseline/20051.extxyz,7,159.65217016650917,2.2760086913665023,-8.753477096557617,0.15390533146790228,0,0,0
baseline,20052,/data/dxl/results/rp_qtfg/phase0/offline_probe/structures/baseline/20052.extxyz,14,145.77852594741128,1.9057215304970287,-6.553918361663818,0.2780379472083997,0,0,0
baseline,20053,/data/dxl/results/rp_qtfg/phase0/offline_probe/structures/baseline/20053.extxyz,4,125.27662390316473,3.4370188123750505,-6.929214000701904,0.004002429590734599,0,0,0
baseline,20054,/data/dxl/results/rp_qtfg/phase0/offline_probe/structures/baseline/20054.extxyz,6,110.67583180734225,2.678903760102195,-7.381281852722168,0.04164851305972635,0,0,0
baseline,20055,/data/dxl/results/rp_qtfg/phase0/offline_probe/structures/baseline/20055.extxyz,12,137.89160228608742,2.432413609418228,-8.550387382507324,0.16861581687806126,0,0,0
baseline,20056,/data/dxl/results/rp_qtfg/phase0/offline_probe/structures/baseline/20056.extxyz,4,63.94251284198911,2.191053226349217,-10.716299057006836,0.051328368978174214,0,0,0
baseline,20057,/data/dxl/results/rp_qtfg/phase0/offline_probe/structures/baseline/20057.extxyz,8,92.08744780141822,2.4439782789963704,-7.711635112762451,0.13718484401197376,0,0,0
baseline,20058,/data/dxl/results/rp_qtfg/phase0/offline_probe/structures/baseline/20058.extxyz,3,39.08451259073366,2.3303318580934804,-9.842395782470703,0.005349234913368815,0,0,0
baseline,20059,/data/dxl/results/rp_qtfg/phase0/offline_probe/structures/baseline/20059.extxyz,10,154.94014546769506,2.09879678465457,-10.342486381530762,0.13368276529443374,0,0,0
baseline,20060,/data/dxl/results/rp_qtfg/phase0/offline_probe/structures/baseline/20060.extxyz,8,140.8800607129959,1.8994487617927576,-7.659646034240723,0.3217546434445427,0,0,0
baseline,20061,/data/dxl/results/rp_qtfg/phase0/offline_probe/structures/baseline/20061.extxyz,10,127.47265441825735,1.6326087531350482,-7.707394599914551,0.5760124323717329,0,0,0
baseline,20062,/data/dxl/results/rp_qtfg/phase0/offline_probe/structures/baseline/20062.extxyz,10,125.95463197465645,2.0729007066084346,-7.663308620452881,0.048407422309584225,0,0,0
baseline,20063,/data/dxl/results/rp_qtfg/phase0/offline_probe/structures/baseline/20063.extxyz,8,186.82029157042214,2.753262815778138,-4.513543605804443,0.023174105658096623,0,0,0
pos_1,20000,/data/dxl/results/rp_qtfg/phase0/offline_probe/structures/pos_1/20000.extxyz,8,188.93106729494525,2.492173589160297,-8.710855484008789,0.25826481403004076,1,0,0
pos_1,20001,/data/dxl/results/rp_qtfg/phase0/offline_probe/structures/pos_1/20001.extxyz,12,328.2728840419052,2.367054865944181,-8.966410636901855,0.30193916402235726,1,0,0
pos_1,20002,/data/dxl/results/rp_qtfg/phase0/offline_probe/structures/pos_1/20002.extxyz,4,118.43141281718864,3.2608565122447684,-6.0040106773376465,0.03619658284523203,1,0,0
pos_1,20003,/data/dxl/results/rp_qtfg/phase0/offline_probe/structures/pos_1/20003.extxyz,9,117.67316483550748,2.3572194622158387,-6.466129302978516,0.317717976069803,1,0,0
pos_1,20004,/data/dxl/results/rp_qtfg/phase0/offline_probe/structures/pos_1/20004.extxyz,4,50.240353733840585,2.344026761051553,-7.158281326293945,0.19260188926980312,1,0,0
pos_1,20005,/data/dxl/results/rp_qtfg/phase0/offline_probe/structures/pos_1/20005.extxyz,9,198.8443526786746,2.7473575092691163,-6.8798041343688965,0.09164893830545537,1,0,0
pos_1,20006,/data/dxl/results/rp_qtfg/phase0/offline_probe/structures/pos_1/20006.extxyz,14,149.8854365234124,2.1367002102370685,-7.828383445739746,0.09875330636831695,1,0,0
pos_1,20007,/data/dxl/results/rp_qtfg/phase0/offline_probe/structures/pos_1/20007.extxyz,12,171.7652984869858,2.178219812798033,-8.788973808288574,0.349710418694454,1,0,0
pos_1,20008,/data/dxl/results/rp_qtfg/phase0/offline_probe/structures/pos_1/20008.extxyz,4,132.76815677727487,3.095234661692327,-6.6728997230529785,0.14559907542953918,1,0,0
pos_1,20009,/data/dxl/results/rp_qtfg/phase0/offline_probe/structures/pos_1/20009.extxyz,4,147.72211866516574,3.361693713454733,-8.495667457580566,0.17228193905282796,1,0,0
pos_1,20010,/data/dxl/results/rp_qtfg/phase0/offline_probe/structures/pos_1/20010.extxyz,10,131.16645009830756,1.3404455255112484,-7.375024795532227,0.47555627920717936,1,0,0
pos_1,20011,/data/dxl/results/rp_qtfg/phase0/offline_probe/structures/pos_1/20011.extxyz,5,133.06900736428835,2.5515800733053307,-8.624491691589355,0.00935527784672711,1,0,0
pos_1,20012,/data/dxl/results/rp_qtfg/phase0/offline_probe/structures/pos_1/20012.extxyz,8,257.833685518408,2.8875423383322825,-7.883738040924072,0.16037565076765734,1,0,0
pos_1,20013,/data/dxl/results/rp_qtfg/phase0/offline_probe/structures/pos_1/20013.extxyz,4,58.1445750770552,2.6611465816037083,-8.160247802734375,0.006500174320828577,1,0,0
pos_1,20014,/data/dxl/results/rp_qtfg/phase0/offline_probe/structures/pos_1/20014.extxyz,18,225.26275179675693,1.88019868046768,-7.445672035217285,0.24966453400076571,1,0,0
pos_1,20015,/data/dxl/results/rp_qtfg/phase0/offline_probe/structures/pos_1/20015.extxyz,20,261.04065038639925,2.1115357874394878,-9.390765190124512,0.6635624143744965,1,0,0
pos_1,20016,/data/dxl/results/rp_qtfg/phase0/offline_probe/structures/pos_1/20016.extxyz,8,82.1612092564704,2.3167103626480214,-7.41411828994751,0.2513633810600318,1,0,0
pos_1,20017,/data/dxl/results/rp_qtfg/phase0/offline_probe/structures/pos_1/20017.extxyz,18,238.12185034056068,1.8672988739373084,-7.434216022491455,0.24693497636869435,1,0,0
pos_1,20018,/data/dxl/results/rp_qtfg/phase0/offline_probe/structures/pos_1/20018.extxyz,16,171.48749445254074,1.987379264786437,-8.135480880737305,0.47509142041230473,1,0,0
pos_1,20019,/data/dxl/results/rp_qtfg/phase0/offline_probe/structures/pos_1/20019.extxyz,12,136.37057168500684,2.4185578987624163,-7.485789775848389,0.21900405966344863,1,0,0
pos_1,20020,/data/dxl/results/rp_qtfg/phase0/offline_probe/structures/pos_1/20020.extxyz,16,286.92009175390115,2.5063784552984063,-6.629919052124023,0.333972520278393,1,0,0
pos_1,20021,/data/dxl/results/rp_qtfg/phase0/offline_probe/structures/pos_1/20021.extxyz,10,106.96216008749546,1.885259407164048,-8.518303871154785,0.10424101490708076,1,0,0
pos_1,20022,/data/dxl/results/rp_qtfg/phase0/offline_probe/structures/pos_1/20022.extxyz,8,332.04912830774845,3.845888772204071,-8.833809852600098,0.043869534266737474,1,0,0
pos_1,20023,/data/dxl/results/rp_qtfg/phase0/offline_probe/structures/pos_1/20023.extxyz,15,205.20272803073664,1.6757911375329413,-8.292511940002441,0.31730344422265744,1,0,0
pos_1,20024,/data/dxl/results/rp_qtfg/phase0/offline_probe/structures/pos_1/20024.extxyz,4,52.13841223081877,2.5699329022869715,-7.192689418792725,0.20323291922708794,1,0,0
pos_1,20025,/data/dxl/results/rp_qtfg/phase0/offline_probe/structures/pos_1/20025.extxyz,20,202.12274207332754,1.9918484458963603,-7.930244445800781,0.5024448214550785,1,0,0
pos_1,20026,/data/dxl/results/rp_qtfg/phase0/offline_probe/structures/pos_1/20026.extxyz,14,179.84816637994174,1.6227945221084368,-7.229213714599609,0.7658414042753436,1,0,0
pos_1,20027,/data/dxl/results/rp_qtfg/phase0/offline_probe/structures/pos_1/20027.extxyz,9,254.47018054147634,2.991132202083716,-6.31458044052124,0.05806090194309388,1,0,0
pos_1,20028,/data/dxl/results/rp_qtfg/phase0/offline_probe/structures/pos_1/20028.extxyz,20,246.24488026528934,1.836327543287961,-9.577117919921875,0.37385387029511635,1,0,0
pos_1,20029,/data/dxl/results/rp_qtfg/phase0/offline_probe/structures/pos_1/20029.extxyz,5,161.40139293894228,2.7168792815880813,-9.058767318725586,0.03527771502062863,1,0,0
pos_1,20030,/data/dxl/results/rp_qtfg/phase0/offline_probe/structures/pos_1/20030.extxyz,12,147.89579036656687,2.443124237037876,-6.601985931396484,0.20746672095138688,1,0,0
pos_1,20031,/data/dxl/results/rp_qtfg/phase0/offline_probe/structures/pos_1/20031.extxyz,5,142.97115528345984,2.4059532659866982,-7.899114608764648,0.27944684617561666,1,0,0
pos_1,20032,/data/dxl/results/rp_qtfg/phase0/offline_probe/structures/pos_1/20032.extxyz,9,184.16307714430738,2.5064498508286825,-7.971031665802002,0.44221830014855146,1,0,0
pos_1,20033,/data/dxl/results/rp_qtfg/phase0/offline_probe/structures/pos_1/20033.extxyz,7,286.4671014455628,3.2933075722334104,-6.992893218994141,0.005206750243199132,1,0,0
pos_1,20034,/data/dxl/results/rp_qtfg/phase0/offline_probe/structures/pos_1/20034.extxyz,12,180.8041758532416,2.461732672344935,-7.546019554138184,0.17045281024573383,1,0,0
pos_1,20035,/data/dxl/results/rp_qtfg/phase0/offline_probe/structures/pos_1/20035.extxyz,9,123.17480299794826,2.5779667742725723,-6.9500412940979,0.22167680541170043,1,0,0
pos_1,20036,/data/dxl/results/rp_qtfg/phase0/offline_probe/structures/pos_1/20036.extxyz,4,60.33089657607327,2.466745926405947,-12.864075660705566,0.00836713380724379,1,0,0
pos_1,20037,/data/dxl/results/rp_qtfg/phase0/offline_probe/structures/pos_1/20037.extxyz,12,186.79316697960553,2.4172032548836313,-7.584259510040283,0.06707873818369671,1,0,0
pos_1,20038,/data/dxl/results/rp_qtfg/phase0/offline_probe/structures/pos_1/20038.extxyz,18,232.98756827311166,1.9402595094927104,-7.3819475173950195,0.2055575203270909,1,0,0
pos_1,20039,/data/dxl/results/rp_qtfg/phase0/offline_probe/structures/pos_1/20039.extxyz,16,152.7427001964983,0.9807111067300964,-6.630808353424072,0.40538185456622916,1,0,0
pos_1,20040,/data/dxl/results/rp_qtfg/phase0/offline_probe/structures/pos_1/20040.extxyz,4,114.49519829691127,3.3330883367290207,-5.927597522735596,0.002424319527078734,1,0,0
pos_1,20041,/data/dxl/results/rp_qtfg/phase0/offline_probe/structures/pos_1/20041.extxyz,6,67.27764342442387,2.4542159266705537,-7.051750659942627,0.06067553000408432,1,0,0
pos_1,20042,/data/dxl/results/rp_qtfg/phase0/offline_probe/structures/pos_1/20042.extxyz,9,262.29848291740564,3.0771489671558467,-9.0139741897583,0.0578979419103809,1,0,0
pos_1,20043,/data/dxl/results/rp_qtfg/phase0/offline_probe/structures/pos_1/20043.extxyz,6,113.02367515657481,2.8260201354476617,-8.31933307647705,0.1739125404859305,1,0,0
pos_1,20044,/data/dxl/results/rp_qtfg/phase0/offline_probe/structures/pos_1/20044.extxyz,4,44.37272913994606,2.4666107718828516,-5.990979194641113,0.05906484874918114,1,0,0
pos_1,20045,/data/dxl/results/rp_qtfg/phase0/offline_probe/structures/pos_1/20045.extxyz,12,153.18012657857523,2.3335576093746413,-7.175132751464844,0.3463753497713218,1,0,0
pos_1,20046,/data/dxl/results/rp_qtfg/phase0/offline_probe/structures/pos_1/20046.extxyz,10,144.41936883379006,2.0491552551385013,-9.609845161437988,0.16248671600191106,1,0,0
pos_1,20047,/data/dxl/results/rp_qtfg/phase0/offline_probe/structures/pos_1/20047.extxyz,4,142.7104440067786,3.5144689284984016,-6.701992034912109,0.012319886520938642,1,0,0
pos_1,20048,/data/dxl/results/rp_qtfg/phase0/offline_probe/structures/pos_1/20048.extxyz,10,144.74377204499692,1.9290919736127983,-9.052906036376953,0.31962812648432853,1,0,0
pos_1,20049,/data/dxl/results/rp_qtfg/phase0/offline_probe/structures/pos_1/20049.extxyz,12,151.44120875407714,2.0399176463370856,-7.688013076782227,0.02009558242010168,1,0,0
pos_1,20050,/data/dxl/results/rp_qtfg/phase0/offline_probe/structures/pos_1/20050.extxyz,10,129.82346497596907,1.9251427683406364,-7.9413743019104,0.25520584678821834,1,0,0
pos_1,20051,/data/dxl/results/rp_qtfg/phase0/offline_probe/structures/pos_1/20051.extxyz,7,159.65217016650917,2.2789807056006053,-8.753576278686523,0.13705343446484408,1,0,0
pos_1,20052,/data/dxl/results/rp_qtfg/phase0/offline_probe/structures/pos_1/20052.extxyz,14,145.77852594741128,1.9064192632597807,-6.554077625274658,0.2626619249818237,1,0,0
pos_1,20053,/data/dxl/results/rp_qtfg/phase0/offline_probe/structures/pos_1/20053.extxyz,4,125.27662390316473,3.4370684443134873,-6.929214000701904,0.00394883742099987,1,0,0
pos_1,20054,/data/dxl/results/rp_qtfg/phase0/offline_probe/structures/pos_1/20054.extxyz,6,110.67583180734225,2.679145378115001,-7.381289958953857,0.040080488208746795,1,0,0
pos_1,20055,/data/dxl/results/rp_qtfg/phase0/offline_probe/structures/pos_1/20055.extxyz,12,137.89160228608742,2.434927331056934,-8.55050277709961,0.16643487882943805,1,0,0
pos_1,20056,/data/dxl/results/rp_qtfg/phase0/offline_probe/structures/pos_1/20056.extxyz,4,63.94251284198911,2.1913337359058014,-10.71631145477295,0.043405895476826155,1,0,0
pos_1,20057,/data/dxl/results/rp_qtfg/phase0/offline_probe/structures/pos_1/20057.extxyz,8,92.08744780141822,2.4453733281179635,-7.711686134338379,0.13149845135897353,1,0,0
pos_1,20058,/data/dxl/results/rp_qtfg/phase0/offline_probe/structures/pos_1/20058.extxyz,3,39.08451259073366,2.3303318580934804,-9.84239673614502,0.005348409517833084,0,1,0
pos_1,20059,/data/dxl/results/rp_qtfg/phase0/offline_probe/structures/pos_1/20059.extxyz,10,154.94014546769506,2.0999899461431686,-10.342568397521973,0.11702302335256728,1,0,0
pos_1,20060,/data/dxl/results/rp_qtfg/phase0/offline_probe/structures/pos_1/20060.extxyz,8,140.8800607129959,1.902244565980368,-7.659881591796875,0.3229423291524771,1,0,0
pos_1,20061,/data/dxl/results/rp_qtfg/phase0/offline_probe/structures/pos_1/20061.extxyz,10,127.47265441825735,1.6255004918854858,-7.708098888397217,0.4339108555977115,1,0,0
pos_1,20062,/data/dxl/results/rp_qtfg/phase0/offline_probe/structures/pos_1/20062.extxyz,10,125.95463197465645,2.0728458000558776,-7.663321495056152,0.045107151609556334,1,0,0
pos_1,20063,/data/dxl/results/rp_qtfg/phase0/offline_probe/structures/pos_1/20063.extxyz,8,186.82029157042214,2.7536726318642453,-4.513546466827393,0.022531265630232007,1,0,0
pos_3,20000,/data/dxl/results/rp_qtfg/phase0/offline_probe/structures/pos_3/20000.extxyz,8,188.93106729494525,2.4897528122624264,-8.711326599121094,0.24003072709590803,3,0,0
pos_3,20001,/data/dxl/results/rp_qtfg/phase0/offline_probe/structures/pos_3/20001.extxyz,12,328.2728840419052,2.3599974705067104,-8.967092514038086,0.27094172824721624,3,0,0
pos_3,20002,/data/dxl/results/rp_qtfg/phase0/offline_probe/structures/pos_3/20002.extxyz,4,118.43141281718864,3.2612610091639818,-6.004022598266602,0.034334187453552566,3,0,0
pos_3,20003,/data/dxl/results/rp_qtfg/phase0/offline_probe/structures/pos_3/20003.extxyz,9,117.67316483550748,2.3570588254288327,-6.466598033905029,0.25177368498238945,3,0,0
pos_3,20004,/data/dxl/results/rp_qtfg/phase0/offline_probe/structures/pos_3/20004.extxyz,4,50.240353733840585,2.3473591593926404,-7.158541202545166,0.16320059625642694,3,0,0
pos_3,20005,/data/dxl/results/rp_qtfg/phase0/offline_probe/structures/pos_3/20005.extxyz,9,198.8443526786746,2.7462773900629918,-6.879863739013672,0.0868317207609503,3,0,0
pos_3,20006,/data/dxl/results/rp_qtfg/phase0/offline_probe/structures/pos_3/20006.extxyz,14,149.8854365234124,2.136192828276205,-7.828418731689453,0.0897893592404814,3,0,0
pos_3,20007,/data/dxl/results/rp_qtfg/phase0/offline_probe/structures/pos_3/20007.extxyz,12,171.7652984869858,2.18563609977814,-8.789586067199707,0.26989569424636783,3,0,0
pos_3,20008,/data/dxl/results/rp_qtfg/phase0/offline_probe/structures/pos_3/20008.extxyz,4,132.76815677727487,3.096963196164541,-6.673094272613525,0.13540293373567788,3,0,0
pos_3,20009,/data/dxl/results/rp_qtfg/phase0/offline_probe/structures/pos_3/20009.extxyz,4,147.72211866516574,3.3590500386378115,-8.49595832824707,0.16807530937793339,3,0,0
pos_3,20010,/data/dxl/results/rp_qtfg/phase0/offline_probe/structures/pos_3/20010.extxyz,10,131.16645009830756,1.3548319925003325,-7.375887393951416,0.1748699861236073,3,0,0
pos_3,20011,/data/dxl/results/rp_qtfg/phase0/offline_probe/structures/pos_3/20011.extxyz,5,133.06900736428835,2.551702120697538,-8.624493598937988,0.00826792698577185,3,0,0
pos_3,20012,/data/dxl/results/rp_qtfg/phase0/offline_probe/structures/pos_3/20012.extxyz,8,257.833685518408,2.8839082242776843,-7.8839921951293945,0.15024089616037611,3,0,0
pos_3,20013,/data/dxl/results/rp_qtfg/phase0/offline_probe/structures/pos_3/20013.extxyz,4,58.1445750770552,2.6612374358141735,-8.160248756408691,0.0055347515524645004,3,0,0
pos_3,20014,/data/dxl/results/rp_qtfg/phase0/offline_probe/structures/pos_3/20014.extxyz,18,225.26275179675693,1.8732796870406936,-7.445895671844482,0.21376574153020228,3,0,0
pos_3,20015,/data/dxl/results/rp_qtfg/phase0/offline_probe/structures/pos_3/20015.extxyz,20,261.04065038639925,2.117144765593356,-9.39490032196045,0.5616473715717029,3,0,0
pos_3,20016,/data/dxl/results/rp_qtfg/phase0/offline_probe/structures/pos_3/20016.extxyz,8,82.1612092564704,2.3119404055333517,-7.414676189422607,0.2283135192361155,3,0,0
pos_3,20017,/data/dxl/results/rp_qtfg/phase0/offline_probe/structures/pos_3/20017.extxyz,18,238.12185034056068,1.8701403600531665,-7.434806823730469,0.214170042663861,3,0,0
pos_3,20018,/data/dxl/results/rp_qtfg/phase0/offline_probe/structures/pos_3/20018.extxyz,16,171.48749445254074,1.9786419516688467,-8.135972023010254,0.36598862701613927,3,0,0
pos_3,20019,/data/dxl/results/rp_qtfg/phase0/offline_probe/structures/pos_3/20019.extxyz,12,136.37057168500684,2.419619259539356,-7.486116409301758,0.19882308771963847,3,0,0
pos_3,20020,/data/dxl/results/rp_qtfg/phase0/offline_probe/structures/pos_3/20020.extxyz,16,286.92009175390115,2.503890469661434,-6.630637168884277,0.2940796509111027,3,0,0
pos_3,20021,/data/dxl/results/rp_qtfg/phase0/offline_probe/structures/pos_3/20021.extxyz,10,106.96216008749546,1.8857344571488153,-8.5183687210083,0.10060139389152699,3,0,0
pos_3,20022,/data/dxl/results/rp_qtfg/phase0/offline_probe/structures/pos_3/20022.extxyz,8,332.04912830774845,3.8448325266963908,-8.833829879760742,0.042011427024404926,3,0,0
pos_3,20023,/data/dxl/results/rp_qtfg/phase0/offline_probe/structures/pos_3/20023.extxyz,15,205.20272803073664,1.679551636717385,-8.29311752319336,0.27488015218906314,3,0,0
pos_3,20024,/data/dxl/results/rp_qtfg/phase0/offline_probe/structures/pos_3/20024.extxyz,4,52.13841223081877,2.5700944965514356,-7.192973613739014,0.1909790378064957,3,0,0
pos_3,20025,/data/dxl/results/rp_qtfg/phase0/offline_probe/structures/pos_3/20025.extxyz,20,202.12274207332754,1.9920727071309747,-7.931801795959473,0.36669495245579836,3,0,0
pos_3,20026,/data/dxl/results/rp_qtfg/phase0/offline_probe/structures/pos_3/20026.extxyz,14,179.84816637994174,1.618057406757355,-7.231423854827881,0.4707919058205191,3,0,0
pos_3,20027,/data/dxl/results/rp_qtfg/phase0/offline_probe/structures/pos_3/20027.extxyz,9,254.47018054147634,2.992028508534445,-6.314601421356201,0.053478484081839146,3,0,0
pos_3,20028,/data/dxl/results/rp_qtfg/phase0/offline_probe/structures/pos_3/20028.extxyz,20,246.24488026528934,1.8418394004455603,-9.577544212341309,0.23704110784652202,3,0,0
pos_3,20029,/data/dxl/results/rp_qtfg/phase0/offline_probe/structures/pos_3/20029.extxyz,5,161.40139293894228,2.7177782589203914,-9.0587739944458,0.030525661131434356,3,0,0
pos_3,20030,/data/dxl/results/rp_qtfg/phase0/offline_probe/structures/pos_3/20030.extxyz,12,147.89579036656687,2.4444229770684225,-6.6024041175842285,0.19411447795188122,3,0,0
pos_3,20031,/data/dxl/results/rp_qtfg/phase0/offline_probe/structures/pos_3/20031.extxyz,5,142.97115528345984,2.409314156717109,-7.899659156799316,0.2584155516743946,3,0,0
pos_3,20032,/data/dxl/results/rp_qtfg/phase0/offline_probe/structures/pos_3/20032.extxyz,9,184.16307714430738,2.5083509457815953,-7.972105026245117,0.4138228767934134,3,0,0
pos_3,20033,/data/dxl/results/rp_qtfg/phase0/offline_probe/structures/pos_3/20033.extxyz,7,286.4671014455628,3.2933894413027143,-6.992893695831299,0.004901071301234952,3,0,0
pos_3,20034,/data/dxl/results/rp_qtfg/phase0/offline_probe/structures/pos_3/20034.extxyz,12,180.8041758532416,2.4589882420533273,-7.546218395233154,0.15316830459076272,3,0,0
pos_3,20035,/data/dxl/results/rp_qtfg/phase0/offline_probe/structures/pos_3/20035.extxyz,9,123.17480299794826,2.571874460846167,-6.9504804611206055,0.2008665080560772,3,0,0
pos_3,20036,/data/dxl/results/rp_qtfg/phase0/offline_probe/structures/pos_3/20036.extxyz,4,60.33089657607327,2.4668161615596493,-12.864076614379883,0.007320835404664073,3,0,0
pos_3,20037,/data/dxl/results/rp_qtfg/phase0/offline_probe/structures/pos_3/20037.extxyz,12,186.79316697960553,2.4184790921964314,-7.584293365478516,0.06274977308638359,3,0,0
pos_3,20038,/data/dxl/results/rp_qtfg/phase0/offline_probe/structures/pos_3/20038.extxyz,18,232.98756827311166,1.9443853319585207,-7.382079601287842,0.17907767174192957,3,0,0
pos_3,20039,/data/dxl/results/rp_qtfg/phase0/offline_probe/structures/pos_3/20039.extxyz,16,152.7427001964983,0.9815547621660513,-6.631520748138428,0.3569274772880246,3,0,0
pos_3,20040,/data/dxl/results/rp_qtfg/phase0/offline_probe/structures/pos_3/20040.extxyz,4,114.49519829691127,3.333141502818205,-5.927597522735596,0.0022982358768222797,3,0,0
pos_3,20041,/data/dxl/results/rp_qtfg/phase0/offline_probe/structures/pos_3/20041.extxyz,6,67.27764342442387,2.4557557709702142,-7.051774024963379,0.05544053651156266,3,0,0
pos_3,20042,/data/dxl/results/rp_qtfg/phase0/offline_probe/structures/pos_3/20042.extxyz,9,262.29848291740564,3.077925362908484,-9.014002799987793,0.05158066384467411,3,0,0
pos_3,20043,/data/dxl/results/rp_qtfg/phase0/offline_probe/structures/pos_3/20043.extxyz,6,113.02367515657481,2.823207645154535,-8.319650650024414,0.16323162480764025,3,0,0
pos_3,20044,/data/dxl/results/rp_qtfg/phase0/offline_probe/structures/pos_3/20044.extxyz,4,44.37272913994606,2.4674006084119364,-5.991011142730713,0.053005195204942714,3,0,0
pos_3,20045,/data/dxl/results/rp_qtfg/phase0/offline_probe/structures/pos_3/20045.extxyz,12,153.18012657857523,2.3303752843238503,-7.175610065460205,0.3404364194791984,3,0,0
pos_3,20046,/data/dxl/results/rp_qtfg/phase0/offline_probe/structures/pos_3/20046.extxyz,10,144.41936883379006,2.0468925727895084,-9.610077857971191,0.1296632714195372,3,0,0
pos_3,20047,/data/dxl/results/rp_qtfg/phase0/offline_probe/structures/pos_3/20047.extxyz,4,142.7104440067786,3.514596975793257,-6.701992988586426,0.011748127486941035,3,0,0
pos_3,20048,/data/dxl/results/rp_qtfg/phase0/offline_probe/structures/pos_3/20048.extxyz,10,144.74377204499692,1.9203313722478672,-9.053308486938477,0.21002358017696052,3,0,0
pos_3,20049,/data/dxl/results/rp_qtfg/phase0/offline_probe/structures/pos_3/20049.extxyz,12,151.44120875407714,2.040298719350564,-7.688016891479492,0.016893259679506424,3,0,0
pos_3,20050,/data/dxl/results/rp_qtfg/phase0/offline_probe/structures/pos_3/20050.extxyz,10,129.82346497596907,1.9220102882992305,-7.941842555999756,0.14930004019825568,3,0,0
pos_3,20051,/data/dxl/results/rp_qtfg/phase0/offline_probe/structures/pos_3/20051.extxyz,7,159.65217016650917,2.283975689971463,-8.753721237182617,0.11216473923673226,3,0,0
pos_3,20052,/data/dxl/results/rp_qtfg/phase0/offline_probe/structures/pos_3/20052.extxyz,14,145.77852594741128,1.9075611931207759,-6.554347515106201,0.24439436518471724,3,0,0
pos_3,20053,/data/dxl/results/rp_qtfg/phase0/offline_probe/structures/pos_3/20053.extxyz,4,125.27662390316473,3.4371645625866254,-6.9292144775390625,0.003845306471734064,3,0,0
pos_3,20054,/data/dxl/results/rp_qtfg/phase0/offline_probe/structures/pos_3/20054.extxyz,6,110.67583180734225,2.6796127323169485,-7.381303310394287,0.0370606018645964,3,0,0
pos_3,20055,/data/dxl/results/rp_qtfg/phase0/offline_probe/structures/pos_3/20055.extxyz,12,137.89160228608742,2.439601078116006,-8.55070686340332,0.1565670413154805,3,0,0
pos_3,20056,/data/dxl/results/rp_qtfg/phase0/offline_probe/structures/pos_3/20056.extxyz,4,63.94251284198911,2.1917988419261776,-10.716324806213379,0.0312594525399164,3,0,0
pos_3,20057,/data/dxl/results/rp_qtfg/phase0/offline_probe/structures/pos_3/20057.extxyz,8,92.08744780141822,2.4480112489092427,-7.711774826049805,0.11808005694339054,3,0,0
pos_3,20058,/data/dxl/results/rp_qtfg/phase0/offline_probe/structures/pos_3/20058.extxyz,3,39.08451259073366,2.3303318580934804,-9.84239673614502,0.0053498676888493225,0,3,0
pos_3,20059,/data/dxl/results/rp_qtfg/phase0/offline_probe/structures/pos_3/20059.extxyz,10,154.94014546769506,2.101737100700938,-10.342679977416992,0.09220040242230458,3,0,0
pos_3,20060,/data/dxl/results/rp_qtfg/phase0/offline_probe/structures/pos_3/20060.extxyz,8,140.8800607129959,1.9079067384433437,-7.660355567932129,0.3288945372487355,3,0,0
pos_3,20061,/data/dxl/results/rp_qtfg/phase0/offline_probe/structures/pos_3/20061.extxyz,10,127.47265441825735,1.6216305330946572,-7.708713054656982,0.26701619395358456,3,0,0
pos_3,20062,/data/dxl/results/rp_qtfg/phase0/offline_probe/structures/pos_3/20062.extxyz,10,125.95463197465645,2.0727162072171734,-7.6633429527282715,0.03966151987410895,3,0,0
pos_3,20063,/data/dxl/results/rp_qtfg/phase0/offline_probe/structures/pos_3/20063.extxyz,8,186.82029157042214,2.7544597459351343,-4.513551712036133,0.021329968342603395,3,0,0
pos_5,20000,/data/dxl/results/rp_qtfg/phase0/offline_probe/structures/pos_5/20000.extxyz,8,188.93106729494525,2.4875794797853583,-8.711719512939453,0.22263278331140254,5,0,0
pos_5,20001,/data/dxl/results/rp_qtfg/phase0/offline_probe/structures/pos_5/20001.extxyz,12,328.2728840419052,2.3537381810033255,-8.96762466430664,0.24887064070210985,5,0,0
pos_5,20002,/data/dxl/results/rp_qtfg/phase0/offline_probe/structures/pos_5/20002.extxyz,4,118.43141281718864,3.2616449044519156,-6.004033088684082,0.032558562081172755,5,0,0
pos_5,20003,/data/dxl/results/rp_qtfg/phase0/offline_probe/structures/pos_5/20003.extxyz,9,117.67316483550748,2.3566775961610187,-6.466913223266602,0.20432640499295415,5,0,0
pos_5,20004,/data/dxl/results/rp_qtfg/phase0/offline_probe/structures/pos_5/20004.extxyz,4,50.240353733840585,2.3502387066625388,-7.158740043640137,0.13965965404916306,5,0,0
pos_5,20005,/data/dxl/results/rp_qtfg/phase0/offline_probe/structures/pos_5/20005.extxyz,9,198.8443526786746,2.7452545871074663,-6.879916191101074,0.08228456707529527,5,0,0
pos_5,20006,/data/dxl/results/rp_qtfg/phase0/offline_probe/structures/pos_5/20006.extxyz,14,149.8854365234124,2.1356575370308954,-7.8284478187561035,0.08185077674230087,5,0,0
pos_5,20007,/data/dxl/results/rp_qtfg/phase0/offline_probe/structures/pos_5/20007.extxyz,12,171.7652984869858,2.191272861657348,-8.79001522064209,0.21636850876273556,5,0,0
pos_5,20008,/data/dxl/results/rp_qtfg/phase0/offline_probe/structures/pos_5/20008.extxyz,4,132.76815677727487,3.0985688529011206,-6.673262596130371,0.12615216012480826,5,0,0
pos_5,20009,/data/dxl/results/rp_qtfg/phase0/offline_probe/structures/pos_5/20009.extxyz,4,147.72211866516574,3.3564732871102527,-8.496233940124512,0.16368112622854475,5,0,0
pos_5,20010,/data/dxl/results/rp_qtfg/phase0/offline_probe/structures/pos_5/20010.extxyz,10,131.16645009830756,1.3600792622621665,-7.376091957092285,0.08692561711826481,5,0,0
pos_5,20011,/data/dxl/results/rp_qtfg/phase0/offline_probe/structures/pos_5/20011.extxyz,5,133.06900736428835,2.5518080419996485,-8.624493598937988,0.0072730668802967755,5,0,0
pos_5,20012,/data/dxl/results/rp_qtfg/phase0/offline_probe/structures/pos_5/20012.extxyz,8,257.833685518408,2.880506880758618,-7.884212970733643,0.14036000270229942,5,0,0
pos_5,20013,/data/dxl/results/rp_qtfg/phase0/offline_probe/structures/pos_5/20013.extxyz,4,58.1445750770552,2.661318217218515,-8.160248756408691,0.004654440243727764,5,0,0
pos_5,20014,/data/dxl/results/rp_qtfg/phase0/offline_probe/structures/pos_5/20014.extxyz,18,225.26275179675693,1.867778155662976,-7.446057319641113,0.17334562155616187,5,0,0
pos_5,20015,/data/dxl/results/rp_qtfg/phase0/offline_probe/structures/pos_5/20015.extxyz,20,261.04065038639925,2.10960848348799,-9.397906303405762,0.45811053191348394,5,0,0
pos_5,20016,/data/dxl/results/rp_qtfg/phase0/offline_probe/structures/pos_5/20016.extxyz,8,82.1612092564704,2.3076057657368865,-7.415138244628906,0.20675783881754067,5,0,0
pos_5,20017,/data/dxl/results/rp_qtfg/phase0/offline_probe/structures/pos_5/20017.extxyz,18,238.12185034056068,1.8720327679047064,-7.435220718383789,0.2000237233431623,5,0,0
pos_5,20018,/data/dxl/results/rp_qtfg/phase0/offline_probe/structures/pos_5/20018.extxyz,16,171.48749445254074,1.9728383459435697,-8.136272430419922,0.2772546087189946,5,0,0
pos_5,20019,/data/dxl/results/rp_qtfg/phase0/offline_probe/structures/pos_5/20019.extxyz,12,136.37057168500684,2.4206134322397967,-7.4863810539245605,0.18225245487184938,5,0,0
pos_5,20020,/data/dxl/results/rp_qtfg/phase0/offline_probe/structures/pos_5/20020.extxyz,16,286.92009175390115,2.50174107268482,-6.6311726570129395,0.2620717622951024,5,0,0
pos_5,20021,/data/dxl/results/rp_qtfg/phase0/offline_probe/structures/pos_5/20021.extxyz,10,106.96216008749546,1.8863401524258365,-8.518423080444336,0.09392940393930714,5,0,0
pos_5,20022,/data/dxl/results/rp_qtfg/phase0/offline_probe/structures/pos_5/20022.extxyz,8,332.04912830774845,3.8438282741842342,-8.833847045898438,0.04023386965015497,5,0,0
pos_5,20023,/data/dxl/results/rp_qtfg/phase0/offline_probe/structures/pos_5/20023.extxyz,15,205.20272803073664,1.6798901421048027,-8.293456077575684,0.22950967493252483,5,0,0
pos_5,20024,/data/dxl/results/rp_qtfg/phase0/offline_probe/structures/pos_5/20024.extxyz,4,52.13841223081877,2.5687748237776993,-7.1932291984558105,0.18010996306708185,5,0,0
pos_5,20025,/data/dxl/results/rp_qtfg/phase0/offline_probe/structures/pos_5/20025.extxyz,20,202.12274207332754,1.9924545237064202,-7.932787895202637,0.3451561535579529,5,0,0
pos_5,20026,/data/dxl/results/rp_qtfg/phase0/offline_probe/structures/pos_5/20026.extxyz,14,179.84816637994174,1.6166458422507504,-7.232388496398926,0.35518457385919194,5,0,0
pos_5,20027,/data/dxl/results/rp_qtfg/phase0/offline_probe/structures/pos_5/20027.extxyz,9,254.47018054147634,2.9928501034653396,-6.314620494842529,0.049300240264786584,5,0,0
pos_5,20028,/data/dxl/results/rp_qtfg/phase0/offline_probe/structures/pos_5/20028.extxyz,20,246.24488026528934,1.8402635324916754,-9.577804565429688,0.1722345323368592,5,0,0
pos_5,20029,/data/dxl/results/rp_qtfg/phase0/offline_probe/structures/pos_5/20029.extxyz,5,161.40139293894228,2.7185480642151503,-9.058778762817383,0.026454262197557223,5,0,0
pos_5,20030,/data/dxl/results/rp_qtfg/phase0/offline_probe/structures/pos_5/20030.extxyz,12,147.89579036656687,2.445809937573539,-6.602775573730469,0.18284709115268924,5,0,0
pos_5,20031,/data/dxl/results/rp_qtfg/phase0/offline_probe/structures/pos_5/20031.extxyz,5,142.97115528345984,2.412416730211346,-7.900116443634033,0.23432933680659088,5,0,0
pos_5,20032,/data/dxl/results/rp_qtfg/phase0/offline_probe/structures/pos_5/20032.extxyz,9,184.16307714430738,2.510352198597747,-7.973071098327637,0.38200383470480836,5,0,0
pos_5,20033,/data/dxl/results/rp_qtfg/phase0/offline_probe/structures/pos_5/20033.extxyz,7,286.4671014455628,3.293466431462117,-6.992893695831299,0.004614129466801392,5,0,0
pos_5,20034,/data/dxl/results/rp_qtfg/phase0/offline_probe/structures/pos_5/20034.extxyz,12,180.8041758532416,2.4567590018765633,-7.546370506286621,0.13700185864605974,5,0,0
pos_5,20035,/data/dxl/results/rp_qtfg/phase0/offline_probe/structures/pos_5/20035.extxyz,9,123.17480299794826,2.5664435792105116,-6.950826168060303,0.181312172715916,5,0,0
pos_5,20036,/data/dxl/results/rp_qtfg/phase0/offline_probe/structures/pos_5/20036.extxyz,4,60.33089657607327,2.466867305977096,-12.864076614379883,0.0063810416169663275,5,0,0
pos_5,20037,/data/dxl/results/rp_qtfg/phase0/offline_probe/structures/pos_5/20037.extxyz,12,186.79316697960553,2.4197137342223405,-7.584322452545166,0.05875029989627476,5,0,0
pos_5,20038,/data/dxl/results/rp_qtfg/phase0/offline_probe/structures/pos_5/20038.extxyz,18,232.98756827311166,1.9431464513669607,-7.382178783416748,0.16395764081139846,5,0,0
pos_5,20039,/data/dxl/results/rp_qtfg/phase0/offline_probe/structures/pos_5/20039.extxyz,16,152.7427001964983,0.9815507460993246,-6.632032871246338,0.30604577736003147,5,0,0
pos_5,20040,/data/dxl/results/rp_qtfg/phase0/offline_probe/structures/pos_5/20040.extxyz,4,114.49519829691127,3.3331912811619917,-5.927597522735596,0.002212660142825296,5,0,0
pos_5,20041,/data/dxl/results/rp_qtfg/phase0/offline_probe/structures/pos_5/20041.extxyz,6,67.27764342442387,2.4571594066411504,-7.051793098449707,0.050880347554180014,5,0,0
pos_5,20042,/data/dxl/results/rp_qtfg/phase0/offline_probe/structures/pos_5/20042.extxyz,9,262.29848291740564,3.078615838398867,-9.014026641845703,0.045958029446438675,5,0,0
pos_5,20043,/data/dxl/results/rp_qtfg/phase0/offline_probe/structures/pos_5/20043.extxyz,6,113.02367515657481,2.8206136880036263,-8.319924354553223,0.15296575315850272,5,0,0
pos_5,20044,/data/dxl/results/rp_qtfg/phase0/offline_probe/structures/pos_5/20044.extxyz,4,44.37272913994606,2.468106281601647,-5.991036891937256,0.047333777575276535,5,0,0
pos_5,20045,/data/dxl/results/rp_qtfg/phase0/offline_probe/structures/pos_5/20045.extxyz,12,153.18012657857523,2.327906548858237,-7.1760053634643555,0.33540156333314347,5,0,0
pos_5,20046,/data/dxl/results/rp_qtfg/phase0/offline_probe/structures/pos_5/20046.extxyz,10,144.41936883379006,2.0451426272791613,-9.610222816467285,0.10128260426826051,5,0,0
pos_5,20047,/data/dxl/results/rp_qtfg/phase0/offline_probe/structures/pos_5/20047.extxyz,4,142.7104440067786,3.5147238138627923,-6.7019944190979,0.011204721049429826,5,0,0
pos_5,20048,/data/dxl/results/rp_qtfg/phase0/offline_probe/structures/pos_5/20048.extxyz,10,144.74377204499692,1.9152551362171277,-9.053481101989746,0.12882121782109968,5,0,0
pos_5,20049,/data/dxl/results/rp_qtfg/phase0/offline_probe/structures/pos_5/20049.extxyz,12,151.44120875407714,2.040370022488612,-7.6880202293396,0.014453883016173123,5,0,0
pos_5,20050,/data/dxl/results/rp_qtfg/phase0/offline_probe/structures/pos_5/20050.extxyz,10,129.82346497596907,1.9205611295261982,-7.942030429840088,0.09331380410611008,5,0,0
pos_5,20051,/data/dxl/results/rp_qtfg/phase0/offline_probe/structures/pos_5/20051.extxyz,7,159.65217016650917,2.287802472647445,-8.753807067871094,0.07007397598280796,5,0,0
pos_5,20052,/data/dxl/results/rp_qtfg/phase0/offline_probe/structures/pos_5/20052.extxyz,14,145.77852594741128,1.908258422361283,-6.554584503173828,0.2491765630799762,5,0,0
pos_5,20053,/data/dxl/results/rp_qtfg/phase0/offline_probe/structures/pos_5/20053.extxyz,4,125.27662390316473,3.4372567053530463,-6.9292144775390625,0.0037459467434516635,5,0,0
pos_5,20054,/data/dxl/results/rp_qtfg/phase0/offline_probe/structures/pos_5/20054.extxyz,6,110.67583180734225,2.6800596327133546,-7.381315231323242,0.03418721775582507,5,0,0
pos_5,20055,/data/dxl/results/rp_qtfg/phase0/offline_probe/structures/pos_5/20055.extxyz,12,137.89160228608742,2.4430334680211363,-8.55087661743164,0.14394268714273212,5,0,0
pos_5,20056,/data/dxl/results/rp_qtfg/phase0/offline_probe/structures/pos_5/20056.extxyz,4,63.94251284198911,2.192167730838092,-10.71633243560791,0.02256222159337496,5,0,0
pos_5,20057,/data/dxl/results/rp_qtfg/phase0/offline_probe/structures/pos_5/20057.extxyz,8,92.08744780141822,2.4504080548660374,-7.71184778213501,0.10567081878839377,5,0,0
pos_5,20058,/data/dxl/results/rp_qtfg/phase0/offline_probe/structures/pos_5/20058.extxyz,3,39.08451259073366,2.330373549954625,-9.84239673614502,0.004299330543792064,2,3,0
pos_5,20059,/data/dxl/results/rp_qtfg/phase0/offline_probe/structures/pos_5/20059.extxyz,10,154.94014546769506,2.102894496875771,-10.342751502990723,0.07550926562329335,5,0,0
pos_5,20060,/data/dxl/results/rp_qtfg/phase0/offline_probe/structures/pos_5/20060.extxyz,8,140.8800607129959,1.9138984258795522,-7.660820007324219,0.31819305375694595,5,0,0
pos_5,20061,/data/dxl/results/rp_qtfg/phase0/offline_probe/structures/pos_5/20061.extxyz,10,127.47265441825735,1.620565768612351,-7.7090325355529785,0.17203576234644477,5,0,0
pos_5,20062,/data/dxl/results/rp_qtfg/phase0/offline_probe/structures/pos_5/20062.extxyz,10,125.95463197465645,2.072576058101032,-7.663359642028809,0.035077828797848695,5,0,0
pos_5,20063,/data/dxl/results/rp_qtfg/phase0/offline_probe/structures/pos_5/20063.extxyz,8,186.82029157042214,2.755205984698115,-4.513556003570557,0.02020569874278966,5,0,0
poscell_1,20000,/data/dxl/results/rp_qtfg/phase0/offline_probe/structures/poscell_1/20000.extxyz,8,188.94835916140698,2.4920112816635065,-8.710899353027344,0.25831845769918793,1,0,0
poscell_1,20001,/data/dxl/results/rp_qtfg/phase0/offline_probe/structures/poscell_1/20001.extxyz,12,327.79167008250033,2.36596163290513,-8.966901779174805,0.29980319375040937,1,0,0
poscell_1,20002,/data/dxl/results/rp_qtfg/phase0/offline_probe/structures/poscell_1/20002.extxyz,4,118.46207887173081,3.2611459757257,-6.004027843475342,0.0360653538218881,1,0,0
poscell_1,20003,/data/dxl/results/rp_qtfg/phase0/offline_probe/structures/poscell_1/20003.extxyz,9,117.63653312971383,2.3574957551552878,-6.4661784172058105,0.3178845044261699,1,0,0
poscell_1,20004,/data/dxl/results/rp_qtfg/phase0/offline_probe/structures/poscell_1/20004.extxyz,4,50.197426593951555,2.343744176922051,-7.158400058746338,0.19309024288341117,1,0,0
poscell_1,20005,/data/dxl/results/rp_qtfg/phase0/offline_probe/structures/poscell_1/20005.extxyz,9,198.69192484126202,2.746653305068354,-6.879909515380859,0.08993232014216955,1,0,0
poscell_1,20006,/data/dxl/results/rp_qtfg/phase0/offline_probe/structures/poscell_1/20006.extxyz,14,149.883703427387,2.1367291876626155,-7.828384876251221,0.0987782215552993,1,0,0
poscell_1,20007,/data/dxl/results/rp_qtfg/phase0/offline_probe/structures/poscell_1/20007.extxyz,12,171.8907826712427,2.1791777073687615,-8.789078712463379,0.34484432843451107,1,0,0
poscell_1,20008,/data/dxl/results/rp_qtfg/phase0/offline_probe/structures/poscell_1/20008.extxyz,4,132.74056162337794,3.095043510853651,-6.672915935516357,0.1458230129400779,1,0,0
poscell_1,20009,/data/dxl/results/rp_qtfg/phase0/offline_probe/structures/poscell_1/20009.extxyz,4,147.7050199938946,3.361316649825459,-8.495699882507324,0.17215697521868847,1,0,0
poscell_1,20010,/data/dxl/results/rp_qtfg/phase0/offline_probe/structures/poscell_1/20010.extxyz,10,131.09765010982923,1.3402522767660934,-7.375121116638184,0.4795262270654253,1,0,0
poscell_1,20011,/data/dxl/results/rp_qtfg/phase0/offline_probe/structures/poscell_1/20011.extxyz,5,132.9365093118068,2.5507346191037388,-8.62470817565918,0.009297142154723558,1,0,0
poscell_1,20012,/data/dxl/results/rp_qtfg/phase0/offline_probe/structures/poscell_1/20012.extxyz,8,257.9603701597279,2.8879586764380285,-7.883808612823486,0.15991442487104665,1,0,0
poscell_1,20013,/data/dxl/results/rp_qtfg/phase0/offline_probe/structures/poscell_1/20013.extxyz,4,58.20330564545995,2.6620501985020746,-8.160367012023926,0.006594682252980809,1,0,0
poscell_1,20014,/data/dxl/results/rp_qtfg/phase0/offline_probe/structures/poscell_1/20014.extxyz,18,225.3071078763609,1.880412665640612,-7.445683002471924,0.24947254005339994,1,0,0
poscell_1,20015,/data/dxl/results/rp_qtfg/phase0/offline_probe/structures/poscell_1/20015.extxyz,20,261.34766703136194,2.1124566352994725,-9.390898704528809,0.6550702192594178,1,0,0
poscell_1,20016,/data/dxl/results/rp_qtfg/phase0/offline_probe/structures/poscell_1/20016.extxyz,8,82.33278703006137,2.318198622021738,-7.414464473724365,0.24486015347400347,1,0,0
poscell_1,20017,/data/dxl/results/rp_qtfg/phase0/offline_probe/structures/poscell_1/20017.extxyz,18,238.00595754599559,1.86709062008823,-7.4342570304870605,0.24771503220284435,1,0,0
poscell_1,20018,/data/dxl/results/rp_qtfg/phase0/offline_probe/structures/poscell_1/20018.extxyz,16,171.23047011920522,1.9864260137544714,-8.1356782913208,0.46299032314020794,1,0,0
poscell_1,20019,/data/dxl/results/rp_qtfg/phase0/offline_probe/structures/poscell_1/20019.extxyz,12,136.10037456594998,2.4167454533505945,-7.486175537109375,0.22196750134256327,1,0,0
poscell_1,20020,/data/dxl/results/rp_qtfg/phase0/offline_probe/structures/poscell_1/20020.extxyz,16,286.9785730561246,2.5066231148048237,-6.629931449890137,0.3340968335940754,1,0,0
poscell_1,20021,/data/dxl/results/rp_qtfg/phase0/offline_probe/structures/poscell_1/20021.extxyz,10,106.52725109409457,1.8818701855817215,-8.519850730895996,0.11012727083242363,1,0,0
poscell_1,20022,/data/dxl/results/rp_qtfg/phase0/offline_probe/structures/poscell_1/20022.extxyz,8,332.0022895254229,3.845672218328305,-8.833818435668945,0.043821544897318515,1,0,0
poscell_1,20023,/data/dxl/results/rp_qtfg/phase0/offline_probe/structures/poscell_1/20023.extxyz,15,205.36751136436885,1.676429417699496,-8.292640686035156,0.3191429834852805,1,0,0
poscell_1,20024,/data/dxl/results/rp_qtfg/phase0/offline_probe/structures/poscell_1/20024.extxyz,4,51.969283973988134,2.5669432089103013,-7.193810939788818,0.2058410243017804,1,0,0
poscell_1,20025,/data/dxl/results/rp_qtfg/phase0/offline_probe/structures/poscell_1/20025.extxyz,20,202.18896908198033,1.991897233844463,-7.930351257324219,0.5031979481648203,1,0,0
poscell_1,20026,/data/dxl/results/rp_qtfg/phase0/offline_probe/structures/poscell_1/20026.extxyz,14,180.0390060429466,1.6230758816466224,-7.229410648345947,0.7536783166596188,1,0,0
poscell_1,20027,/data/dxl/results/rp_qtfg/phase0/offline_probe/structures/poscell_1/20027.extxyz,9,254.54032390257845,2.991572407390717,-6.314608097076416,0.05801850080731938,1,0,0
poscell_1,20028,/data/dxl/results/rp_qtfg/phase0/offline_probe/structures/poscell_1/20028.extxyz,20,246.14895744801316,1.836302594490099,-9.577159881591797,0.3726702435322075,1,0,0
poscell_1,20029,/data/dxl/results/rp_qtfg/phase0/offline_probe/structures/poscell_1/20029.extxyz,5,161.20850861188998,2.7158036916254993,-9.059147834777832,0.03731343741848774,1,0,0
poscell_1,20030,/data/dxl/results/rp_qtfg/phase0/offline_probe/structures/poscell_1/20030.extxyz,12,147.78176862642306,2.4422660819777122,-6.602048873901367,0.20794322678517937,1,0,0
poscell_1,20031,/data/dxl/results/rp_qtfg/phase0/offline_probe/structures/poscell_1/20031.extxyz,5,142.96662007543048,2.405929584601729,-7.899118900299072,0.2794066584387395,1,0,0
poscell_1,20032,/data/dxl/results/rp_qtfg/phase0/offline_probe/structures/poscell_1/20032.extxyz,9,184.13667298702575,2.506179725349202,-7.971039295196533,0.4416298947008321,1,0,0
poscell_1,20033,/data/dxl/results/rp_qtfg/phase0/offline_probe/structures/poscell_1/20033.extxyz,7,286.53163297582034,3.293566488663722,-6.992910385131836,0.005198404612543152,1,0,0
poscell_1,20034,/data/dxl/results/rp_qtfg/phase0/offline_probe/structures/poscell_1/20034.extxyz,12,180.57894291920374,2.460872668516206,-7.5462141036987305,0.16912932380573667,1,0,0
poscell_1,20035,/data/dxl/results/rp_qtfg/phase0/offline_probe/structures/poscell_1/20035.extxyz,9,123.09612567055342,2.577197139434316,-6.950125694274902,0.22197582386166828,1,0,0
poscell_1,20036,/data/dxl/results/rp_qtfg/phase0/offline_probe/structures/poscell_1/20036.extxyz,4,60.42170680012734,2.467528561089698,-12.864363670349121,0.008750354952180966,1,0,0
poscell_1,20037,/data/dxl/results/rp_qtfg/phase0/offline_probe/structures/poscell_1/20037.extxyz,12,186.73275538276457,2.416970782485477,-7.5842742919921875,0.06767686076179777,1,0,0
poscell_1,20038,/data/dxl/results/rp_qtfg/phase0/offline_probe/structures/poscell_1/20038.extxyz,18,233.0281855833825,1.9405545513628477,-7.38196325302124,0.20540840966193433,1,0,0
poscell_1,20039,/data/dxl/results/rp_qtfg/phase0/offline_probe/structures/poscell_1/20039.extxyz,16,152.44380972147658,0.9803018858061264,-6.631124019622803,0.4018836288858776,1,0,0
poscell_1,20040,/data/dxl/results/rp_qtfg/phase0/offline_probe/structures/poscell_1/20040.extxyz,4,114.53460061872204,3.3334899123866717,-5.92762565612793,0.00243242126433483,1,0,0
poscell_1,20041,/data/dxl/results/rp_qtfg/phase0/offline_probe/structures/poscell_1/20041.extxyz,6,67.20679456989673,2.4533145848301836,-7.051851272583008,0.060753764449634026,1,0,0
poscell_1,20042,/data/dxl/results/rp_qtfg/phase0/offline_probe/structures/poscell_1/20042.extxyz,9,262.4029345690505,3.077571614321093,-9.014013290405273,0.058336160107021834,1,0,0
poscell_1,20043,/data/dxl/results/rp_qtfg/phase0/offline_probe/structures/poscell_1/20043.extxyz,6,113.0274340928479,2.8262870653534815,-8.319375991821289,0.17255360900012096,1,0,0
poscell_1,20044,/data/dxl/results/rp_qtfg/phase0/offline_probe/structures/poscell_1/20044.extxyz,4,44.39671940562583,2.46717824179163,-5.991009712219238,0.05874724894025459,1,0,0
poscell_1,20045,/data/dxl/results/rp_qtfg/phase0/offline_probe/structures/poscell_1/20045.extxyz,12,152.80979059377847,2.3318243814128254,-7.175722122192383,0.345902960387739,1,0,0
poscell_1,20046,/data/dxl/results/rp_qtfg/phase0/offline_probe/structures/poscell_1/20046.extxyz,10,144.17945128727538,2.048014902823878,-9.61016845703125,0.16084824732588826,1,0,0
poscell_1,20047,/data/dxl/results/rp_qtfg/phase0/offline_probe/structures/poscell_1/20047.extxyz,4,142.68614104005135,3.5143190531611275,-6.70200252532959,0.01227663172104148,1,0,0
poscell_1,20048,/data/dxl/results/rp_qtfg/phase0/offline_probe/structures/poscell_1/20048.extxyz,10,144.5469108115243,1.9280741507768258,-9.0531005859375,0.2975247710233283,1,0,0
poscell_1,20049,/data/dxl/results/rp_qtfg/phase0/offline_probe/structures/poscell_1/20049.extxyz,12,151.73426766510627,2.041204558667708,-7.688392162322998,0.021629146756972934,1,0,0
poscell_1,20050,/data/dxl/results/rp_qtfg/phase0/offline_probe/structures/poscell_1/20050.extxyz,10,129.6843449680205,1.9244719449272767,-7.941486835479736,0.245369823031618,1,0,0
poscell_1,20051,/data/dxl/results/rp_qtfg/phase0/offline_probe/structures/poscell_1/20051.extxyz,7,159.63945952832108,2.278963187500032,-8.753643989562988,0.13428989999888014,1,0,0
poscell_1,20052,/data/dxl/results/rp_qtfg/phase0/offline_probe/structures/poscell_1/20052.extxyz,14,145.75136050952446,1.9062988068611089,-6.554080963134766,0.2622759839028284,1,0,0
poscell_1,20053,/data/dxl/results/rp_qtfg/phase0/offline_probe/structures/poscell_1/20053.extxyz,4,125.22711585320974,3.4366245986506962,-6.929259300231934,0.0039582893161217245,1,0,0
poscell_1,20054,/data/dxl/results/rp_qtfg/phase0/offline_probe/structures/poscell_1/20054.extxyz,6,110.10175776568852,2.6745153744163406,-7.386972427368164,0.03930733146118714,1,0,0
poscell_1,20055,/data/dxl/results/rp_qtfg/phase0/offline_probe/structures/poscell_1/20055.extxyz,12,137.7756533757219,2.434273752842007,-8.55057430267334,0.16963298988815476,1,0,0
poscell_1,20056,/data/dxl/results/rp_qtfg/phase0/offline_probe/structures/poscell_1/20056.extxyz,4,64.00057877194133,2.1917647098067548,-10.716615676879883,0.05528074689517226,1,0,0
poscell_1,20057,/data/dxl/results/rp_qtfg/phase0/offline_probe/structures/poscell_1/20057.extxyz,8,91.9915590785533,2.4446144294947314,-7.711792469024658,0.13202746739868493,1,0,0
poscell_1,20058,/data/dxl/results/rp_qtfg/phase0/offline_probe/structures/poscell_1/20058.extxyz,3,39.12927616167087,2.3312911554152707,-9.842529296875,0.004673914469348913,1,0,0
poscell_1,20059,/data/dxl/results/rp_qtfg/phase0/offline_probe/structures/poscell_1/20059.extxyz,10,154.79887567257697,2.0993418724539348,-10.342672348022461,0.11973929891165573,1,0,0
poscell_1,20060,/data/dxl/results/rp_qtfg/phase0/offline_probe/structures/poscell_1/20060.extxyz,8,141.21122132607928,1.9037639852817756,-7.660670280456543,0.31474316298008626,1,0,0
poscell_1,20061,/data/dxl/results/rp_qtfg/phase0/offline_probe/structures/poscell_1/20061.extxyz,10,127.28514982122464,1.6250076506190247,-7.708351135253906,0.42637420068562215,1,0,0
poscell_1,20062,/data/dxl/results/rp_qtfg/phase0/offline_probe/structures/poscell_1/20062.extxyz,10,125.96436877612277,2.0729598944340384,-7.663325309753418,0.04531957068427847,1,0,0
poscell_1,20063,/data/dxl/results/rp_qtfg/phase0/offline_probe/structures/poscell_1/20063.extxyz,8,186.93118665162024,2.7539387380981424,-4.513675689697266,0.022593532477484985,1,0,0
poscell_3,20000,/data/dxl/results/rp_qtfg/phase0/offline_probe/structures/poscell_3/20000.extxyz,8,188.9848412869571,2.4892607720872335,-8.711458206176758,0.24026813858178311,3,0,0
poscell_3,20001,/data/dxl/results/rp_qtfg/phase0/offline_probe/structures/poscell_3/20001.extxyz,12,326.8943319300719,2.3569466139217434,-8.968423843383789,0.2687787772598134,3,0,0
poscell_3,20002,/data/dxl/results/rp_qtfg/phase0/offline_probe/structures/poscell_3/20002.extxyz,4,118.52183699613389,3.2621126084704506,-6.004072189331055,0.033951885375362895,3,0,0
poscell_3,20003,/data/dxl/results/rp_qtfg/phase0/offline_probe/structures/poscell_3/20003.extxyz,9,117.56759992945484,2.3569041846764884,-6.466740131378174,0.25319979207818194,3,0,0
poscell_3,20004,/data/dxl/results/rp_qtfg/phase0/offline_probe/structures/poscell_3/20004.extxyz,4,50.12352328995149,2.346612239623874,-7.158849716186523,0.1637189677251292,3,0,0
poscell_3,20005,/data/dxl/results/rp_qtfg/phase0/offline_probe/structures/poscell_3/20005.extxyz,9,198.40927527775065,2.7442975646263745,-6.8801469802856445,0.08247755748311288,3,0,0
poscell_3,20006,/data/dxl/results/rp_qtfg/phase0/offline_probe/structures/poscell_3/20006.extxyz,14,149.8808161201481,2.1362766660849837,-7.828422546386719,0.08988041997430384,3,0,0
poscell_3,20007,/data/dxl/results/rp_qtfg/phase0/offline_probe/structures/poscell_3/20007.extxyz,12,172.09966612986247,2.188084926774263,-8.789835929870605,0.2651928254226729,3,0,0
poscell_3,20008,/data/dxl/results/rp_qtfg/phase0/offline_probe/structures/poscell_3/20008.extxyz,4,132.686395491065,3.0963993260389904,-6.673142433166504,0.13598157245409082,3,0,0
poscell_3,20009,/data/dxl/results/rp_qtfg/phase0/offline_probe/structures/poscell_3/20009.extxyz,4,147.67198506988143,3.3579398915394574,-8.496051788330078,0.1676338151384778,3,0,0
poscell_3,20010,/data/dxl/results/rp_qtfg/phase0/offline_probe/structures/poscell_3/20010.extxyz,10,130.89447763281282,1.3538032216747689,-7.376277446746826,0.1939828236833355,3,0,0
poscell_3,20011,/data/dxl/results/rp_qtfg/phase0/offline_probe/structures/poscell_3/20011.extxyz,5,132.68337698441698,2.5492410111366373,-8.625104904174805,0.008271012295577397,3,0,0
poscell_3,20012,/data/dxl/results/rp_qtfg/phase0/offline_probe/structures/poscell_3/20012.extxyz,8,258.20068605284905,2.8850988710646583,-7.884188652038574,0.14907893732947497,3,0,0
poscell_3,20013,/data/dxl/results/rp_qtfg/phase0/offline_probe/structures/poscell_3/20013.extxyz,4,58.3080370784375,2.663765335951105,-8.160555839538574,0.005441982734542444,3,0,0
poscell_3,20014,/data/dxl/results/rp_qtfg/phase0/offline_probe/structures/poscell_3/20014.extxyz,18,225.3855898539735,1.8738585954144444,-7.445925712585449,0.21432745115511467,3,0,0
poscell_3,20015,/data/dxl/results/rp_qtfg/phase0/offline_probe/structures/poscell_3/20015.extxyz,20,261.78741610189917,2.119288300671784,-9.395134925842285,0.5651591113005199,3,0,0
poscell_3,20016,/data/dxl/results/rp_qtfg/phase0/offline_probe/structures/poscell_3/20016.extxyz,8,82.60843780836574,2.315939399506127,-7.415424823760986,0.20944169800586349,3,0,0
poscell_3,20017,/data/dxl/results/rp_qtfg/phase0/offline_probe/structures/poscell_3/20017.extxyz,18,237.8079873730133,1.8697599376564122,-7.434908390045166,0.21343455282958582,3,0,0
poscell_3,20018,/data/dxl/results/rp_qtfg/phase0/offline_probe/structures/poscell_3/20018.extxyz,16,170.81219297494388,1.9765697097765211,-8.13640022277832,0.3276676127373982,3,0,0
poscell_3,20019,/data/dxl/results/rp_qtfg/phase0/offline_probe/structures/poscell_3/20019.extxyz,12,135.62733568183214,2.414615424192863,-7.487121105194092,0.208021029002164,3,0,0
poscell_3,20020,/data/dxl/results/rp_qtfg/phase0/offline_probe/structures/poscell_3/20020.extxyz,16,287.080213302198,2.5045995994839445,-6.630671501159668,0.2938104720613179,3,0,0
poscell_3,20021,/data/dxl/results/rp_qtfg/phase0/offline_probe/structures/poscell_3/20021.extxyz,10,105.76409796600487,1.8763323895585324,-8.522340774536133,0.12745522016957378,3,0,0
poscell_3,20022,/data/dxl/results/rp_qtfg/phase0/offline_probe/structures/poscell_3/20022.extxyz,8,331.91030159404386,3.8441926140230596,-8.833852767944336,0.04187207752104878,3,0,0
poscell_3,20023,/data/dxl/results/rp_qtfg/phase0/offline_probe/structures/poscell_3/20023.extxyz,15,205.6091343620874,1.6798789555448501,-8.293434143066406,0.2779025493530262,3,0,0
poscell_3,20024,/data/dxl/results/rp_qtfg/phase0/offline_probe/structures/poscell_3/20024.extxyz,4,51.65789055983446,2.5617173220262957,-7.196025848388672,0.197979929443813,3,0,0
poscell_3,20025,/data/dxl/results/rp_qtfg/phase0/offline_probe/structures/poscell_3/20025.extxyz,20,202.2814042430075,1.9920659686544369,-7.932065963745117,0.3581811591542261,3,0,0
poscell_3,20026,/data/dxl/results/rp_qtfg/phase0/offline_probe/structures/poscell_3/20026.extxyz,14,180.38219008914882,1.6188248845201307,-7.231825351715088,0.4675153657043515,3,0,0
poscell_3,20027,/data/dxl/results/rp_qtfg/phase0/offline_probe/structures/poscell_3/20027.extxyz,9,254.67513381608376,2.993319524485098,-6.314681529998779,0.053354128962399806,3,0,0
poscell_3,20028,/data/dxl/results/rp_qtfg/phase0/offline_probe/structures/poscell_3/20028.extxyz,20,245.97502683956697,1.8417007579989246,-9.577658653259277,0.2361304064217484,3,0,0
poscell_3,20029,/data/dxl/results/rp_qtfg/phase0/offline_probe/structures/poscell_3/20029.extxyz,5,160.83256795315754,2.7147185058682353,-9.059880256652832,0.035491979507714676,3,0,0
poscell_3,20030,/data/dxl/results/rp_qtfg/phase0/offline_probe/structures/poscell_3/20030.extxyz,12,147.5808010559986,2.442008492268674,-6.6025710105896,0.19474171903205156,3,0,0
poscell_3,20031,/data/dxl/results/rp_qtfg/phase0/offline_probe/structures/poscell_3/20031.extxyz,5,142.95397566893317,2.4092206070845723,-7.899672031402588,0.2586576892711778,3,0,0
poscell_3,20032,/data/dxl/results/rp_qtfg/phase0/offline_probe/structures/poscell_3/20032.extxyz,9,184.0978046316547,2.507628059530905,-7.972122669219971,0.4128278390174965,3,0,0
poscell_3,20033,/data/dxl/results/rp_qtfg/phase0/offline_probe/structures/poscell_3/20033.extxyz,7,286.65595434348813,3.294147397192917,-6.992941856384277,0.004878870291156424,3,0,0
poscell_3,20034,/data/dxl/results/rp_qtfg/phase0/offline_probe/structures/poscell_3/20034.extxyz,12,180.18425345448023,2.456699628910506,-7.546712398529053,0.14774890891936865,3,0,0
poscell_3,20035,/data/dxl/results/rp_qtfg/phase0/offline_probe/structures/poscell_3/20035.extxyz,9,122.95536262513248,2.569685759913342,-6.950716972351074,0.20046691487470078,3,0,0
poscell_3,20036,/data/dxl/results/rp_qtfg/phase0/offline_probe/structures/poscell_3/20036.extxyz,4,60.574356402856694,2.468782616573998,-12.86478042602539,0.007783206363777231,3,0,0
poscell_3,20037,/data/dxl/results/rp_qtfg/phase0/offline_probe/structures/poscell_3/20037.extxyz,12,186.62284867244182,2.417767027737695,-7.584328651428223,0.06430314615848419,3,0,0
poscell_3,20038,/data/dxl/results/rp_qtfg/phase0/offline_probe/structures/poscell_3/20038.extxyz,18,233.10387963901232,1.945199842606737,-7.382124423980713,0.1793639205568393,3,0,0
poscell_3,20039,/data/dxl/results/rp_qtfg/phase0/offline_probe/structures/poscell_3/20039.extxyz,16,151.9549790788307,0.9811367735886517,-6.632230758666992,0.3493684330991563,3,0,0
poscell_3,20040,/data/dxl/results/rp_qtfg/phase0/offline_probe/structures/poscell_3/20040.extxyz,4,114.61011441473688,3.3343139926445056,-5.927677631378174,0.0022921519851436777,3,0,0
poscell_3,20041,/data/dxl/results/rp_qtfg/phase0/offline_probe/structures/poscell_3/20041.extxyz,6,67.08537963539274,2.4532905142800123,-7.052022933959961,0.05488901203277585,3,0,0
poscell_3,20042,/data/dxl/results/rp_qtfg/phase0/offline_probe/structures/poscell_3/20042.extxyz,9,262.60369073992024,3.079170696979693,-9.014113426208496,0.0528014626101288,3,0,0
poscell_3,20043,/data/dxl/results/rp_qtfg/phase0/offline_probe/structures/poscell_3/20043.extxyz,6,113.03350101809117,2.8240194175767623,-8.319757461547852,0.15930088683797625,3,0,0
poscell_3,20044,/data/dxl/results/rp_qtfg/phase0/offline_probe/structures/poscell_3/20044.extxyz,4,44.435397148452246,2.4689082138217837,-5.991084098815918,0.0520375096292,3,0,0
poscell_3,20045,/data/dxl/results/rp_qtfg/phase0/offline_probe/structures/poscell_3/20045.extxyz,12,152.20112500754624,2.3258490135347243,-7.177005767822266,0.3389251835105173,3,0,0
poscell_3,20046,/data/dxl/results/rp_qtfg/phase0/offline_probe/structures/poscell_3/20046.extxyz,10,143.76167396533458,2.0437835606607067,-9.610889434814453,0.1223048528129391,3,0,0
poscell_3,20047,/data/dxl/results/rp_qtfg/phase0/offline_probe/structures/poscell_3/20047.extxyz,4,142.6388123479972,3.5141562437515304,-6.702024459838867,0.011609175355230384,3,0,0
poscell_3,20048,/data/dxl/results/rp_qtfg/phase0/offline_probe/structures/poscell_3/20048.extxyz,10,144.2520684848312,1.9185387765426234,-9.053661346435547,0.1581478646423298,3,0,0
poscell_3,20049,/data/dxl/results/rp_qtfg/phase0/offline_probe/structures/poscell_3/20049.extxyz,12,152.2341618968854,2.043713533043333,-7.688950538635254,0.021988743344808086,3,0,0
poscell_3,20050,/data/dxl/results/rp_qtfg/phase0/offline_probe/structures/poscell_3/20050.extxyz,10,129.51207095486808,1.9207375150603068,-7.942019462585449,0.12878667684509237,3,0,0
poscell_3,20051,/data/dxl/results/rp_qtfg/phase0/offline_probe/structures/poscell_3/20051.extxyz,7,159.6264038836407,2.283827361311146,-8.753902435302734,0.10759077914423143,3,0,0
poscell_3,20052,/data/dxl/results/rp_qtfg/phase0/offline_probe/structures/poscell_3/20052.extxyz,14,145.71124872222873,1.9072360449038461,-6.55435037612915,0.24263155354201615,3,0,0
poscell_3,20053,/data/dxl/results/rp_qtfg/phase0/offline_probe/structures/poscell_3/20053.extxyz,4,125.13128968441222,3.435862560837974,-6.929346084594727,0.0038701999119405473,3,0,0
poscell_3,20054,/data/dxl/results/rp_qtfg/phase0/offline_probe/structures/poscell_3/20054.extxyz,6,108.96252209869725,2.665660499597494,-7.3979268074035645,0.03505991762457176,3,0,0
poscell_3,20055,/data/dxl/results/rp_qtfg/phase0/offline_probe/structures/poscell_3/20055.extxyz,12,137.5692005103689,2.437837399535078,-8.550894737243652,0.15879483245208392,3,0,0
poscell_3,20056,/data/dxl/results/rp_qtfg/phase0/offline_probe/structures/poscell_3/20056.extxyz,4,64.09876101957936,2.1931070582273,-10.717137336730957,0.059581406846334596,3,0,0
poscell_3,20057,/data/dxl/results/rp_qtfg/phase0/offline_probe/structures/poscell_3/20057.extxyz,8,91.8277830206778,2.4459861528812565,-7.712042808532715,0.11979630205396043,3,0,0
poscell_3,20058,/data/dxl/results/rp_qtfg/phase0/offline_probe/structures/poscell_3/20058.extxyz,3,39.202124531439516,2.332867709568231,-9.842707633972168,0.0038255571589962804,3,0,0
poscell_3,20059,/data/dxl/results/rp_qtfg/phase0/offline_probe/structures/poscell_3/20059.extxyz,10,154.5495892142928,2.100085570441964,-10.342952728271484,0.0953331597820177,3,0,0
poscell_3,20060,/data/dxl/results/rp_qtfg/phase0/offline_probe/structures/poscell_3/20060.extxyz,8,141.82669472891945,1.9122351900771497,-7.662478446960449,0.30147994698254743,3,0,0
poscell_3,20061,/data/dxl/results/rp_qtfg/phase0/offline_probe/structures/poscell_3/20061.extxyz,10,126.98394728937664,1.6213513119304388,-7.709305286407471,0.2454829024929127,3,0,0
poscell_3,20062,/data/dxl/results/rp_qtfg/phase0/offline_probe/structures/poscell_3/20062.extxyz,10,125.98147593637945,2.073024072105446,-7.663353443145752,0.040417856926100094,3,0,0
poscell_3,20063,/data/dxl/results/rp_qtfg/phase0/offline_probe/structures/poscell_3/20063.extxyz,8,187.14369984125796,2.7552171905469907,-4.513927459716797,0.021597998380591996,3,0,0
