phase,step,epoch,loss_train_step,loss_diffusion_train_step,loss_repa_alignment_train_step,loss_repa_weighted_train_step,loss_train_epoch,loss_diffusion_train_epoch,loss_repa_alignment_train_epoch,loss_repa_weighted_train_epoch,loss_val
V1-S,9,0,1.2787415981292725,0.4526787996292114,8.260628700256348,0.8260628581047058,,,,,
V1-S,19,0,1.11593759059906,0.3559520840644836,7.599855899810791,0.759985625743866,,,,,
V1-S,29,0,1.1223030090332031,0.4081735908985138,7.141294956207275,0.7141295075416565,,,,,
V1-S,39,0,1.0470839738845823,0.3808215260505676,6.662624359130859,0.6662623882293701,,,,,
V1-S,49,0,1.0007963180541992,0.3671495020389557,6.336467266082764,0.6336467266082764,,,,,
V1-S,50,0,,,,,1.1120917797088623,0.3707790672779083,7.413125991821289,0.7413125038146973,
V1-S,59,1,0.9157527089118958,0.3190925121307373,5.966602325439453,0.5966601967811584,,,,,
V1-S,69,1,1.0047053098678589,0.3934090137481689,6.112963676452637,0.6112963557243347,,,,,
V1-S,79,1,0.8817554116249084,0.3371365666389465,5.446187973022461,0.5446187853813171,,,,,
V1-S,89,1,0.8511382341384888,0.3597888350486755,4.913493633270264,0.4913493990898132,,,,,
V1-S,99,1,0.813118577003479,0.3297941088676452,4.833244323730469,0.4833244979381561,,,,,
V1-S,101,1,,,,,0.927679479122162,0.3706408441066742,5.57038688659668,0.5570387244224548,
V1-S,109,2,0.8902305960655212,0.3905930519104004,4.996375560760498,0.4996375441551208,,,,,
V1-S,119,2,0.8329707980155945,0.360474944114685,4.724958896636963,0.4724958837032318,,,,,
V1-S,129,2,0.7765907049179077,0.3480925858020782,4.28498125076294,0.4284981191158294,,,,,
V1-S,139,2,0.7611529231071472,0.3367779850959778,4.243749141693115,0.4243749380111694,,,,,
V1-S,149,2,0.7389780282974243,0.3117830157279968,4.2719502449035645,0.4271950423717499,,,,,
V1-S,152,2,,,,,0.8103567361831665,0.3533381223678589,4.570185661315918,0.4570185840129852,
V1-S,159,3,0.7257198095321655,0.3023815751075744,4.233382701873779,0.4233382940292358,,,,,
V1-S,169,3,0.7232085466384888,0.3360871076583862,3.871213436126709,0.3871213793754577,,,,,
V1-S,179,3,0.789673388004303,0.3575711250305176,4.321022987365723,0.4321022629737854,,,,,
V1-S,189,3,0.7884619235992432,0.3804603815078735,4.080015182495117,0.4080015122890472,,,,,
V1-S,199,3,0.6958885192871094,0.3260876536369324,3.698008298873901,0.3698008358478546,,,,,
V1-S,203,3,,,,,0.7364819645881653,0.3389922976493835,3.974896192550659,0.3974896371364593,
V1-S,209,4,0.7190443873405457,0.3291109204292297,3.899334669113159,0.3899334669113159,,,,,
V1-S,219,4,0.7262759208679199,0.3721967339515686,3.5407919883728027,0.3540792167186737,,,,,
V1-S,229,4,0.7224398851394653,0.3447856903076172,3.7765419483184814,0.3776541948318481,,,,,
V1-S,239,4,0.6977465748786926,0.3089843094348907,3.8876218795776367,0.3887622058391571,,,,,
V1-S,249,4,0.7463499307632446,0.3656767010688782,3.806732177734375,0.3806732594966888,,,,,
V1-S,249,4,,,,,,,,,0.3330973982810974
V1-S,254,4,,,,,0.7141517400741577,0.3470847606658935,3.6706693172454834,0.3670669198036194,
V1-S,259,5,0.678257167339325,0.356205403804779,3.220517635345459,0.3220517635345459,,,,,
V1-S,269,5,0.7630146741867065,0.4147438704967499,3.4827077388763428,0.3482708036899566,,,,,
V1-S,279,5,0.7272319793701172,0.3716071248054504,3.556248426437378,0.3556248545646667,,,,,
V1-S,289,5,0.6779438257217407,0.343638002872467,3.343057870864868,0.3343058228492737,,,,,
V1-S,299,5,0.6199706196784973,0.3119494020938873,3.080212354660034,0.3080212473869324,,,,,
V1-S,305,5,,,,,0.6768890023231506,0.3425118625164032,3.3437721729278564,0.3343771994113922,
V1-S,309,6,0.6214614510536194,0.304388165473938,3.1707329750061035,0.3170732855796814,,,,,
V1-S,319,6,0.6747291088104248,0.3252903521060943,3.494386672973633,0.3494386970996856,,,,,
V1-S,329,6,0.6788033843040466,0.3623676002025604,3.164357662200928,0.3164357542991638,,,,,
V1-S,339,6,0.7087908387184143,0.3801202476024627,3.2867064476013184,0.3286706209182739,,,,,
V1-S,349,6,0.6635137796401978,0.3508869409561157,3.1262683868408203,0.312626838684082,,,,,
V1-S,356,6,,,,,0.6583090424537659,0.3383665978908539,3.199425220489502,0.3199425041675567,
V1-S,359,7,0.6399962306022644,0.3297060132026672,3.10290265083313,0.3102902770042419,,,,,
V1-S,369,7,0.7589982748031616,0.4536019265651703,3.053963661193848,0.3053963482379913,,,,,
V1-S,379,7,0.6191869974136353,0.325519859790802,2.9366719722747803,0.293667197227478,,,,,
V1-S,389,7,0.6857799291610718,0.3570055365562439,3.2877440452575684,0.3287743926048279,,,,,
V1-S,399,7,0.668753445148468,0.3580145239830017,3.107389450073242,0.3107389509677887,,,,,
V1-S,407,7,,,,,0.6473937630653381,0.3413556516170501,3.0603811740875244,0.3060381114482879,
V1-S,409,8,0.601935625076294,0.307461678981781,2.9447388648986816,0.2944739162921905,,,,,
V1-S,419,8,0.6712315678596497,0.347389280796051,3.2384226322174072,0.3238422870635986,,,,,
V1-S,429,8,0.6219632029533386,0.3041746020317077,3.1778860092163086,0.3177886307239532,,,,,
V1-S,439,8,0.6408822536468506,0.3359456062316894,3.0493667125701904,0.3049366772174835,,,,,
V1-S,449,8,0.6010570526123047,0.3345414102077484,2.665156126022339,0.2665156722068786,,,,,
V1-S,458,8,,,,,0.6395636200904846,0.3448447287082672,2.947188138961792,0.2947188317775726,
V1-S,459,9,0.7290418148040771,0.4299699962139129,2.9907188415527344,0.2990718483924866,,,,,
V1-S,469,9,0.6324006915092468,0.3285031914710998,3.03897476196289,0.303897500038147,,,,,
V1-S,479,9,0.6125169992446899,0.3653788566589355,2.471381664276123,0.2471381872892379,,,,,
V1-S,489,9,0.6639827489852905,0.3173334896564483,3.4664926528930664,0.3466492891311645,,,,,
V1-S,499,9,0.5323362350463867,0.2676118016242981,2.6472439765930176,0.2647244334220886,,,,,
V1-S,499,9,,,,,,,,,0.3055188059806824
V1-S,509,9,0.7165399789810181,0.4012283980846405,3.1531167030334477,0.3153117001056671,,,,,
V1-S,509,9,,,,,0.6310000419616699,0.3493821024894714,2.816180467605591,0.2816179990768432,
V1-S,519,10,0.6337323188781738,0.3489004969596863,2.848317623138428,0.2848317921161651,,,,,
V1-S,529,10,0.664344847202301,0.3208095729351043,3.435352563858032,0.3435352742671966,,,,,
V1-S,539,10,0.6050769686698914,0.3156678378582001,2.8940911293029785,0.2894091606140136,,,,,
V1-S,549,10,0.6665778160095215,0.3585827350616455,3.0799503326416016,0.3079950511455536,,,,,
V1-S,559,10,0.6397061347961426,0.3505247235298157,2.8918137550354004,0.2891813814640045,,,,,
V1-S,560,10,,,,,0.6132811903953552,0.3345827460289001,2.786984205245972,0.2786984443664551,
V1-S,569,11,0.5339198708534241,0.2754018604755401,2.5851800441741943,0.2585180103778839,,,,,
V1-S,579,11,0.5851669907569885,0.3667643666267395,2.1840267181396484,0.2184026837348938,,,,,
V1-S,589,11,0.5426127910614014,0.2770441174507141,2.655686378479004,0.2655686438083648,,,,,
V1-S,599,11,0.6032198667526245,0.3124581277370453,2.9076175689697266,0.2907617390155792,,,,,
V1-S,609,11,0.5419843196868896,0.3004850745201111,2.414992332458496,0.2414992451667785,,,,,
V1-S,611,11,,,,,0.6163501143455505,0.3391560912132263,2.771940231323242,0.2771940529346466,
V1-S,619,12,0.6060519814491272,0.3395281732082367,2.665238380432129,0.2665238380432129,,,,,
V1-S,629,12,0.5898359417915344,0.3236908912658691,2.661450147628784,0.2661450505256653,,,,,
V1-S,639,12,0.5785186290740967,0.3461173176765442,2.324012994766236,0.2324012964963913,,,,,
V1-S,649,12,0.6277061700820923,0.3769337236881256,2.5077242851257324,0.2507724165916443,,,,,
V1-S,659,12,0.601586639881134,0.3138396143913269,2.8774702548980717,0.2877469956874847,,,,,
V1-S,662,12,,,,,0.5991021990776062,0.3323241472244262,2.6677801609039307,0.2667780220508575,
V1-S,669,13,0.6931036710739136,0.3895489871501922,3.0355470180511475,0.3035547137260437,,,,,
V1-S,679,13,0.5805615186691284,0.344637393951416,2.359241247177124,0.2359241098165512,,,,,
V1-S,689,13,0.6028730273246765,0.3273351192474365,2.755379438400269,0.2755379676818847,,,,,
V1-S,699,13,0.585633397102356,0.337907075881958,2.4772634506225586,0.2477263510227203,,,,,
V1-S,709,13,0.5846261382102966,0.3116225004196167,2.7300362586975098,0.2730036079883575,,,,,
V1-S,713,13,,,,,0.6098254919052124,0.3414792120456695,2.6834633350372314,0.2683463096618652,
V1-S,719,14,0.6313297748565674,0.3635021448135376,2.678276300430298,0.2678276300430298,,,,,
V1-S,729,14,0.5735490918159485,0.3321777880191803,2.413712978363037,0.2413713037967682,,,,,
V1-S,739,14,0.5810202360153198,0.3266613483428955,2.543588638305664,0.2543588578701019,,,,,
V1-S,749,14,0.59452885389328,0.3179840445518493,2.7654478549957275,0.2765447795391083,,,,,
V1-S,749,14,,,,,,,,,0.3406451344490051
V1-S,759,14,0.635591983795166,0.3335738778114319,3.020180940628052,0.3020180761814117,,,,,
V1-S,764,14,,,,,0.6068505048751831,0.3437653481960296,2.630852222442627,0.2630852460861206,
V1-S,769,15,0.5066923499107361,0.2731583714485168,2.3353395462036133,0.2335339486598968,,,,,
V1-S,779,15,0.5898309946060181,0.3250653743743896,2.6476571559906006,0.2647657096385956,,,,,
V1-S,789,15,0.5457838773727417,0.3203851580619812,2.2539873123168945,0.2253987342119217,,,,,
V1-S,799,15,0.5634218454360962,0.2886291444301605,2.747926950454712,0.2747926712036133,,,,,
V1-S,809,15,0.6258895397186279,0.3361467123031616,2.897428512573242,0.2897428274154663,,,,,
V1-S,815,15,,,,,0.5829552412033081,0.329152375459671,2.5380282402038574,0.2538028657436371,
V1-S,819,16,0.5945954322814941,0.38602015376091,2.085752487182617,0.2085752487182617,,,,,
V1-S,829,16,0.5591152906417847,0.3238703906536102,2.3524491786956787,0.2352448850870132,,,,,
V1-S,839,16,0.5336797833442688,0.302901029586792,2.3077871799468994,0.2307787239551544,,,,,
V1-S,849,16,0.6858140826225281,0.4283414781093597,2.574725151062012,0.2574725151062011,,,,,
V1-S,859,16,0.4843338131904602,0.2833562195301056,2.009775400161743,0.2009775340557098,,,,,
V1-S,866,16,,,,,0.5931068658828735,0.3371142148971557,2.559926748275757,0.2559926509857178,
V1-S,869,17,0.6926973462104797,0.3782848417758941,3.144125699996948,0.3144125938415527,,,,,
V1-S,879,17,0.6173299551010132,0.3703120350837707,2.470179319381714,0.2470179349184036,,,,,
V1-S,889,17,0.5588899850845337,0.2966503500938415,2.6223959922790527,0.2622396051883697,,,,,
V1-S,899,17,0.5845784544944763,0.3546644747257232,2.2991397380828857,0.2299140095710754,,,,,
V1-S,909,17,0.6317201256752014,0.3359655141830444,2.95754623413086,0.2957546412944793,,,,,
V1-S,917,17,,,,,0.6001631617546082,0.3414205312728882,2.5874269008636475,0.2587427198886871,
V1-S,919,18,0.5987762212753296,0.3369608223438263,2.6181535720825195,0.2618153393268585,,,,,
V1-S,929,18,0.6691610813140869,0.3854111135005951,2.83750057220459,0.283750057220459,,,,,
V1-S,939,18,0.5536290407180786,0.334059327840805,2.195696830749512,0.2195696830749511,,,,,
V1-S,949,18,0.4804440140724182,0.2617829740047455,2.186610698699951,0.2186610400676727,,,,,
V1-S,959,18,0.5364521741867065,0.3296902179718017,2.0676188468933105,0.20676189661026,,,,,
V1-S,968,18,,,,,0.5852541327476501,0.3353950679302215,2.4985907077789307,0.2498590797185897,
V1-S,969,19,0.5953627228736877,0.3464512228965759,2.4891152381896973,0.2489115297794342,,,,,
V1-S,979,19,0.5868606567382812,0.3518824577331543,2.3497817516326904,0.2349781841039657,,,,,
V1-S,989,19,0.6583770513534546,0.3693662881851196,2.8901071548461914,0.2890107035636902,,,,,
V1-S,999,19,0.6020177602767944,0.3544521629810333,2.475656032562256,0.2475656270980835,,,,,
V1-S,999,19,,,,,,,,,0.3404189348220825
V1-S,999,19,,,,,0.5828264951705933,0.3346025943756103,2.482239246368408,0.2482239305973053,
V1-D,999,19,,,,,,,,,0.3279595375061035
V1-D,1009,19,0.539589524269104,0.3161271214485168,2.234623908996582,0.2234624028205871,,,,,
V1-D,1019,19,0.58537358045578,0.3211042881011963,2.6426925659179688,0.2642692625522613,,,,,
V1-D,1020,19,,,,,0.5764522552490234,0.3310712575912475,2.453810453414917,0.245381012558937,
V1-D,1029,20,0.5749976634979248,0.3407712876796722,2.3422632217407227,0.2342263311147689,,,,,
V1-D,1039,20,0.6183461546897888,0.3628889918327331,2.554572105407715,0.2554572224617004,,,,,
V1-D,1049,20,0.5141915678977966,0.3002098500728607,2.1398167610168457,0.2139816731214523,,,,,
V1-D,1059,20,0.6596388816833496,0.3728789687156677,2.8675992488861084,0.2867599129676819,,,,,
V1-D,1069,20,0.5890078544616699,0.3602122664451599,2.2879557609558105,0.2287955582141876,,,,,
V1-D,1071,20,,,,,0.5811994075775146,0.3386174738407135,2.425819635391236,0.2425819337368011,
V1-D,1079,21,0.6360494494438171,0.3651203513145447,2.7092902660369877,0.2709290385246277,,,,,
V1-D,1089,21,0.6089697480201721,0.3629688322544098,2.4600093364715576,0.2460009157657623,,,,,
V1-D,1099,21,0.641262412071228,0.3832720816135406,2.579902648925781,0.2579902708530426,,,,,
V1-D,1109,21,0.633673906326294,0.4024811685085296,2.311927318572998,0.2311927378177642,,,,,
V1-D,1119,21,0.6632740497589111,0.3684390187263489,2.948349952697754,0.2948349714279175,,,,,
V1-D,1122,21,,,,,0.576931357383728,0.3399579524993896,2.369734287261963,0.2369734644889831,
V1-D,1129,22,0.5087467432022095,0.2883543968200683,2.2039239406585693,0.2203924059867859,,,,,
V1-D,1139,22,0.5231504440307617,0.3054683208465576,2.176820755004883,0.2176820933818817,,,,,
V1-D,1149,22,0.4629851877689361,0.2580022513866424,2.0498299598693848,0.2049829810857772,,,,,
V1-D,1159,22,0.533068060874939,0.3252699077129364,2.077982187271118,0.2077981978654861,,,,,
V1-D,1169,22,0.586053729057312,0.3183090984821319,2.677446126937866,0.2677446007728576,,,,,
V1-D,1173,22,,,,,0.5683676600456238,0.3310791552066803,2.372885227203369,0.2372885346412658,
V1-D,1179,23,0.5136868953704834,0.2724789083003998,2.4120798110961914,0.2412079870700836,,,,,
V1-D,1189,23,0.5165838003158569,0.2958197295665741,2.2076401710510254,0.2207640260457992,,,,,
V1-D,1199,23,0.6045057773590088,0.3909873962402344,2.1351840496063232,0.2135183960199356,,,,,
V1-D,1209,23,0.5371284484863281,0.2918441295623779,2.452842950820923,0.2452843189239502,,,,,
V1-D,1219,23,0.5880005359649658,0.3477969467639923,2.4020354747772217,0.2402035444974899,,,,,
V1-D,1224,23,,,,,0.5818663835525513,0.337499737739563,2.443666458129883,0.2443666309118271,
V1-D,1229,24,0.6477079391479492,0.3601537644863128,2.875542163848877,0.2875542342662811,,,,,
V1-D,1239,24,0.6658061742782593,0.3707824647426605,2.9502370357513428,0.2950236797332763,,,,,
V1-D,1249,24,0.5927113890647888,0.3976869285106659,1.9502440690994265,0.1950244009494781,,,,,
V1-D,1249,24,,,,,,,,,0.3111652731895447
V1-D,1259,24,0.5045096278190613,0.3001756966114044,2.043339252471924,0.2043339163064956,,,,,
V1-D,1269,24,0.6391626000404358,0.3906726837158203,2.4848992824554443,0.2484899163246154,,,,,
V1-D,1275,24,,,,,0.5706347227096558,0.3358108401298523,2.348238468170166,0.2348238378763198,
V1-D,1279,25,0.6349823474884033,0.3740745186805725,2.6090784072875977,0.2609078586101532,,,,,
V1-D,1289,25,0.5426340103149414,0.3048158288002014,2.3781814575195312,0.2378181368112564,,,,,
V1-D,1299,25,0.579410195350647,0.3604442179203033,2.1896603107452397,0.2189660221338272,,,,,
V1-D,1309,25,0.5928357243537903,0.3472304940223694,2.456052303314209,0.2456052303314209,,,,,
V1-D,1319,25,0.5242927074432373,0.2972857654094696,2.270068883895874,0.2270068973302841,,,,,
V1-D,1326,25,,,,,0.5631802082061768,0.3293178677558899,2.3386237621307373,0.233862355351448,
V1-D,1329,26,0.6465134620666504,0.3493707776069641,2.971426486968994,0.2971426546573639,,,,,
V1-D,1339,26,0.5685938596725464,0.3353612720966339,2.332326650619507,0.2332326471805572,,,,,
V1-D,1349,26,0.5419467091560364,0.3389074504375458,2.030392646789551,0.2030392736196518,,,,,
V1-D,1359,26,0.5674469470977783,0.3246707320213318,2.42776107788086,0.2427761405706405,,,,,
V1-D,1369,26,0.5961036682128906,0.3437618613243103,2.5234174728393555,0.2523417472839355,,,,,
V1-D,1377,26,,,,,0.5707992315292358,0.334025502204895,2.3677375316619877,0.2367737591266632,
V1-D,1379,27,0.5617566704750061,0.3068146109580993,2.5494203567504883,0.2549419999122619,,,,,
V1-D,1389,27,0.5481356382369995,0.349353164434433,1.9878246784210205,0.1987824738025665,,,,,
V1-D,1399,27,0.5212094783782959,0.329013854265213,1.9219554662704468,0.1921955496072769,,,,,
V1-D,1409,27,0.5884871482849121,0.323805034160614,2.6468207836151123,0.2646820843219757,,,,,
V1-D,1419,27,0.6063945293426514,0.3607025742530823,2.4569191932678223,0.2456918954849243,,,,,
V1-D,1428,27,,,,,0.5747750401496887,0.3417584598064422,2.330165147781372,0.2330165356397628,
V1-D,1429,28,0.6381473541259766,0.3771714866161346,2.609758853912353,0.2609758973121643,,,,,
V1-D,1439,28,0.5210670232772827,0.3201564848423004,2.0091049671173096,0.2009105086326599,,,,,
V1-D,1449,28,0.5634423494338989,0.3570348620414734,2.064074754714966,0.2064074575901031,,,,,
V1-D,1459,28,0.563736617565155,0.3396291732788086,2.241074085235596,0.224107414484024,,,,,
V1-D,1469,28,0.5460973978042603,0.3227595686912536,2.2333784103393555,0.2233378440141677,,,,,
V1-D,1479,28,0.5469239950180054,0.3217470049858093,2.25177001953125,0.225176990032196,,,,,
V1-D,1479,28,,,,,0.5709988474845886,0.3392605483531952,2.3173835277557373,0.2317383289337158,
V1-D,1489,29,0.5463259816169739,0.3395358026027679,2.067901849746704,0.2067901790142059,,,,,
V1-D,1499,29,0.5731493234634399,0.3332786858081817,2.3987064361572266,0.2398706674575805,,,,,
V1-D,1499,29,,,,,,,,,0.32529416680336
V1-D,1509,29,0.5165873765945435,0.2766972482204437,2.3989007472991943,0.2398900836706161,,,,,
V1-D,1519,29,0.5634258985519409,0.3643085360527038,1.9911739826202397,0.1991173923015594,,,,,
V1-D,1529,29,0.6385440826416016,0.4120781421661377,2.2646589279174805,0.2264659106731414,,,,,
V1-D,1530,29,,,,,0.5627440214157104,0.3332902491092682,2.294537305831909,0.2294537425041198,
V1-D,1539,30,0.5841417908668518,0.341899573802948,2.422422409057617,0.242242231965065,,,,,
V1-D,1549,30,0.6309678554534912,0.3346957564353943,2.962721347808838,0.2962721288204193,,,,,
V1-D,1559,30,0.5989449620246887,0.3797807693481445,2.191641569137573,0.2191641628742218,,,,,
V1-D,1569,30,0.5720441937446594,0.3449810445308685,2.2706305980682373,0.2270630598068237,,,,,
V1-D,1579,30,0.5800190567970276,0.3249343335628509,2.5508475303649902,0.255084753036499,,,,,
V1-D,1581,30,,,,,0.5748966336250305,0.3351714611053467,2.397251605987549,0.239725187420845,
V1-D,1589,31,0.5434061288833618,0.2996402978897095,2.4376590251922607,0.2437659054994583,,,,,
V1-D,1599,31,0.4937444627285003,0.2855470478534698,2.081974506378174,0.2081974595785141,,,,,
V1-D,1609,31,0.6578517556190491,0.400310069322586,2.575416326522827,0.2575416564941406,,,,,
V1-D,1619,31,0.5829702019691467,0.3368850946426391,2.460850715637207,0.2460850775241851,,,,,
V1-D,1629,31,0.5546132922172546,0.3071008026599884,2.4751245975494385,0.2475124597549438,,,,,
V1-D,1632,31,,,,,0.5679057836532593,0.3341589272022247,2.337468385696411,0.2337468415498733,
V1-D,1639,32,0.5827327370643616,0.3665417730808258,2.161910057067871,0.2161909937858581,,,,,
V1-D,1649,32,0.5774288773536682,0.3229185044765472,2.5451040267944336,0.2545104026794433,,,,,
V1-D,1659,32,0.5957329273223877,0.3803606331348419,2.1537230014801025,0.2153722792863845,,,,,
V1-D,1669,32,0.5313305854797363,0.3377838730812073,1.93546724319458,0.1935467272996902,,,,,
V1-D,1679,32,0.5987953543663025,0.3497488498687744,2.490464687347412,0.2490464597940445,,,,,
V1-D,1683,32,,,,,0.569765567779541,0.3349792957305908,2.3478615283966064,0.234786182641983,
V1-D,1689,33,0.5476853847503662,0.2948977947235107,2.5278759002685547,0.2527876198291778,,,,,
V1-D,1699,33,0.6834210753440857,0.4188209772109985,2.646001100540161,0.2646000981330871,,,,,
V1-D,1709,33,0.5560358762741089,0.3157075643539428,2.403282880783081,0.2403282970190048,,,,,
V1-D,1719,33,0.5626591444015503,0.326184332370758,2.364748001098633,0.2364748120307922,,,,,
V1-D,1729,33,0.5368975400924683,0.3108970522880554,2.260004997253418,0.2260004878044128,,,,,
V1-D,1734,33,,,,,0.5723258256912231,0.3373113870620727,2.350144147872925,0.2350144535303115,
V1-D,1739,34,0.5928838849067688,0.375815600156784,2.1706831455230717,0.2170683294534683,,,,,
V1-D,1749,34,0.5890320539474487,0.3324370682239532,2.565950393676758,0.2565950453281402,,,,,
V1-D,1749,34,,,,,,,,,0.3236857056617737
V1-D,1759,34,0.6279317736625671,0.382729023694992,2.4520273208618164,0.2452027350664138,,,,,
V1-D,1769,34,0.5189012289047241,0.286259651184082,2.326416015625,0.2326416075229644,,,,,
V1-D,1779,34,0.5405985116958618,0.2932879030704498,2.473105907440185,0.2473105937242508,,,,,
V1-D,1785,34,,,,,0.5655329823493958,0.3342494964599609,2.3128347396850586,0.2312834560871124,
V1-D,1789,35,0.5604379773139954,0.347314715385437,2.131232261657715,0.2131232470273971,,,,,
V1-D,1799,35,0.4862963557243347,0.2635145783424377,2.22781753540039,0.2227817624807357,,,,,
V1-D,1809,35,0.5720561742782593,0.3568474650382995,2.1520872116088867,0.2152087241411209,,,,,
V1-D,1819,35,0.5585449934005737,0.3200040459632873,2.385408878326416,0.2385409027338028,,,,,
V1-D,1829,35,0.5762147307395935,0.3465018272399902,2.297128677368164,0.2297128736972808,,,,,
V1-D,1836,35,,,,,0.5671595931053162,0.334324300289154,2.328353881835937,0.2328353822231292,
V1-D,1839,36,0.5805796980857849,0.3332087099552154,2.473710060119629,0.2473710179328918,,,,,
V1-D,1849,36,0.6257422566413879,0.3502224087715149,2.7551984786987305,0.275519847869873,,,,,
V1-D,1859,36,0.6214067935943604,0.3738251626491546,2.475816488265991,0.2475816160440445,,,,,
V1-D,1869,36,0.6089493036270142,0.3371735215187073,2.7177579402923584,0.2717757821083069,,,,,
V1-D,1879,36,0.48788782954216,0.3085788488388061,1.7930899858474731,0.1793090105056762,,,,,
V1-D,1887,36,,,,,0.5777440667152405,0.3407829105854034,2.3696117401123047,0.2369611412286758,
V1-D,1889,37,0.4561402797698974,0.2676744759082794,1.8846577405929563,0.1884657740592956,,,,,
V1-D,1899,37,0.5697994828224182,0.3000227212905884,2.6977672576904297,0.2697767317295074,,,,,
V1-D,1909,37,0.5832406878471375,0.3323393762111664,2.5090134143829346,0.2509013414382934,,,,,
V1-D,1919,37,0.6182200908660889,0.3687478303909302,2.494722366333008,0.2494722455739975,,,,,
V1-D,1929,37,0.6189430356025696,0.3367928862571716,2.8215012550354004,0.2821501493453979,,,,,
V1-D,1938,37,,,,,0.5665445923805237,0.336132287979126,2.304123640060425,0.2304123640060424,
V1-D,1939,38,0.5325504541397095,0.3241804838180542,2.083699941635132,0.2083699852228164,,,,,
V1-D,1949,38,0.5112099051475525,0.3091636002063751,2.020463228225708,0.2020463198423385,,,,,
V1-D,1959,38,0.5905698537826538,0.3159159719944,2.7465386390686035,0.2746538817882538,,,,,
V1-D,1969,38,0.4582527279853821,0.2362570464611053,2.219956398010254,0.2219956666231155,,,,,
V1-D,1979,38,0.5521004796028137,0.3635969161987304,1.885035276412964,0.1885035336017608,,,,,
V1-D,1989,38,0.5673807859420776,0.3232118487358093,2.4416890144348145,0.2441689223051071,,,,,
V1-D,1989,38,,,,,0.5639200210571289,0.3340718448162079,2.2984814643859863,0.2298481315374374,
V1-D,1999,39,0.5813841223716736,0.3567152917385101,2.2466883659362797,0.2246688455343246,,,,,
V1-D,1999,39,,,,,,,,,0.3205101788043976
V1-D,2009,39,0.6674687266349792,0.3870338797569275,2.8043484687805176,0.2804348468780517,,,,,
V1-D,2019,39,0.6210561394691467,0.3700542151927948,2.5100185871124268,0.2510018646717071,,,,,
V1-D,2029,39,0.5162277221679688,0.3051692545413971,2.110584259033203,0.2110584378242492,,,,,
V1-D,2039,39,0.5163939595222473,0.3237829804420471,1.926109790802002,0.1926110088825225,,,,,
V1-D,2040,39,,,,,0.5728611350059509,0.3406860530376434,2.321750402450561,0.2321750372648239,
V1-D,2049,40,0.5317837595939636,0.3218728303909302,2.099109172821045,0.2099109143018722,,,,,
V1-D,2059,40,0.6145444512367249,0.3616129755973816,2.5293147563934326,0.2529314756393432,,,,,
V1-D,2069,40,0.5717460513114929,0.3341107368469238,2.3763532638549805,0.2376353144645691,,,,,
V1-D,2079,40,0.4764913916587829,0.2804679274559021,1.960234522819519,0.1960234493017196,,,,,
V1-D,2089,40,0.5498291850090027,0.355859637260437,1.9396952390670776,0.1939695328474044,,,,,
V1-D,2091,40,,,,,0.5607641339302063,0.3343749046325683,2.263892650604248,0.2263892292976379,
V1-D,2099,41,0.5107457637786865,0.3252718150615692,1.8547391891479488,0.1854739189147949,,,,,
V1-D,2109,41,0.5299557447433472,0.3166550099849701,2.133006811141968,0.2133006900548935,,,,,
V1-D,2119,41,0.5283787250518799,0.3146528601646423,2.137258768081665,0.2137258797883987,,,,,
V1-D,2129,41,0.4667642116546631,0.2802687585353851,1.864954233169556,0.1864954382181167,,,,,
V1-D,2139,41,0.5660504102706909,0.3788905739784241,1.8715983629226685,0.187159851193428,,,,,
V1-D,2142,41,,,,,0.5519222617149353,0.3309561312198639,2.2096612453460693,0.2209661304950714,
V1-D,2149,42,0.5805185437202454,0.3714418709278106,2.090766668319702,0.2090766429901123,,,,,
V1-D,2159,42,0.5821376442909241,0.3666942715644836,2.154433488845825,0.2154433727264404,,,,,
V1-D,2169,42,0.5062196850776672,0.2959838509559631,2.102358341217041,0.2102358341217041,,,,,
V1-D,2179,42,0.623996376991272,0.3396325707435608,2.8436379432678223,0.2843638062477112,,,,,
V1-D,2189,42,0.5609710812568665,0.315426230430603,2.455448627471924,0.2455448359251022,,,,,
V1-D,2193,42,,,,,0.5551419258117676,0.3301730155944824,2.2496893405914307,0.2249689698219299,
V1-D,2199,43,0.5751617550849915,0.3475570380687713,2.2760472297668457,0.2276047468185424,,,,,
V1-D,2209,43,0.5846999287605286,0.3675125241279602,2.171874523162842,0.2171874642372131,,,,,
V1-D,2219,43,0.5023292303085327,0.317139208316803,1.8518998622894287,0.1851899772882461,,,,,
V1-D,2229,43,0.5876588821411133,0.369105577468872,2.185533285140991,0.2185533195734024,,,,,
V1-D,2239,43,0.4989469945430755,0.3163984417915344,1.825485587120056,0.1825485825538635,,,,,
V1-D,2244,43,,,,,0.5655251145362854,0.3385641872882843,2.2696096897125244,0.2269609421491623,
V1-D,2249,44,0.5157139301300049,0.3055112063884735,2.10202693939209,0.2102026939392089,,,,,
V1-D,2249,44,,,,,,,,,0.3077109754085541
V1-D,2259,44,0.5320804715156555,0.3232856392860412,2.0879480838775635,0.2087948024272918,,,,,
V1-D,2269,44,0.5564960837364197,0.3631966114044189,1.932994365692139,0.1932994574308395,,,,,
V1-D,2279,44,0.6269136667251587,0.3480469882488251,2.788666248321533,0.2788666188716888,,,,,
V1-D,2289,44,0.5991259217262268,0.3538125455379486,2.453133344650269,0.2453133314847946,,,,,
V1-D,2295,44,,,,,0.5622189044952393,0.3377774059772491,2.244415521621704,0.2244415432214737,
V1-D,2299,45,0.5865445733070374,0.3504631519317627,2.360815048217773,0.2360814958810806,,,,,
V1-D,2309,45,0.5458858013153076,0.3320639729499817,2.13821792602539,0.2138217985630035,,,,,
V1-D,2319,45,0.6626812815666199,0.4419053196907043,2.207760095596313,0.2207760065793991,,,,,
V1-D,2329,45,0.5764691829681396,0.3502716422080993,2.2619752883911133,0.2261975407600402,,,,,
V1-D,2339,45,0.5402814149856567,0.3359583020210266,2.043231248855591,0.2043231129646301,,,,,
V1-D,2346,45,,,,,0.560030996799469,0.3378338813781738,2.221970558166504,0.2221970409154892,
V1-D,2349,46,0.6000823974609375,0.3761551678180694,2.239272356033325,0.223927229642868,,,,,
V1-D,2359,46,0.5728050470352173,0.319936454296112,2.528685569763184,0.2528685629367828,,,,,
V1-D,2369,46,0.6265009045600891,0.3653311133384704,2.6116979122161865,0.261169821023941,,,,,
V1-D,2379,46,0.627839982509613,0.3671711683273315,2.6066882610321045,0.2606688141822815,,,,,
V1-D,2389,46,0.5512955784797668,0.3404161632061004,2.1087937355041504,0.2108793705701828,,,,,
V1-D,2397,46,,,,,0.5694254040718079,0.340602308511734,2.2882304191589355,0.2288230508565902,
V1-D,2399,47,0.6503106355667114,0.3828124105930328,2.674983024597168,0.2674983143806457,,,,,
V1-D,2409,47,0.6090936064720154,0.3924831449985504,2.1661040782928467,0.2166104018688202,,,,,
V1-D,2419,47,0.5506460666656494,0.3234307169914245,2.272152900695801,0.2272152751684188,,,,,
V1-D,2429,47,0.5614421963691711,0.3457701206207275,2.1567208766937256,0.2156720906496048,,,,,
V1-D,2439,47,0.5624399781227112,0.3231166899204254,2.393232822418213,0.2393232733011245,,,,,
V1-D,2448,47,,,,,0.5579463839530945,0.3337953090667724,2.2415108680725098,0.2241510450839996,
V1-D,2449,48,0.5476798415184021,0.3061583340167999,2.41521430015564,0.2415214627981186,,,,,
V1-D,2459,48,0.6531531810760498,0.4151314496994018,2.3802173137664795,0.2380217462778091,,,,,
V1-D,2469,48,0.5349024534225464,0.3526678681373596,1.8223453760147093,0.182234525680542,,,,,
V1-D,2479,48,0.6049168109893799,0.3149189352989197,2.8999786376953125,0.2899978756904602,,,,,
V1-D,2489,48,0.5879994630813599,0.3185341358184814,2.694653987884521,0.2694653868675232,,,,,
V1-D,2499,48,0.564903736114502,0.3306541442871094,2.342496633529663,0.2342496663331985,,,,,
V1-D,2499,48,,,,,,,,,0.3172757923603058
V1-D,2499,48,,,,,0.5658063888549805,0.3368527293205261,2.289536476135254,0.2289536446332931,
V1-D,2509,49,0.575394868850708,0.3426834642887115,2.327113389968872,0.2327113449573516,,,,,
V1-D,2519,49,0.5638575553894043,0.3231844007968902,2.406731605529785,0.2406731694936752,,,,,
V1-D,2529,49,0.580174446105957,0.3506636917591095,2.295107126235962,0.2295107245445251,,,,,
V1-D,2539,49,0.5655511617660522,0.3282496333122253,2.3730156421661377,0.2373015582561493,,,,,
V1-D,2549,49,0.5365900993347168,0.304991215467453,2.3159890174865723,0.2315989136695861,,,,,
V1-D,2550,49,,,,,0.5585734844207764,0.3342012763023376,2.243721008300781,0.2243721187114715,
V1-D,2559,50,0.5853966474533081,0.3077119886875152,2.776846647262573,0.2776846885681152,,,,,
V1-D,2569,50,0.5641612410545349,0.3235804736614227,2.4058079719543457,0.2405807971954345,,,,,
V1-D,2579,50,0.5238288640975952,0.3214895129203796,2.023393392562866,0.2023393660783767,,,,,
V1-D,2589,50,0.5168902277946472,0.3096155822277069,2.072746753692627,0.2072746753692627,,,,,
V1-D,2599,50,0.5444994568824768,0.320493996143341,2.2400543689727783,0.2240054458379745,,,,,
V1-D,2601,50,,,,,0.5493321418762207,0.3252465426921844,2.2408556938171387,0.2240855693817138,
V1-D,2609,51,0.5189526081085205,0.3328877985477447,1.8606480360031128,0.1860648095607757,,,,,
V1-D,2619,51,0.5915572643280029,0.34354168176651,2.48015570640564,0.2480155974626541,,,,,
V1-D,2629,51,0.5604009032249451,0.3776801824569702,1.8272072076797483,0.1827207207679748,,,,,
V1-D,2639,51,0.5499155521392822,0.3428459763526916,2.0706961154937744,0.2070696055889129,,,,,
V1-D,2649,51,0.5366390347480774,0.2993547916412353,2.37284255027771,0.2372842729091644,,,,,
V1-D,2652,51,,,,,0.5552550554275513,0.3324449956417084,2.228100538253784,0.2228100746870041,
V1-D,2659,52,0.5438411831855774,0.3336915969848633,2.1014962196350098,0.2101496160030365,,,,,
V1-D,2669,52,0.5084289908409119,0.2915565073490143,2.16872501373291,0.2168724834918975,,,,,
V1-D,2679,52,0.5986987948417664,0.3420478701591491,2.5665085315704346,0.2566508650779724,,,,,
V1-D,2689,52,0.5378624200820923,0.326632022857666,2.1123034954071045,0.2112303525209427,,,,,
V1-D,2699,52,0.5829542279243469,0.3479637503623962,2.349904775619507,0.2349904477596283,,,,,
V1-D,2703,52,,,,,0.5614423751831055,0.3350229561328888,2.2641942501068115,0.2264194041490554,
V1-D,2709,53,0.5488344430923462,0.2767045199871063,2.721298933029175,0.2721298933029175,,,,,
V1-D,2719,53,0.5605810880661011,0.3401240110397339,2.2045702934265137,0.2204570323228836,,,,,
V1-D,2729,53,0.5792797207832336,0.3597537279129028,2.195260524749756,0.2195260524749755,,,,,
V1-D,2739,53,0.5359362363815308,0.3139955401420593,2.2194063663482666,0.2219406366348266,,,,,
V1-D,2749,53,0.543644905090332,0.3492412567138672,1.9440362453460691,0.1944036334753036,,,,,
V1-D,2749,53,,,,,,,,,0.2979205548763275
V1-D,2754,53,,,,,0.5606300830841064,0.3339583575725555,2.266716957092285,0.2266717255115509,
V1-D,2759,54,0.5051841139793396,0.3002139627933502,2.04970121383667,0.2049701362848281,,,,,
V1-D,2769,54,0.5500727891921997,0.3226097226142883,2.274630546569824,0.2274630516767501,,,,,
V1-D,2779,54,0.541642427444458,0.315525472164154,2.261169195175171,0.2261169254779815,,,,,
V1-D,2789,54,0.5988203883171082,0.36452317237854,2.3429718017578125,0.2342971712350845,,,,,
V1-D,2799,54,0.4913422167301178,0.263317197561264,2.280250310897827,0.2280250191688537,,,,,
V1-D,2805,54,,,,,0.5586711168289185,0.3343773186206817,2.2429370880126958,0.2242936939001083,
V1-D,2809,55,0.617289125919342,0.3798508942127228,2.374382972717285,0.237438291311264,,,,,
V1-D,2819,55,0.6405979990959167,0.4069529473781585,2.33644962310791,0.233644962310791,,,,,
V1-D,2829,55,0.5720489025115967,0.3665373921394348,2.055115222930908,0.2055115401744842,,,,,
V1-D,2839,55,0.5611953735351562,0.3122420608997345,2.489532947540283,0.2489533275365829,,,,,
V1-D,2849,55,0.4966181516647339,0.2823050320148468,2.1431310176849365,0.214313119649887,,,,,
V1-D,2856,55,,,,,0.5603051781654358,0.3309312462806701,2.293739557266236,0.2293739914894104,
V1-D,2859,56,0.6052572727203369,0.3662709593772888,2.3898630142211914,0.2389862835407257,,,,,
V1-D,2869,56,0.581366240978241,0.3492535054683685,2.321126699447632,0.2321126908063888,,,,,
V1-D,2879,56,0.5433655381202698,0.3230053186416626,2.2036025524139404,0.2203602492809295,,,,,
V1-D,2889,56,0.5282053351402283,0.3195769786834717,2.0862836837768555,0.2086283564567566,,,,,
V1-D,2899,56,0.5589756965637207,0.3880897164344787,1.7088598012924194,0.1708859950304031,,,,,
V1-D,2907,56,,,,,0.5527100563049316,0.3349926173686981,2.1771748065948486,0.2177174687385559,
V1-D,2909,57,0.556349515914917,0.3218053579330444,2.345442056655884,0.2345442026853561,,,,,
V1-D,2919,57,0.5659433007240295,0.3168526291847229,2.490906238555908,0.249090626835823,,,,,
V1-D,2929,57,0.6119175553321838,0.3342014849185943,2.777160406112671,0.2777160704135895,,,,,
V1-D,2939,57,0.6048121452331543,0.3971868753433227,2.0762531757354736,0.2076253294944763,,,,,
V1-D,2949,57,0.5440032482147217,0.3426557779312134,2.013474941253662,0.2013475000858307,,,,,
V1-D,2958,57,,,,,0.5687097311019897,0.3390535414218902,2.296561479568481,0.2296561747789383,
V1-D,2959,58,0.5473869442939758,0.291829764842987,2.555572509765625,0.2555572390556335,,,,,
V1-D,2969,58,0.5722145438194275,0.342030256986618,2.301841974258423,0.2301842272281646,,,,,
V1-D,2979,58,0.5773824453353882,0.3381519317626953,2.392305612564087,0.2392305731773376,,,,,
V1-D,2989,58,0.5284357070922852,0.3431513011455536,1.852843999862671,0.1852844059467315,,,,,
V1-D,2999,58,0.6131342053413391,0.3510971963405609,2.620370388031006,0.2620370388031006,,,,,
V1-D,2999,58,,,,,,,,,0.3384614586830139
V1-D,3009,58,0.5520097017288208,0.3387219607830047,2.132877349853516,0.2132877260446548,,,,,
V1-D,3009,58,,,,,0.5609822273254395,0.3360131978988647,2.249689817428589,0.2249689996242523,
V1-D,3019,59,0.6213734745979309,0.3558378219604492,2.6553571224212646,0.2655357122421264,,,,,
V1-D,3029,59,0.5476253628730774,0.3073415160179138,2.402838468551636,0.2402838468551635,,,,,
V1-D,3039,59,0.5651324987411499,0.3359944224357605,2.2913806438446045,0.2291380614042282,,,,,
V1-D,3049,59,0.6189119815826416,0.3586190342903137,2.6029295921325684,0.2602929472923279,,,,,
V1-D,3059,59,0.5544756650924683,0.3400760293006897,2.143996238708496,0.2143996059894561,,,,,
V1-D,3060,59,,,,,0.5502786636352539,0.3314104974269867,2.1886823177337646,0.2188682109117508,
V1-D,3069,60,0.5063425898551941,0.3227375149726867,1.8360508680343628,0.1836050748825073,,,,,
V1-D,3079,60,0.4956472218036651,0.2890439033508301,2.066032886505127,0.2066032886505127,,,,,
V1-D,3089,60,0.6853755116462708,0.4060394167900085,2.7933614253997803,0.279336154460907,,,,,
V1-D,3099,60,0.4946174919605255,0.2759995460510254,2.1861791610717773,0.2186179310083389,,,,,
V1-D,3109,60,0.5795537233352661,0.3454002737998962,2.3415346145629883,0.234153464436531,,,,,
V1-D,3111,60,,,,,0.5718663334846497,0.3483878970146179,2.2347841262817383,0.2234784364700317,
V1-D,3119,61,0.5131900310516357,0.3308221399784088,1.823678731918335,0.1823678761720657,,,,,
V1-D,3129,61,0.5940502882003784,0.3578652739524841,2.361849784851074,0.2361849844455719,,,,,
V1-D,3139,61,0.6192463636398315,0.4017380177974701,2.1750829219818115,0.2175083011388778,,,,,
V1-D,3149,61,0.5959566831588745,0.3517842590808868,2.441724300384521,0.2441724687814712,,,,,
V1-D,3159,61,0.5775306820869446,0.3261030912399292,2.514276027679444,0.2514275908470154,,,,,
V1-D,3162,61,,,,,0.5615811347961426,0.3402363657951355,2.213447332382202,0.2213447391986847,
V1-D,3169,62,0.5506132245063782,0.3032791912555694,2.473339796066284,0.2473339736461639,,,,,
V1-D,3179,62,0.4828347265720367,0.2824706137180328,2.003641366958618,0.2003641426563263,,,,,
V1-D,3189,62,0.5951777100563049,0.3408271968364715,2.5435051918029785,0.2543505132198334,,,,,
V1-D,3199,62,0.5593401789665222,0.3281860947608948,2.3115408420562744,0.2311540991067886,,,,,
V1-D,3209,62,0.535289466381073,0.3156206607818603,2.196688175201416,0.2196687906980514,,,,,
V1-D,3213,62,,,,,0.5672174096107483,0.3397676944732666,2.2744977474212646,0.2274497747421264,
V1-D,3219,63,0.464337021112442,0.3026593327522278,1.616776704788208,0.161677673459053,,,,,
V1-D,3229,63,0.5612354278564453,0.3704065382480621,1.9082887172698972,0.1908288598060608,,,,,
V1-D,3239,63,0.536325991153717,0.3409025967121124,1.954234004020691,0.1954233944416046,,,,,
V1-D,3249,63,0.5859192609786987,0.3321132957935333,2.53805947303772,0.253805935382843,,,,,
V1-D,3249,63,,,,,,,,,0.3354886174201965
V1-D,3259,63,0.4695821404457092,0.2683311998844147,2.012509346008301,0.2012509256601333,,,,,
V1-D,3264,63,,,,,0.5504199862480164,0.3362669050693512,2.141531229019165,0.2141531407833099,
V1-D,3269,64,0.5269739031791687,0.3004805147647857,2.264934062957764,0.2264934182167053,,,,,
V1-D,3279,64,0.551072359085083,0.3376191854476928,2.1345319747924805,0.2134531885385513,,,,,
V1-D,3289,64,0.513491690158844,0.3027681410312652,2.1072354316711426,0.2107235342264175,,,,,
V1-D,3299,64,0.5866040587425232,0.351511001586914,2.35093092918396,0.2350930869579315,,,,,
V1-D,3309,64,0.5635778903961182,0.3380126059055328,2.25565242767334,0.2255652397871017,,,,,
V1-D,3315,64,,,,,0.5529294013977051,0.3337943255901336,2.1913511753082275,0.219135120511055,
V1-D,3319,65,0.5891335606575012,0.3341475129127502,2.5498602390289307,0.2549860179424286,,,,,
V1-D,3329,65,0.5084969401359558,0.2936883270740509,2.148085832595825,0.2148085981607437,,,,,
V1-D,3339,65,0.5080679059028625,0.3209297060966491,1.871381878852844,0.1871381849050521,,,,,
V1-D,3349,65,0.5319045782089233,0.2981307208538055,2.3377387523651123,0.233773872256279,,,,,
V1-D,3359,65,0.5418887138366699,0.3285275995731354,2.1336112022399902,0.2133611291646957,,,,,
V1-D,3366,65,,,,,0.5654228329658508,0.3377014994621277,2.2772133350372314,0.2277213335037231,
V1-D,3369,66,0.5463634133338928,0.3233716487884521,2.229917287826538,0.2229917496442794,,,,,
V1-D,3379,66,0.6227343082427979,0.3704048097133636,2.5232951641082764,0.2523294985294342,,,,,
V1-D,3389,66,0.5017532110214233,0.3147475719451904,1.8700569868087769,0.1870056837797165,,,,,
V1-D,3399,66,0.5556983351707458,0.2970826625823974,2.586157321929932,0.2586157321929931,,,,,
V1-D,3409,66,0.6081417798995972,0.3560992777347564,2.5204248428344727,0.2520425021648407,,,,,
V1-D,3417,66,,,,,0.5570456385612488,0.3315270841121673,2.255185604095459,0.2255185842514038,
V1-D,3419,67,0.589597225189209,0.3649183511734009,2.246788024902344,0.2246787846088409,,,,,
V1-D,3429,67,0.5501739978790283,0.3395875096321106,2.105865001678467,0.2105865031480789,,,,,
V1-D,3439,67,0.5860573053359985,0.3582759499549866,2.277812957763672,0.2277813106775283,,,,,
V1-D,3449,67,0.5888035297393799,0.3795080780982971,2.0929551124572754,0.2092955112457275,,,,,
V1-D,3459,67,0.5067184567451477,0.3015499711036682,2.051685094833374,0.2051685154438018,,,,,
V1-D,3468,67,,,,,0.5672429203987122,0.3450588583946228,2.221841335296631,0.2221841067075729,
V1-D,3469,68,0.576790988445282,0.341903418302536,2.3488752841949463,0.2348875403404235,,,,,
V1-D,3479,68,0.5118129849433899,0.3120718896389007,1.9974106550216677,0.1997410506010055,,,,,
V1-D,3489,68,0.520520806312561,0.2955620288848877,2.249588251113892,0.2249588221311569,,,,,
V1-D,3499,68,0.5203449130058289,0.299003392457962,2.2134149074554443,0.2213414907455444,,,,,
V1-D,3499,68,,,,,,,,,0.328551173210144
V1-D,3509,68,0.520614743232727,0.2937832772731781,2.268315315246582,0.2268315106630325,,,,,
V1-D,3519,68,0.529610812664032,0.3210044205188751,2.086064338684082,0.2086064517498016,,,,,
V1-D,3519,68,,,,,0.556058943271637,0.3327549993991852,2.233039617538452,0.2233039438724517,
V1-D,3529,69,0.582921028137207,0.3439641296863556,2.3895692825317383,0.238956943154335,,,,,
V1-D,3539,69,0.5056483149528503,0.3138168454170227,1.9183144569396973,0.1918314397335052,,,,,
V1-D,3549,69,0.5643113851547241,0.3312537670135498,2.3305766582489014,0.2330576628446579,,,,,
V1-D,3559,69,0.5840321779251099,0.3357407450675964,2.482914447784424,0.2482914328575134,,,,,
V1-D,3569,69,0.4934005439281463,0.3389716744422912,1.5442887544631958,0.1544288843870163,,,,,
V1-D,3570,69,,,,,0.5428375005722046,0.3302159905433655,2.1262149810791016,0.2126214951276779,
V1-D,3579,70,0.5273538827896118,0.3239532709121704,2.034006357192993,0.2034006118774414,,,,,
V1-D,3589,70,0.5495316982269287,0.3411665558815002,2.083651065826416,0.208365112543106,,,,,
V1-D,3599,70,0.5770570039749146,0.3403307199478149,2.367262840270996,0.236726313829422,,,,,
V1-D,3609,70,0.6177036762237549,0.3926366865634918,2.2506699562072754,0.2250670045614242,,,,,
V1-D,3619,70,0.5934697389602661,0.3732578158378601,2.2021193504333496,0.2202119529247284,,,,,
V1-D,3621,70,,,,,0.5635358095169067,0.336321622133255,2.272141218185425,0.2272140979766845,
V1-D,3629,71,0.5321637392044067,0.342803418636322,1.8936026096343996,0.1893602758646011,,,,,
V1-D,3639,71,0.5539035797119141,0.3598376512527466,1.9406589269638064,0.1940658837556839,,,,,
V1-D,3649,71,0.526018500328064,0.3376729488372803,1.8834562301635744,0.1883456408977508,,,,,
V1-D,3659,71,0.5854479074478149,0.3583278954029083,2.27120041847229,0.2271200269460678,,,,,
V1-D,3669,71,0.5236197113990784,0.2968648374080658,2.2675485610961914,0.2267548590898513,,,,,
V1-D,3672,71,,,,,0.5495646595954895,0.3292542994022369,2.2031030654907227,0.2203103005886078,
V1-D,3679,72,0.5244178771972656,0.3279911279678345,1.9642674922943115,0.1964267492294311,,,,,
V1-D,3689,72,0.4766494035720825,0.286519855260849,1.9012953042984009,0.1901295185089111,,,,,
V1-D,3699,72,0.547136127948761,0.3488592207431793,1.9827691316604612,0.1982769072055816,,,,,
V1-D,3709,72,0.5289442539215088,0.3469685316085815,1.819757580757141,0.1819757670164108,,,,,
V1-D,3719,72,0.4825301766395569,0.2708552777767181,2.116749763488769,0.2116749584674835,,,,,
V1-D,3723,72,,,,,0.5493022203445435,0.3352002501487732,2.141019582748413,0.2141019999980926,
V1-D,3729,73,0.5422911643981934,0.3530535995960235,1.8923760652542116,0.1892376095056533,,,,,
V1-D,3739,73,0.5563167333602905,0.3349210619926452,2.213956594467163,0.2213956713676452,,,,,
V1-D,3749,73,0.6184295415878296,0.3994343876838684,2.1899518966674805,0.2189951986074447,,,,,
V1-D,3749,73,,,,,,,,,0.3239478468894958
V1-D,3759,73,0.6191465854644775,0.4163873791694641,2.0275919437408447,0.2027591913938522,,,,,
V1-D,3769,73,0.5917304158210754,0.3781830966472626,2.1354727745056152,0.2135473191738128,,,,,
V1-D,3774,73,,,,,0.5536519885063171,0.3317655324935913,2.218865156173706,0.2218865007162094,
V1-D,3779,74,0.4918591380119324,0.2940846681594848,1.977744460105896,0.1977744549512863,,,,,
V1-D,3789,74,0.5864058136940002,0.3259743750095367,2.6043143272399902,0.2604314088821411,,,,,
V1-D,3799,74,0.5976371765136719,0.3847154676914215,2.129217624664306,0.2129217386245727,,,,,
V1-D,3809,74,0.5785760879516602,0.3201503157615661,2.5842576026916504,0.258425772190094,,,,,
V1-D,3819,74,0.4710338115692138,0.2867029309272766,1.8433088064193728,0.184330865740776,,,,,
V1-D,3825,74,,,,,0.5577639937400818,0.33539679646492,2.223672389984131,0.2223672270774841,
V1-D,3829,75,0.6183378100395203,0.3693152964115143,2.490225076675415,0.2490225136280059,,,,,
V1-D,3839,75,0.5267959833145142,0.3417998552322387,1.8499610424041748,0.1849961131811142,,,,,
V1-D,3849,75,0.6067147254943848,0.3573336005210876,2.4938113689422607,0.2493811249732971,,,,,
V1-D,3859,75,0.4882787466049194,0.3276501893997192,1.6062850952148438,0.1606285274028778,,,,,
V1-D,3869,75,0.5390599966049194,0.3225217461585998,2.165381908416748,0.2165381908416748,,,,,
V1-D,3876,75,,,,,0.5568066239356995,0.340326577425003,2.1648006439208984,0.2164800614118576,
V1-D,3879,76,0.4983494579792022,0.2959130704402923,2.0243635177612305,0.2024363428354263,,,,,
V1-D,3889,76,0.5883179903030396,0.3391900658607483,2.491279602050781,0.2491279542446136,,,,,
V1-D,3899,76,0.5663567185401917,0.3196851015090942,2.466715812683105,0.2466716021299362,,,,,
V1-D,3909,76,0.5570250153541565,0.3291090130805969,2.2791593074798584,0.2279159277677536,,,,,
V1-D,3919,76,0.4886602461338043,0.2923988401889801,1.9626142978668213,0.1962614357471466,,,,,
V1-D,3927,76,,,,,0.5476767420768738,0.3290453255176544,2.186314582824707,0.2186314761638641,
V1-D,3929,77,0.52237868309021,0.308860719203949,2.135179281234741,0.2135179340839386,,,,,
V1-D,3939,77,0.5036502480506897,0.2992231547832489,2.0442709922790527,0.204427108168602,,,,,
V1-D,3949,77,0.5553205013275146,0.3478972315788269,2.074233055114746,0.2074233144521713,,,,,
V1-D,3959,77,0.6410841941833496,0.3683781623840332,2.727060079574585,0.2727060317993164,,,,,
V1-D,3969,77,0.5331498980522156,0.2848130166530609,2.4833688735961914,0.2483368963003158,,,,,
V1-D,3978,77,,,,,0.549899697303772,0.3333344459533691,2.165652275085449,0.2165652066469192,
V1-D,3979,78,0.5492825508117676,0.3257539868354797,2.235285520553589,0.2235285490751266,,,,,
V1-D,3989,78,0.5751721858978271,0.3440397381782532,2.3113245964050293,0.2311324626207351,,,,,
V1-D,3999,78,0.4879046082496643,0.2948150634765625,1.9308947324752808,0.193089485168457,,,,,
V1-D,3999,78,,,,,,,,,0.2999155819416046
V1-D,4009,78,0.5446974635124207,0.3420224189758301,2.026749849319458,0.2026749849319458,,,,,
V1-D,4019,78,0.5744640827178955,0.2972781062126159,2.771860122680664,0.2771860361099243,,,,,
V1-D,4029,78,0.4888628423213959,0.2851179242134094,2.0374488830566406,0.203744888305664,,,,,
V1-D,4029,78,,,,,0.5411412715911865,0.3258171379566192,2.1532416343688965,0.2153241783380508,
V1-D,4039,79,0.4956050217151642,0.2963181734085083,1.992868542671204,0.199286863207817,,,,,
V1-D,4049,79,0.5773158073425293,0.356096088886261,2.2121970653533936,0.2212197035551071,,,,,
V1-D,4059,79,0.6220520734786987,0.3707763850688934,2.512756824493408,0.2512757182121277,,,,,
V1-D,4069,79,0.5335894823074341,0.3501931130886078,1.8339635133743288,0.1833963692188263,,,,,
V1-D,4079,79,0.620060920715332,0.4110805988311767,2.0898027420043945,0.2089802771806717,,,,,
V1-D,4080,79,,,,,0.55401211977005,0.3333998620510101,2.2061221599578857,0.2206122130155563,
V1-D,4089,80,0.5903783440589905,0.3365591466426849,2.538191795349121,0.2538191676139831,,,,,
V1-D,4099,80,0.5653413534164429,0.3657262325286865,1.9961508512496948,0.1996151059865951,,,,,
V1-D,4109,80,0.5373571515083313,0.3307389914989471,2.066181898117065,0.2066181898117065,,,,,
V1-D,4119,80,0.4702988266944885,0.2789017558097839,1.913970947265625,0.1913970708847046,,,,,
V1-D,4129,80,0.5074514746665955,0.2918311059474945,2.156203508377075,0.2156203538179397,,,,,
V1-D,4131,80,,,,,0.5516716241836548,0.3319212198257446,2.197503566741944,0.2197503894567489,
V1-D,4139,81,0.502075731754303,0.3304730057716369,1.7160277366638184,0.1716027557849884,,,,,
V1-D,4149,81,0.5801172852516174,0.368499606847763,2.1161768436431885,0.2116176635026931,,,,,
V1-D,4159,81,0.4632468223571777,0.2988400161266327,1.644067645072937,0.1644067615270614,,,,,
V1-D,4169,81,0.6040074825286865,0.357521653175354,2.4648585319519043,0.2464858591556549,,,,,
V1-D,4179,81,0.4520038366317749,0.3091438114643097,1.428600192070007,0.1428600251674652,,,,,
V1-D,4182,81,,,,,0.5526236891746521,0.3347410559654236,2.1788270473480225,0.2178827226161956,
V1-D,4189,82,0.4783441424369812,0.2706092894077301,2.077348470687866,0.2077348679304123,,,,,
V1-D,4199,82,0.5755282640457153,0.3743602335453033,2.011680603027344,0.2011680603027343,,,,,
V1-D,4209,82,0.5740823745727539,0.3269772231578827,2.4710516929626465,0.2471051812171936,,,,,
V1-D,4219,82,0.5042834281921387,0.2936154007911682,2.106680631637573,0.2106680423021316,,,,,
V1-D,4229,82,0.6023830771446228,0.3628801703453064,2.395028829574585,0.2395028918981552,,,,,
V1-D,4233,82,,,,,0.5514481663703918,0.3282507658004761,2.231973886489868,0.2231974303722381,
V1-D,4239,83,0.4991119503974914,0.3224527835845947,1.766591191291809,0.1766591072082519,,,,,
V1-D,4249,83,0.662204921245575,0.3912373483181,2.7096755504608154,0.270967572927475,,,,,
V1-D,4249,83,,,,,,,,,0.3657635152339935
V1-D,4259,83,0.5678888559341431,0.3508441746234894,2.1704463958740234,0.2170446664094925,,,,,
V1-D,4269,83,0.5936648845672607,0.343169242143631,2.5049564838409424,0.2504956722259521,,,,,
V1-D,4279,83,0.6253659725189209,0.3674316704273224,2.57934308052063,0.2579343318939209,,,,,
V1-D,4284,83,,,,,0.5590615272521973,0.337902158498764,2.2115938663482666,0.2211594134569168,
V1-D,4289,84,0.5570704340934753,0.3762389123439789,1.808315396308899,0.1808315515518188,,,,,
V1-D,4299,84,0.6208322048187256,0.3737235963344574,2.471085786819458,0.247108593583107,,,,,
V1-D,4309,84,0.5553960800170898,0.3634086847305298,1.919873595237732,0.1919873505830764,,,,,
V1-D,4319,84,0.4543300271034241,0.2728897929191589,1.8144022226333616,0.1814402341842651,,,,,
V1-D,4329,84,0.5641534328460693,0.3390800058841705,2.250734329223633,0.2250734269618988,,,,,
V1-D,4335,84,,,,,0.5640196204185486,0.3442386984825134,2.197809219360352,0.2197809219360351,
V1-D,4339,85,0.5171235799789429,0.3266180455684662,1.9050556421279907,0.190505564212799,,,,,
V1-D,4349,85,0.5511305928230286,0.3555487990379333,1.9558182954788208,0.1955818235874176,,,,,
V1-D,4359,85,0.5702352523803711,0.3695001304149627,2.0073516368865967,0.2007351815700531,,,,,
V1-D,4369,85,0.6351842880249023,0.3915568590164184,2.436274290084839,0.243627443909645,,,,,
V1-D,4379,85,0.5264617800712585,0.3426995873451233,1.837621569633484,0.1837621629238128,,,,,
V1-D,4386,85,,,,,0.5640825629234314,0.3417009711265564,2.2238149642944336,0.2223814725875854,
V1-D,4389,86,0.5610042214393616,0.3386722207069397,2.223320245742798,0.2223320305347442,,,,,
V1-D,4399,86,0.591357409954071,0.3327063918113708,2.5865108966827397,0.2586511075496673,,,,,
V1-D,4409,86,0.522058367729187,0.3136335015296936,2.084248781204224,0.2084248811006546,,,,,
V1-D,4419,86,0.5657362937927246,0.3545017540454864,2.112345695495605,0.2112345695495605,,,,,
V1-D,4429,86,0.5960336327552795,0.3743658661842346,2.216677665710449,0.2216677516698837,,,,,
V1-D,4437,86,,,,,0.561545193195343,0.3333225548267364,2.282226085662842,0.2282225787639618,
V1-D,4439,87,0.5782128572463989,0.3540546894073486,2.241581439971924,0.2241581678390503,,,,,
V1-D,4449,87,0.563213586807251,0.3496360182762146,2.135775566101074,0.2135775536298751,,,,,
V1-D,4459,87,0.5777547955513,0.3754630386829376,2.0229172706604004,0.2022917121648788,,,,,
V1-D,4469,87,0.6103286743164062,0.3853633105754852,2.2496533393859863,0.2249653488397598,,,,,
V1-D,4479,87,0.4664975106716156,0.2874146103858948,1.7908289432525637,0.179082915186882,,,,,
V1-D,4488,87,,,,,0.5539862513542175,0.3349021375179291,2.1908414363861084,0.2190841436386108,
V1-D,4489,88,0.5477159023284912,0.3647465407848358,1.8296931982040403,0.1829693168401718,,,,,
V1-D,4499,88,0.5686730742454529,0.3674156963825226,2.0125732421875,0.2012573331594467,,,,,
V1-D,4499,88,,,,,,,,,0.3339909315109253
V1-D,4509,88,0.5389555096626282,0.309796005487442,2.291594982147217,0.2291595339775085,,,,,
V1-D,4519,88,0.523235023021698,0.3315040469169616,1.917310118675232,0.1917310208082199,,,,,
V1-D,4529,88,0.5377926230430603,0.3240403831005096,2.137521982192993,0.2137521803379058,,,,,
V1-D,4539,88,0.5926957130432129,0.3221821188926697,2.7051355838775635,0.2705135941505432,,,,,
V1-D,4539,88,,,,,0.5681544542312622,0.3439219892024994,2.242324113845825,0.2242324501276016,
V1-D,4549,89,0.4925960004329681,0.3138159513473511,1.787800431251526,0.1787800639867782,,,,,
V1-D,4559,89,0.5139835476875305,0.2913160026073456,2.226675033569336,0.2226675301790237,,,,,
V1-D,4569,89,0.5077185034751892,0.3361952900886535,1.715232253074646,0.1715232133865356,,,,,
V1-D,4579,89,0.5416157245635986,0.3249174356460571,2.166981935501098,0.2166982293128967,,,,,
V1-D,4589,89,0.6286422610282898,0.3756932318210602,2.5294904708862305,0.2529490292072296,,,,,
V1-D,4590,89,,,,,0.5525041222572327,0.3347159028053283,2.177881956100464,0.2177881896495819,
V1-D,4599,90,0.5330266356468201,0.3403640985488891,1.926624774932861,0.1926624923944473,,,,,
V1-D,4609,90,0.5327923893928528,0.2875210642814636,2.452713251113892,0.2452713549137115,,,,,
V1-D,4619,90,0.4851898550987243,0.3061032295227051,1.7908662557601929,0.1790866106748581,,,,,
V1-D,4629,90,0.4962320029735565,0.3187834620475769,1.77448570728302,0.177448570728302,,,,,
V1-D,4639,90,0.5496230125427246,0.3000656962394714,2.495573043823242,0.2495573014020919,,,,,
V1-D,4641,90,,,,,0.5537874102592468,0.3267409801483154,2.2704639434814453,0.2270463854074478,
V1-D,4649,91,0.6023620367050171,0.3962111473083496,2.061509609222412,0.2061509490013122,,,,,
V1-D,4659,91,0.6318942904472351,0.3683122992515564,2.635819673538208,0.2635819911956787,,,,,
V1-D,4669,91,0.5474517941474915,0.292009025812149,2.554427146911621,0.25544273853302,,,,,
V1-D,4679,91,0.5651813745498657,0.3572181463241577,2.079632520675659,0.207963228225708,,,,,
V1-D,4689,91,0.5827281475067139,0.3326034843921661,2.501246452331543,0.2501246929168701,,,,,
V1-D,4692,91,,,,,0.5573659539222717,0.3382011353969574,2.191648006439209,0.2191647887229919,
V1-D,4699,92,0.5476750731468201,0.3178942203521728,2.2978079319000244,0.2297807782888412,,,,,
V1-D,4709,92,0.6084225177764893,0.397083580493927,2.113389253616333,0.211338922381401,,,,,
V1-D,4719,92,0.5619663596153259,0.3006972074508667,2.6126914024353027,0.2612691521644592,,,,,
V1-D,4729,92,0.5605146288871765,0.381580114364624,1.7893447875976562,0.1789344698190689,,,,,
V1-D,4739,92,0.5758782625198364,0.3113258779048919,2.6455237865448,0.2645523846149444,,,,,
V1-D,4743,92,,,,,0.5582642555236816,0.3334774971008301,2.24786639213562,0.224786639213562,
V1-D,4749,93,0.5286992192268372,0.3329697549343109,1.9572947025299072,0.1957294791936874,,,,,
V1-D,4749,93,,,,,,,,,0.3228543400764465
V1-D,4759,93,0.5398488640785217,0.331244945526123,2.0860395431518555,0.208603948354721,,,,,
V1-D,4769,93,0.5062239766120911,0.3175913095474243,1.886326551437378,0.1886326670646667,,,,,
V1-D,4779,93,0.4858535230159759,0.2849400341510772,2.0091350078582764,0.2009135037660598,,,,,
V1-D,4789,93,0.5606313943862915,0.3338170647621155,2.268143653869629,0.2268143743276596,,,,,
V1-D,4794,93,,,,,0.5594447255134583,0.3381247818470001,2.2131998538970947,0.2213199883699417,
V1-D,4799,94,0.5723637342453003,0.3550732731819153,2.172904253005981,0.2172904312610626,,,,,
V1-D,4809,94,0.5178186893463135,0.2803497016429901,2.3746888637542725,0.2374689280986786,,,,,
V1-D,4819,94,0.5596264004707336,0.3368594050407409,2.227670431137085,0.2227670550346374,,,,,
V1-D,4829,94,0.5709871053695679,0.3192996680736542,2.516874313354492,0.2516874372959137,,,,,
V1-D,4839,94,0.592064380645752,0.3612564206123352,2.3080787658691406,0.2308079004287719,,,,,
V1-D,4845,94,,,,,0.5564255118370056,0.3351975381374359,2.212280035018921,0.2212280184030532,
V1-D,4849,95,0.5524508953094482,0.359024703502655,1.9342620372772217,0.1934262216091156,,,,,
V1-D,4859,95,0.557089626789093,0.3184221982955932,2.386674404144287,0.2386674582958221,,,,,
V1-D,4869,95,0.572638750076294,0.3362492620944977,2.36389422416687,0.2363894432783126,,,,,
V1-D,4879,95,0.5529410243034363,0.3576672375202179,1.9527380466461184,0.1952738165855407,,,,,
V1-D,4889,95,0.4606043994426727,0.2670016288757324,1.9360275268554688,0.1936027556657791,,,,,
V1-D,4896,95,,,,,0.5503639578819275,0.330910176038742,2.19453763961792,0.219453752040863,
V1-D,4899,96,0.5062212347984314,0.297048419713974,2.091728448867798,0.2091728448867797,,,,,
V1-D,4909,96,0.5726462006568909,0.3403372168540954,2.323089838027954,0.2323089987039566,,,,,
V1-D,4919,96,0.5549687147140503,0.3634110987186432,1.915576457977295,0.1915576457977295,,,,,
V1-D,4929,96,0.5032456517219543,0.2907294631004333,2.125161647796631,0.2125161588191986,,,,,
V1-D,4939,96,0.5958437919616699,0.3544318377971649,2.4141197204589844,0.2414119839668274,,,,,
V1-D,4947,96,,,,,0.5516560077667236,0.3350173830986023,2.166386365890503,0.2166386246681213,
V1-D,4949,97,0.533765435218811,0.3297521471977234,2.040133237838745,0.2040133327245712,,,,,
V1-D,4959,97,0.5914759039878845,0.3716952204704284,2.197807550430298,0.2197807431221008,,,,,
V1-D,4969,97,0.4840994477272033,0.2766205668449402,2.074789047241211,0.2074789106845855,,,,,
V1-D,4979,97,0.52571702003479,0.3214776515960693,2.042393445968628,0.2042393237352371,,,,,
V1-D,4989,97,0.4466668367385864,0.2673285603523254,1.7933826446533203,0.179338276386261,,,,,
V1-D,4998,97,,,,,0.5424031019210815,0.326257973909378,2.16145133972168,0.2161451578140258,
V1-D,4999,98,0.597780704498291,0.3198112845420837,2.779693841934204,0.2779693901538849,,,,,
V1-D,4999,98,,,,,,,,,0.3262399137020111
V1-D,4999,98,,,,,0.597780704498291,0.3198112845420837,2.779693841934204,0.2779693901538849,
